Symbol,Name,Last Sale,Net Change,% Change,Market Cap,Country,IPO Year,Volume,Sector,Industry
AACG,ATA Creativity Global American Depositary Shares,$0.9105,-0.0195,-2.097%,62336490.00,China,2008,6161,Real Estate,Other Consumer Services
AACI,Armada Acquisition Corp. III Class A Ordinary Share,$10.0499,0.0099,0.099%,0.00,United States,2026,554,Finance,Blank Checks
AACIW,Armada Acquisition Corp. III Warrant,$0.25,0.0397,18.878%,0.00,United States,2026,3181,Finance,Blank Checks
AACO,Abony Acquisition Corp. I Class A Ordinary Share,$9.97,0.00,0.00%,0.00,United States,2026,6,,
AACOU,Abony Acquisition Corp. I Units,$10.07,-0.18,-1.756%,0.00,United States,2026,109,,
AACOW,Abony Acquisition Corp. I Warrants,$0.42,0.05,13.514%,0.00,United States,2026,30200,,
AACP,Apogee Acquisition Corp Class A Ordinary Shares,$10.07,0.00,0.00%,0.00,United States,2026,106,Finance,Blank Checks
AACPR,Apogee Acquisition Corp Rights,$0.1881,0.00,0.00%,0.00,United States,2026,54,Finance,Blank Checks
AACPU,Apogee Acquisition Corp Units,$10.30,-0.42,-3.918%,0.00,United States,2026,691,Finance,Blank Checks
AACPW,Apogee Acquisition Corp Warrant,$0.1075,0.00,0.00%,0.00,United States,2026,30,Finance,Blank Checks
AAL,American Airlines Group Inc. Common Stock,$12.95,-0.48,-3.574%,8572510865.00,United States,,63258690,Consumer Discretionary,Air Freight/Delivery Services
AAME,Atlantic American Corporation Common Stock,$1.355,-0.035,-2.518%,27638244.00,United States,,141474,Finance,Life Insurance
AAOI,Applied Optoelectronics Inc. Common Stock,$103.39,-4.30,-3.993%,8778461220.00,United States,2013,4864679,Technology,Semiconductors
AAON,AAON Inc. Common Stock,$75.35,-0.62,-0.816%,6212881699.00,United States,,769910,Industrials,Industrial Machinery/Components
AAPG,Ascentage Pharma Group International American Depository Shares,$16.23,-0.87,-5.088%,1514754794.00,China,2025,7081,Health Care,Biotechnology: Pharmaceutical Preparations
AAPL,Apple Inc. Common Stock,$325.13,8.28,2.613%,4745005743400.00,United States,1980,53118376,Technology,Computer Manufacturing
AARD,Aardvark Therapeutics Inc. Common Stock,$5.92,-0.18,-2.951%,129558288.00,United States,2025,85020,Health Care,Biotechnology: Pharmaceutical Preparations
ABAT,American Battery Technology Company Common Stock,$2.59,-0.11,-4.074%,353313319.00,United States,,4075816,Industrials,Mining & Quarrying of Nonmetallic Minerals (No Fuels)
ABCL,AbCellera Biologics Inc. Common Shares,$11.28,-0.20,-1.742%,3323827201.00,Canada,2020,4247374,Health Care,Biotechnology: Pharmaceutical Preparations
ABEO,Abeona Therapeutics Inc. Common Stock,$5.98,0.13,2.222%,341960422.00,United States,,683832,Health Care,Biotechnology: Pharmaceutical Preparations
ABLV,Able View Global Inc. Class B Ordinary Shares,$1.04,-0.03,-2.804%,51365519.00,China,,4823,Consumer Discretionary,Other Consumer Services
ABLVW,Able View Global Inc. Warrant,$0.0153,0.0003,2.00%,755666.00,China,,750,Consumer Discretionary,Other Consumer Services
ABNB,Airbnb Inc. Class A Common Stock,$182.545,-0.675,-0.368%,109305332321.00,United States,2020,4305871,Consumer Discretionary,Diversified Commercial Services
ABOS,Acumen Pharmaceuticals Inc. Common Stock,$2.92,0.07,2.456%,211166472.00,United States,2021,188858,Health Care,Biotechnology: Biological Products (No Diagnostic Substances)
ABSI,Absci Corporation Common Stock,$8.84,-0.20,-2.212%,1517067848.00,United States,2021,3235704,Health Care,Biotechnology: Commercial Physical & Biological Resarch
ABTC,American Bitcoin Corp. Class A Common Stock,$7.71,-0.36,-4.461%,561439987.00,United States,2018,988753,Finance,Finance: Consumer Services
ABTS,Abits Group Inc Ordinary Shares,$1.49,0.00,0.00%,4789523.00,China,,32554,Finance,Finance: Consumer Services
ABUS,Arbutus Biopharma Corporation Common Stock,$5.09,0.01,0.197%,1007045480.00,Canada,,2609686,Health Care,Biotechnology: Pharmaceutical Preparations
ABVC,ABVC BioPharma Inc. Common Stock,$0.8254,-0.0321,-3.743%,22000513.00,United States,,47239,Health Care,Biotechnology: Pharmaceutical Preparations
ABVX,Abivax SA American Depositary Shares,$113.67,1.94,1.736%,9786365793.00,France,2023,991302,Health Care,Biotechnology: Pharmaceutical Preparations
ACAA,Averin Capital Acquisition Corp. Class A Ordinary Shares,$9.97,0.00,0.00%,0.00,United States,2026,13,Finance,Blank Checks
ACAAW,Averin Capital Acquisition Corp. Warrants,$0.6119,-0.0631,-9.348%,0.00,United States,2026,300,Finance,Blank Checks
ACAD,ACADIA Pharmaceuticals Inc. Common Stock,$28.89,-0.02,-0.069%,4977906415.00,United States,1985,830962,Health Care,Biotechnology: Pharmaceutical Preparations
ACB,Aurora Cannabis Inc. Common Shares,$4.05,0.00,0.00%,250925542.00,Canada,,881125,Health Care, Medicinal Chemicals and Botanical Products 
ACCL,Acco Group Holdings Limited Class A Ordinary Shares,$2.96,0.03,1.024%,41144000.00,Hong Kong,2025,3125,Consumer Discretionary,Professional Services
ACDC,ProFrac Holding Corp. Class A Common Stock,$4.99,-0.11,-2.157%,908792582.00,United States,2022,1279889,Energy,Oilfield Services/Equipment
ACET,Adicet Bio Inc. Common Stock,$9.26,0.56,6.437%,86687397.00,United States,2018,134101,Health Care,Biotechnology: Pharmaceutical Preparations
ACFN,Acorn Energy Inc. Common Stock,$19.17,0.03,0.157%,48109377.00,United States,,110289,Consumer Discretionary,Military/Government/Technical
ACGC,ACP Holdings Acquisition Corp. Class A Ordinary Shares,$10.0046,0.00,0.00%,0.00,United States,2026,6,Finance,Blank Checks
ACGCW,ACP Holdings Acquisition Corp. Warrants,$0.31,0.00,0.00%,0.00,United States,2026,4,Finance,Blank Checks
ACGL,Arch Capital Group Ltd. Common Stock,$98.61,0.54,0.551%,33648604115.00,Bermuda,,1914510,Finance,Property-Casualty Insurers
ACGLN,Arch Capital Group Ltd. Depositary Shares each Representing a 1/1000th Interest in a 4.550% Non-Cumulative Preferred Share Series G,$15.69,-0.12,-0.759%,5353884987.00,Bermuda,,70938,Finance,Property-Casualty Insurers
ACGLO,Arch Capital Group Ltd. Depositary Shares Each Representing 1/1000th Interest in a Share of 5.45% Non-Cumulative Preferred Shares Series F,$18.90,-0.05,-0.264%,6449230481.00,Bermuda,,36404,Finance,Property-Casualty Insurers
ACHC,Acadia Healthcare Company Inc. Common Stock,$28.25,0.69,2.504%,2630082769.00,United States,,1451074,Health Care,Medical Specialities
ACHV,Achieve Life Sciences Inc. Common Shares,$8.25,0.31,3.904%,848945543.00,United States,,1652213,Health Care,Biotechnology: In Vitro & In Vivo Diagnostic Substances
ACIC,American Coastal Insurance Corporation Common Stock,$9.36,-0.11,-1.162%,442464310.00,United States,,329490,Finance,Property-Casualty Insurers
ACIU,AC Immune SA Common Stock,$2.68,0.04,1.515%,272753176.00,Switzerland,2016,103441,Health Care,Biotechnology: Pharmaceutical Preparations
ACIW,ACI Worldwide Inc. Common Stock,$51.23,-2.05,-3.848%,5171936996.00,United States,,823438,Technology,Computer Software: Prepackaged Software
ACLS,Axcelis Technologies Inc. Common Stock,$110.09,-5.24,-4.543%,3399743124.00,United States,2000,301533,Technology,Industrial Machinery/Components
ACMR,ACM Research Inc. Class A Common Stock,$70.04,-2.78,-3.818%,4878229688.00,United States,2017,1672048,Technology,Industrial Machinery/Components
ACNB,ACNB Corporation Common Stock,$63.98,-0.59,-0.914%,650672121.00,United States,,94576,Finance,Major Banks
ACNT,Ascent Industries Co. Common Stock,$15.10,-0.07,-0.461%,136042740.00,United States,,24262,Industrials,Major Chemicals
ACOG,Alpha Cognition Inc. Common Stock,$9.17,-0.10,-1.079%,199668534.00,Canada,,171316,,
ACON,Aclarion Inc. Common Stock,$2.33,-0.02,-0.851%,6715924.00,United States,2022,40443,Health Care,Medical Specialities
ACONW,Aclarion Inc. Warrant,$0.0308,0.0054,21.26%,88777.00,United States,2022,7944,Health Care,Medical Specialities
ACRS,Aclaris Therapeutics Inc. Common Stock,$6.02,-0.03,-0.496%,886137336.00,United States,2015,1487133,Health Care,Biotechnology: Pharmaceutical Preparations
ACRV,Acrivon Therapeutics Inc. Common Stock,$2.07,-0.02,-0.957%,88706459.00,United States,2022,356525,Health Care,Biotechnology: Pharmaceutical Preparations
ACT,Enact Holdings Inc. Common Stock,$48.43,0.23,0.477%,6658334187.00,United States,2021,262290,Finance,Specialty Insurers
ACTG,Acacia Research Corporation (Acacia Tech) Common Stock,$4.52,0.08,1.802%,441092359.00,United States,,247117,Miscellaneous,Multi-Sector Companies
ACTU,Actuate Therapeutics Inc. Common stock,$1.54,0.02,1.316%,36981871.00,United States,2024,129583,Health Care,Biotechnology: Pharmaceutical Preparations
ACXP,Acurx Pharmaceuticals Inc. Common Stock,$1.40,-0.05,-3.448%,7377889.00,United States,2021,109682,Health Care,Biotechnology: Pharmaceutical Preparations
ADAC,American Drive Acquisition Company Class A Ordinary Shares,$10.09,0.00,0.00%,0.00,United States,2026,115,,
ADACU,American Drive Acquisition Company Units,$10.23,0.00,0.00%,0.00,United States,2025,1,Finance,Blank Checks
ADACW,American Drive Acquisition Company Warrant,$0.40,-0.01,-2.439%,0.00,United States,2026,1000,,
ADAG,Adagene Inc. American Depositary Shares,$3.64,0.13,3.704%,240427802.00,China,2021,120558,Health Care,Biotechnology: Pharmaceutical Preparations
ADAM,Adamas Trust Inc. Common Stock,$9.61,-0.13,-1.335%,863744743.00,United States,,536414,Real Estate,Real Estate Investment Trusts
ADAMG,Adamas Trust Inc. 9.125% Senior Notes Due 2030,$25.27,0.0201,0.08%,0.00,United States,,4461,Real Estate,Real Estate Investment Trusts
ADAMH,Adamas Trust Inc. 9.875% Senior Notes Due 2030,$25.55,0.06,0.235%,0.00,United States,,29693,Real Estate,Real Estate Investment Trusts
ADAMI,Adamas Trust Inc. 9.125% Senior Notes Due 2029,$25.35,0.00,0.00%,2296189032.00,United States,,1725,Real Estate,Real Estate Investment Trusts
ADAMK,Adamas Trust Inc. 9.600% Senior Notes Due 2031 ,$25.16,0.02,0.08%,0.00,United States,,12806,Real Estate,Real Estate Investment Trusts
ADAML,Adamas Trust Inc. 6.875% Series F Fixed-to-Floating Rate Cumulative Redeemable Preferred Stock $0.01 par value per share,$24.90,-0.03,-0.12%,2238006671.00,United States,,26661,Real Estate,Real Estate Investment Trusts
ADAMM,Adamas Trust Inc. 7.875% Series E Fixed-to-Floating Rate Cumulative Redeemable Preferred Stock,$25.67,-0.01,-0.039%,2307214107.00,United States,,6633,Real Estate,Real Estate Investment Trusts
ADAMN,Adamas Trust Inc. 8.00% Series D Fixed-to-Floating Rate Cumulative Redeemable Preferred Stock,$25.015,0.085,0.341%,2248342847.00,United States,,3207,Real Estate,Real Estate Investment Trusts
ADAMO,Adamas Trust Inc. 9.250% Senior Notes Due 2031,$25.2351,0.0401,0.159%,0.00,United States,,11103,Real Estate,Real Estate Investment Trusts
ADAMZ,Adamas Trust Inc. 7.000% Series G Cumulative Redeemable Preferred Stock $0.01 par value per share,$18.00,-0.04,-0.222%,1617836148.00,United States,,12855,Real Estate,Real Estate Investment Trusts
ADBE,Adobe Inc. Common Stock,$286.08,-6.71,-2.292%,113716800000.00,United States,1986,4449323,Technology,Computer Software: Prepackaged Software
ADBT,Advasa Holdings Inc. Common Stock,$3.68,-0.86,-18.943%,1792401783.00,Japan,,169722,Technology,Computer Software: Prepackaged Software
ADEA,Adeia Inc. Common Stock,$24.37,-0.86,-3.409%,2687527256.00,United States,2003,812374,Telecommunications,Cable & Other Pay Television Services
ADGM,Adagio Medical Holdings Inc Common Stock,$0.5124,-0.016,-3.028%,11380639.00,United States,,91364,Health Care,Medical/Dental Instruments
ADI,Analog Devices Inc. Common Stock,$354.52,-6.52,-1.806%,171788148652.00,United States,,3571556,Technology,Semiconductors
ADIL,Adial Pharmaceuticals Inc Common Stock,$5.95,0.20,3.478%,15624046.00,United States,2018,44406,Health Care,Biotechnology: Pharmaceutical Preparations
ADMA,ADMA Biologics Inc Common Stock,$9.33,-0.06,-0.639%,2089777064.00,United States,,1756208,Health Care,Biotechnology: Biological Products (No Diagnostic Substances)
ADP,Automatic Data Processing Inc. Common Stock,$283.49,-2.67,-0.933%,112620013312.00,United States,,1781961,Technology,EDP Services
ADPT,Adaptive Biotechnologies Corporation Common Stock,$24.34,-0.58,-2.327%,3884562794.00,United States,2019,1620067,Health Care,Biotechnology: Biological Products (No Diagnostic Substances)
ADSE,ADS-TEC ENERGY PLC Ordinary Shares,$11.60,-0.14,-1.193%,871504868.00,Ireland,,8324,Consumer Discretionary,Industrial Specialties
ADSEW,ADS-TEC ENERGY PLC Warrant,$0.5335,0.1812,51.433%,40081711.00,Ireland,,54041,Consumer Discretionary,Industrial Specialties
ADSK,Autodesk Inc. Common Stock,$247.69,-10.84,-4.193%,51767210000.00,United States,,1814266,Technology,Computer Software: Prepackaged Software
ADTN,ADTRAN Holdings Inc. Common Stock,$7.47,-0.28,-3.613%,608666110.00,United States,1994,1477344,Utilities,Telecommunications Equipment
ADUR,Aduro Clean Technologies Inc. Common Stock,$13.34,-0.48,-3.473%,471078475.00,Canada,,860994,Industrials,Major Chemicals
ADUS,Addus HomeCare Corporation Common Stock,$114.55,-0.12,-0.105%,2139141065.00,United States,2009,208118,Health Care,Medical/Nursing Services
ADV,Advantage Solutions Inc. Class A Common Stock,$32.63,-0.34,-1.031%,418389365.00,United States,2019,39182,Consumer Discretionary,Business Services
ADVB,Advanced Biomed Inc. Common Stock,$10.44,0.99,10.476%,17248269.00,Taiwan,2025,369547,Health Care,Medical Specialities
ADXN,Addex Therapeutics Ltd American Depositary Shares,$3.65,-0.27,-6.888%,6218552.00,Switzerland,,22737,Health Care,Biotechnology: Pharmaceutical Preparations
AEAQ,Activate Energy Acquisition Corp. Class A Ordinary Share,$10.10,0.00,0.00%,0.00,Cayman Islands,2026,39,,
AEAQU,Activate Energy Acquisition Corp. Unit,$10.19,-0.07,-0.682%,0.00,Cayman Islands,2025,109,,
AEAQW,Activate Energy Acquisition Corp. Warrant,$0.2896,-0.0304,-9.50%,0.00,Cayman Islands,2026,48799,,
AEBI,Aebi Schmidt Holding AG Common Stock ,$12.05,-0.60,-4.743%,935072577.00,Switzerland,,417509,Industrials,Auto Manufacturing
AEC,Anfield Energy Inc. Common Shares,$4.1904,-0.2296,-5.195%,83598379.00,Canada,,18076,Basic Materials,Metal Mining
AEHL,Antelope Enterprise Holdings Limited Class A Ordinary Shares,$5.00,-1.49,-22.958%,7344575.00,China,,750187,Consumer Discretionary,Telecommunications Equipment
AEHR,Aehr Test Systems Common Stock,$76.59,-2.68,-3.381%,2498400266.00,United States,1997,1953212,Industrials,Electrical Products
AEI,Alset Inc. Common Stock (TX),$1.40,-0.02,-1.408%,54454162.00,United States,2020,12070,Finance,Real Estate
AEIS,Advanced Energy Industries Inc. Common Stock,$267.00,-9.86,-3.561%,10693468014.00,United States,1995,423836,Technology,Industrial Machinery/Components
AEMD,Aethlon Medical Inc. Common Stock,$1.84,-0.22,-10.68%,1308490.00,United States,,288935,Health Care,Medical/Dental Instruments
AENT,Alliance Entertainment Holding Corporation Class A Common Stock,$5.0255,0.1255,2.561%,256198131.00,United States,,29136,Consumer Discretionary,Durable Goods
AENTW,Alliance Entertainment Holding Corporation Warrant,$0.33,-0.0325,-8.966%,16823278.00,United States,,10500,Consumer Discretionary,Durable Goods
AEP,American Electric Power Company Inc. Common Stock,$122.96,0.53,0.433%,66939098402.00,United States,,2981326,Utilities,Electric Utilities: Central
AERT,Aeries Technology Inc. Class A Ordinary Share,$7.28,0.16,2.247%,38204363.00,United States,2021,27791,Consumer Discretionary,Professional Services
AERTW,Aeries Technology Inc. Warrant,$0.0198,0.00,0.00%,103907.00,United States,2021,4,Consumer Discretionary,Professional Services
AESP,Aeon Acquisition I Corp. Class A Ordinary Shares,$9.971,-0.009,-0.09%,0.00,United States,2026,1499,Finance,Blank Checks
AESPU,Aeon Acquisition I Corp. Units,$10.19,-0.0399,-0.39%,0.00,United States,2026,939,,
AESPW,Aeon Acquisition I Corp. Warrants,$0.06,0.00,0.00%,0.00,United States,2026,7,Finance,Blank Checks
AEVA,Aeva Technologies Inc. Common Stock,$14.78,-0.88,-5.619%,1030251103.00,United States,,2071478,Consumer Discretionary,Auto Parts:O.E.M.
AEYE,AudioEye Inc. Common Stock,$7.01,-0.36,-4.885%,88113415.00,United States,,110910,Technology,Computer Software: Prepackaged Software
AFCG,Advanced Flower Capital Inc. Common Stock,$3.49,-0.11,-3.056%,79124997.00,United States,2021,60067,Finance,Real Estate
AFJK,Aimei Health Technology Co. Ltd Ordinary Share,$12.01,0.00,0.00%,0.00,United States,2024,2964,,
AFJKR,Aimei Health Technology Co. Ltd Right,$0.1001,0.00,0.00%,0.00,United States,2024,8,,
AFJKU,Aimei Health Technology Co. Ltd Unit,$11.81,0.00,0.00%,0.00,United States,2023,5,,
AFRI,Forafric Global PLC Ordinary Shares,$11.30,0.41,3.765%,304691110.00,Gibraltar,,37401,Consumer Staples,Packaged Foods
AFRIW,Forafric Global PLC Warrants,$1.18,0.13,12.381%,31817302.00,Gibraltar,,17668,Consumer Staples,Packaged Foods
AFRM,Affirm Holdings Inc. Class A Common Stock,$69.94,-4.51,-6.058%,23599242645.00,United States,2021,7922810,Finance,Finance: Consumer Services
AFYA,Afya Limited Class A Common Shares,$14.58,-0.02,-0.137%,1366478876.00,Brazil,2019,90600,Real Estate,Other Consumer Services
AGCC,Agencia Comercial Spirits Ltd Class A Ordinary Shares,$14.515,-0.145,-0.989%,541213548.00,Taiwan,2025,4129,Consumer Staples,Beverages (Production/Distribution)
AGEN,Agenus Inc. Common Stock,$7.99,0.38,4.993%,359713052.00,United States,2000,676376,Health Care,Biotechnology: Biological Products (No Diagnostic Substances)
AGIO,Agios Pharmaceuticals Inc. Common Stock,$34.21,0.53,1.574%,2042401383.00,United States,2013,926807,Health Care,Biotechnology: Pharmaceutical Preparations
AGMB,AgomAb Therapeutics NV American Depositary Shares,$13.54,0.37,2.809%,666817582.00,Belgium,2026,241319,Health Care,Biotechnology: Biological Products (No Diagnostic Substances)
AGMH,AGM Group Holdings Inc. Class A Ordinary Shares,$0.90,-0.0252,-2.724%,4316738.00,Hong Kong,2018,36198,Technology,EDP Services
AGNC,AGNC Investment Corp. Common Stock,$10.60,-0.13,-1.212%,12566103338.00,United States,2008,16128648,Real Estate,Real Estate Investment Trusts
AGNCL,AGNC Investment Corp. Depositary Shares Each Representing a 1/1000th Interest in a Share of 7.75% Series G Fixed-Rate Reset Cumulative Redeemable Preferred Stock,$25.2678,-0.2022,-0.794%,29954508107.00,United States,,9194,Real Estate,Real Estate Investment Trusts
AGNCM,AGNC Investment Corp. Depositary Shares rep 6.875% Series D Fixed-to-Floating Cumulative Redeemable Preferred Stock,$25.19,-0.01,-0.04%,29862277650.00,United States,,10763,Real Estate,Real Estate Investment Trusts
AGNCN,AGNC Investment Corp. Depositary Shares Each Representing a 1/1000th Interest in a Share of 7.00% Series C Fixed-To-Floating Rate Cumulative Redeemable Preferred Stock,$25.90,0.035,0.135%,30703969477.00,United States,,13283,Real Estate,Real Estate Investment Trusts
AGNCO,AGNC Investment Corp. Depositary Shares each representing a 1/1000th interest in a share of 6.50% Series E Fixed-to-Floating Cumulative Redeemable Preferred Stock,$25.66,-0.06,-0.233%,30419453930.00,United States,,11721,Real Estate,Real Estate Investment Trusts
AGNCP,AGNC Investment Corp. Depositary Shares Each Representing a 1/1000th Interest in a Share of 6.125% Series F Fixed-to-Floating Rate Cumulative Redeemable Preferred Stock,$25.48,0.04,0.157%,30206067270.00,United States,,38631,Real Estate,Real Estate Investment Trusts
AGNCZ,AGNC Investment Corp. Depositary Shares Each Representing a 1/1000th Interest in a Share of 8.75% Series H Fixed-Rate Cumulative Redeemable Preferred Stock,$25.53,-0.13,-0.507%,30265341342.00,United States,,18212,Real Estate,Real Estate Investment Trusts
AGNT,AGNT Inc. Common Stock,$3.92,-0.20,-4.854%,655102313.00,United States,,1714051,Finance,Real Estate
AGPU,Axe Compute Inc. Common Stock,$9.45,-0.51,-5.12%,109536122.00,United States,,138671,Health Care,Industrial Specialties
AGRZ,Agroz Inc. Class A Ordinary Shares,$0.2054,-0.0142,-6.466%,4194984.00,Malaysia,2025,214733,Consumer Staples,Farming/Seeds/Milling
AGYS,Agilysys Inc. Common Stock (DE),$112.49,-3.92,-3.367%,3172869092.00,United States,,119357,Technology,EDP Services
AHCO,AdaptHealth Corp. Common Stock,$5.51,-0.08,-1.431%,751256520.00,United States,2018,2377502,Health Care,Medical/Nursing Services
AHG,Akso Health Group ADS,$0.90,0.00,0.00%,771033759.00,China,2017,2232,Consumer Discretionary,Business Services
AHMA,Ambitions Enterprise Management Co. L.L.C Class A Ordinary Shares,$1.37,-0.01,-0.725%,40723250.00,United Arab Emirates,2025,24897,Consumer Discretionary,Services-Misc. Amusement & Recreation
AIAI,AIAI Holdings Corporation Class A Common Stock,$3.48,-0.25,-6.702%,245906408.00,United States,,343650,Technology,EDP Services
AIBZ,Bitzero Holdings Inc. Common Shares,$5.00,-0.17,-3.288%,281908250.00,Canada,,326795,Consumer Discretionary,Services-Misc. Amusement & Recreation
AIDX,20/20 Biolabs Inc. Common Stock,$0.6155,-0.0007,-0.114%,7860121.00,United States,,35964,Health Care,Precision Instruments
AIFA,All In FutureTech Alliance Inc. Common Stock,$2.96,-0.06,-1.987%,19004135.00,United States,2017,27919,Consumer Discretionary,Services-Misc. Amusement & Recreation
AIFC,AI Financial Corporation Common Stock,$0.5415,-0.0085,-1.545%,75721471.00,United States,,475036,Finance,Investment Bankers/Brokers/Service
AIFF,Firefly Neuroscience Inc. Common Stock,$1.07,-0.05,-4.464%,16788638.00,United States,,55261,Technology,Computer Software: Prepackaged Software
AIFU,AIFU Inc. Class A Ordinary Share,$22.07,0.58,2.699%,136297831.00,China,2007,224052,Finance,Specialty Insurers
AIIO,Robo.ai Inc. Class B Ordinary Shares,$2.05,-0.16,-7.24%,346583744.00,United Arab Emirates,,572126,Industrials,Auto Manufacturing
AIIOW,Robo.ai Inc. Warrant,$0.0237,0.0003,1.282%,4006846.00,United Arab Emirates,,5050,Industrials,Auto Manufacturing
AIIR,Air Global PLC Ordinary Shares,$7.47,-0.01,-0.134%,1198087917.00,United Arab Emirates,,2244,Consumer Discretionary,Tobacco
AIMD,Ainos Inc. Common Stock,$1.39,-0.01,-0.714%,11876261.00,United States,,4820,Technology,Computer peripheral equipment
AIMDW,Ainos Inc. Warrants,$0.0832,0.00,0.00%,710867.00,United States,,1,Technology,Computer peripheral equipment
AIOS,AIOS Tech Inc. Class A Common Shares,$12.82,-2.73,-17.556%,41655449.00,China,2016,144002,Industrials,Metal Fabrications
AIOT,PowerFleet Inc. Common Stock,$2.93,-0.07,-2.333%,393281940.00,United States,,2007269,Telecommunications,Telecommunications Equipment
AIP,Arteris Inc. Common Stock,$20.74,-1.14,-5.21%,1019414595.00,United States,2021,855745,Technology,Semiconductors
AIRE,reAlpha Tech Corp. Common Stock,$1.52,-0.06,-3.797%,8944098.00,United States,,27079,Finance,Real Estate
AIRG,Airgain Inc. Common Stock,$5.02,-0.24,-4.563%,65763175.00,United States,2016,99231,Technology,Radio And Television Broadcasting And Communications Equipment
AIRJ,AirJoule Technologies Corporation Class A Common Stock,$4.36,-0.17,-3.753%,319794638.00,United States,2022,1252039,Industrials,Industrial Machinery/Components
AIRJW,AirJoule Technologies Corporation Warrant,$1.13,-0.11,-8.871%,82882555.00,United States,2022,423,Industrials,Industrial Machinery/Components
AIRO,AIRO Group Holdings Inc. Common Stock,$7.30,-0.32,-4.199%,230358194.00,United States,2025,272355,Industrials,Aerospace
AIRS,AirSculpt Technologies Inc. Common Stock,$2.425,-0.095,-3.77%,174830882.00,United States,2021,653622,Health Care,Medical/Nursing Services
AIRT,Air T Inc. Common Stock,$31.98,0.21,0.661%,85762301.00,United States,,11983,Consumer Discretionary,Air Freight/Delivery Services
AIRTP,Air T Inc. Air T Funding Alpha Income Trust Preferred Securities,$18.79,-0.0101,-0.054%,50390045.00,United States,,1766,Consumer Discretionary,Air Freight/Delivery Services
AISP,Airship AI Holdings Inc. Class A Common Stock,$2.05,-0.08,-3.756%,70601102.00,United States,2021,203743,Technology,Computer Software: Prepackaged Software
AISPW,Airship AI Holdings Inc. Warrants,$0.46,-0.0598,-11.504%,15842199.00,United States,2021,2402,Technology,Computer Software: Prepackaged Software
AIXC,AIxCrypto Holdings Inc. Common Stock,$0.78,-0.0335,-4.118%,15783295.00,United States,2015,187892,Finance,Finance: Consumer Services
AIXI,XIAO-I Corporation American Depositary Shares,$0.483,-0.02,-3.976%,1322100.00,China,2023,1134335,Technology,Computer Software: Prepackaged Software
AKAM,Akamai Technologies Inc. Common Stock,$106.46,-2.16,-1.989%,15300070194.00,United States,1999,2700889,Consumer Discretionary,Business Services
AKAN,Akanda Corp. Common Shares,$3.70,-0.375,-9.202%,2001112.00,United Kingdom,2022,104280,Health Care, Medicinal Chemicals and Botanical Products 
AKBA,Akebia Therapeutics Inc. Common Stock,$0.9447,0.0259,2.819%,261782270.00,United States,2014,12453213,Health Care,Biotechnology: Pharmaceutical Preparations
AKTS,Aktis Oncology Inc. Common stock,$25.99,0.08,0.309%,1445550779.00,United States,2026,231525,Health Care,Biotechnology: Pharmaceutical Preparations
AKTX,Akari Therapeutics plc ADS,$10.37,-0.06,-0.575%,20190203.00,United Kingdom,,174777,Health Care,Biotechnology: Pharmaceutical Preparations
ALAB,Astera Labs Inc. Common Stock,$279.91,-17.07,-5.748%,48560215461.00,United States,2024,3428658,Technology,Semiconductors
ALAR,Alarum Technologies Ltd. American Depositary Share,$1.53,-0.10,-6.135%,11093221.00,Israel,2018,181097,Technology,Computer Software: Prepackaged Software
ALCO,Alico Inc. Common Stock,$39.96,0.23,0.579%,296445698.00,United States,,24798,Consumer Staples,Farming/Seeds/Milling
ALDF,Aldel Financial II Inc. Class A Ordinary Shares,$10.80,0.01,0.093%,0.00,United States,2024,99128,,
ALDX,Aldeyra Therapeutics Inc. Common Stock,$1.49,0.01,0.676%,89886367.00,United States,2014,461673,Health Care,Biotechnology: Pharmaceutical Preparations
ALEC,Alector Inc. Common Stock,$2.40,0.14,6.195%,267976606.00,United States,2019,482333,Health Care,Biotechnology: Biological Products (No Diagnostic Substances)
ALF,Centurion Acquisition Corp. Class A Ordinary Shares,$10.89,0.01,0.092%,0.00,United States,2024,173,,
ALFUW,Centurion Acquisition Corp. Warrant,$0.2999,0.01,3.449%,0.00,United States,2024,300,Finance,Blank Checks
ALGM,Allegro MicroSystems Inc. Common Stock,$35.47,-0.78,-2.152%,6611680572.00,United States,2020,1682099,Technology,Semiconductors
ALGN,Align Technology Inc. Common Stock,$154.96,-4.83,-3.023%,11008335466.00,United States,2001,576604,Health Care,Industrial Specialties
ALGS,Aligos Therapeutics Inc. Common Stock,$6.09,0.23,3.925%,38029358.00,United States,2020,101624,Health Care,Biotechnology: Biological Products (No Diagnostic Substances)
ALGT,Allegiant Travel Company Common Stock,$72.41,-3.64,-4.786%,1979526840.00,United States,2006,529971,Consumer Discretionary,Air Freight/Delivery Services
ALHC,Alignment Healthcare Inc. Common Stock,$13.59,0.19,1.418%,2819043675.00,United States,2021,4123860,Health Care,Medical Specialities
ALIS,Calisa Acquisition Corp Ordinary shares,$10.20,0.00,0.00%,0.00,United States,2025,2505,,
ALISR,Calisa Acquisition Corp Right,$0.65,-0.14,-17.722%,0.00,United States,2025,17641,Finance,Blank Checks
ALKS,Alkermes plc Ordinary Shares,$47.20,0.21,0.447%,7918426438.00,Ireland,1991,1351286,Health Care,Biotechnology: Pharmaceutical Preparations
ALKT,Alkami Technology Inc. Common Stock,$19.44,-0.96,-4.706%,2078952091.00,United States,2021,990205,Technology,Computer Software: Prepackaged Software
ALLO,Allogene Therapeutics Inc. Common Stock,$1.985,-0.015,-0.75%,685799399.00,United States,2018,4037930,Health Care,Biotechnology: Biological Products (No Diagnostic Substances)
ALLR,Allarity Therapeutics Inc. Common Stock,$1.42,0.01,0.709%,22593228.00,United States,,54017,Health Care,Biotechnology: Pharmaceutical Preparations
ALLT,Allot Ltd. Ordinary Shares,$7.56,-0.16,-2.073%,369858628.00,Israel,2006,187922,Telecommunications,Computer Communications Equipment
ALM,Almonty Industries Inc. Common Shares,$17.635,-0.165,-0.927%,5087358026.00,Canada,,7261371,Basic Materials,Other Metals and Minerals
ALMR,Alamar Biosciences Inc. Common Stock,$29.36,-1.18,-3.864%,2037371610.00,United States,2026,185092,Industrials,Biotechnology: Laboratory Analytical Instruments
ALMS,Alumis Inc. Common Stock,$9.47,-12.34,-56.58%,1225751713.00,United States,2024,28348322,Health Care,Biotechnology: Pharmaceutical Preparations
ALMU,Aeluma Inc. Common Stock,$12.46,-0.64,-4.885%,228084474.00,United States,,488274,Technology,Semiconductors
ALNT,Allient Inc. Common Stock,$86.45,-7.56,-8.042%,1469867076.00,United States,,239708,Industrials,Electrical Products
ALNY,Alnylam Pharmaceuticals Inc. Common Stock,$246.11,5.42,2.252%,32931762031.00,United States,2004,1941217,Health Care,Biotechnology: Pharmaceutical Preparations
ALOV,Aldabra 4 Liquidity Opportunity Vehicle Inc. Class A Ordinary Shares,$9.995,0.005,0.05%,0.00,United States,2026,2612,,
ALOVU,Aldabra 4 Liquidity Opportunity Vehicle Inc. Units,$10.06,0.00,0.00%,0.00,United States,2026,90,Finance,Blank Checks
ALOVW,Aldabra 4 Liquidity Opportunity Vehicle Inc. Warrants,$0.44,0.00,0.00%,0.00,United States,2026,582,,
ALOY,REalloys Inc. Common Stock,$9.98,-0.37,-3.575%,688496667.00,United States,,2310882,Basic Materials,Metal Mining
ALP,Alpha Compute Corp Common Stock,$0.1745,0.0047,2.768%,13522423.00,Canada,,5812316,Finance,Finance: Consumer Services
ALPS,ALPS Group Inc Ordinary Share,$0.3895,-0.0004,-0.103%,64812922.00,Malaysia,,41178,Health Care,Medical/Nursing Services
ALPX,Alpex Acquisition Corporation Class A Ordinary Shares,$9.94,0.00,0.00%,0.00,United States,2026,734,Finance,Blank Checks
ALPXU,Alpex Acquisition Corporation Unit,$10.165,0.0058,0.057%,0.00,United States,2026,1030,Finance,Blank Checks
ALRM,Alarm.com Holdings Inc. Common Stock,$55.61,-1.95,-3.388%,2729907579.00,United States,2015,421319,Technology,Computer Software: Prepackaged Software
ALRS,Alerus Financial Corporation Common Stock,$32.61,-0.29,-0.881%,812094591.00,United States,2019,117040,Finance,Major Banks
ALT,Altimmune Inc. Common Stock,$3.09,-0.02,-0.643%,601059696.00,United States,,2342531,Health Care,Biotechnology: Pharmaceutical Preparations
ALTI,AlTi Global Inc. Class A Common Stock,$3.83,-0.07,-1.795%,597263345.00,United States,2021,61860,Finance,Investment Managers
ALTO,Alto Ingredients Inc. Common Stock,$4.02,0.06,1.515%,311821607.00,United States,,1432466,Industrials,Major Chemicals
ALVO,Alvotech Ordinary Shares,$5.24,0.05,0.963%,2045860955.00,Luxembourg,,1028937,Health Care,Biotechnology: Biological Products (No Diagnostic Substances)
ALXO,ALX Oncology Holdings Inc. Common Stock,$1.98,0.05,2.591%,273788454.00,United States,2020,1441518,Health Care,Biotechnology: Pharmaceutical Preparations
ALZN,Alzamend Neuro Inc. Common Stock,$1.6368,0.0368,2.30%,7898743.00,United States,2021,23272,Health Care,Biotechnology: Pharmaceutical Preparations
AMAL,Amalgamated Financial Corp. Common Stock (DE),$47.34,-0.73,-1.519%,1415472959.00,United States,2018,150456,Finance,Major Banks
AMAN,Amanat Acquisition Corp Class A Ordinary Shares,$10.67,-0.02,-0.187%,0.00,United States,2026,4420,Finance,Blank Checks
AMAT,Applied Materials Inc. Common Stock,$441.85,-16.54,-3.608%,350651030190.00,United States,1972,7140998,Technology,Semiconductors
AMBA,Ambarella Inc. Ordinary Shares,$67.83,-1.55,-2.234%,2975578989.00,United States,2012,1251552,Technology,Semiconductors
AMBR,Amber International Holding Limited American Depositary Shares,$0.8801,-0.2799,-24.129%,82971648.00,Hong Kong,2017,15903720,Finance,Finance: Consumer Services
AMCI,AMC Robotics Corporation Common Stock,$3.94,-0.06,-1.50%,91433307.00,United States,2023,28357,Consumer Discretionary,Home Furnishings
AMCX,AMC Global Media Inc. Class A Common Stock,$12.36,-0.23,-1.827%,509849642.00,United States,,419602,Telecommunications,Cable & Other Pay Television Services
AMD,Advanced Micro Devices Inc. Common Stock,$459.61,-11.11,-2.36%,750301854054.00,United States,,16183434,Technology,Semiconductors
AMGN,Amgen Inc. Common Stock,$438.12,8.24,1.917%,236861694031.00,United States,1983,2358202,Health Care,Biotechnology: Biological Products (No Diagnostic Substances)
AMIX,Autonomix Medical Inc. Common Stock,$4.74,-0.09,-1.863%,8667114.00,United States,2024,126004,Health Care,Medical/Dental Instruments
AMKR,Amkor Technology Inc. Common Stock,$45.73,-1.57,-3.319%,11361731545.00,United States,1998,3632439,Technology,Semiconductors
AMLX,Amylyx Pharmaceuticals Inc. Common Stock,$33.81,0.06,0.178%,4241744548.00,United States,2022,1821596,Health Care,Biotechnology: Pharmaceutical Preparations
AMOD,Alpha Modus Holdings Inc. Class A Common Stock,$2.77,0.32,13.061%,13811951.00,United States,,2792536,Miscellaneous,Multi-Sector Companies
AMODW,Alpha Modus Holdings Inc. Warrant,$0.0176,0.0024,15.789%,87758.00,United States,,19490,Miscellaneous,Multi-Sector Companies
AMPG,Amplitech Group Inc. Common Stock,$3.24,-0.13,-3.858%,97342194.00,United States,,1101574,Telecommunications,Telecommunications Equipment
AMPGZ,Amplitech Group Inc. Series B Right,$0.166,-0.0476,-22.285%,4987285.00,United States,,7632,Telecommunications,Telecommunications Equipment
AMPH,Amphastar Pharmaceuticals Inc. Common Stock,$22.96,0.43,1.909%,976671194.00,United States,2014,551025,Health Care,Biotechnology: Pharmaceutical Preparations
AMPL,Amplitude Inc. Class A Common Stock,$13.83,-0.27,-1.915%,1727589193.00,United States,,1649702,Technology,Computer Software: Prepackaged Software
AMRN,Amarin Corporation plc,$13.845,-0.035,-0.252%,292445637.00,Ireland,,39945,Health Care,Biotechnology: Pharmaceutical Preparations
AMRX,Amneal Pharmaceuticals Inc. Class A Common Stock,$17.68,0.21,1.202%,6157873581.00,United States,,1364910,Health Care,Biotechnology: Pharmaceutical Preparations
AMSC,American Superconductor Corporation Common Stock,$28.56,-0.15,-0.522%,1383507604.00,United States,1991,808977,Consumer Discretionary,Metal Fabrications
AMSF,AMERISAFE Inc. Common Stock,$25.94,-0.10,-0.384%,480825345.00,United States,2005,346067,Finance,Property-Casualty Insurers
AMSS,AMASS Brands Inc. Common Stock,$0.8174,0.0184,2.303%,9485993.00,United States,,62313,Consumer Staples,Beverages (Production/Distribution)
AMST,Amesite Inc. Common Stock,$1.05,0.00,0.00%,6877344.00,United States,2020,50338,Technology,Computer Software: Prepackaged Software
AMTX,Aemetis Inc. (DE) Common Stock,$1.82,-0.05,-2.674%,131348661.00,United States,,477471,Industrials,Major Chemicals
AMZN,Amazon.com Inc. Common Stock,$254.92,-4.85,-1.867%,2749647055774.00,United States,1997,31648608,Consumer Discretionary,Catalog/Specialty Distribution
ANAB,AnaptysBio Inc. Common Stock,$55.28,-1.75,-3.069%,1636756830.00,United States,2017,773880,Health Care,Biotechnology: Pharmaceutical Preparations
ANDE,Andersons Inc. (The) Common Stock,$67.26,2.39,3.684%,2285196838.00,United States,,380503,Industrials,Farming/Seeds/Milling
ANGH,Anghami Inc. Ordinary Shares,$3.33,-0.01,-0.299%,30185811.00,United Arab Emirates,,2342,Consumer Discretionary,Telecommunications Equipment
ANGHW,Anghami Inc. Warrants,$0.0099,0.0012,13.793%,89742.00,United Arab Emirates,,10155,Consumer Discretionary,Telecommunications Equipment
ANGI,Angi Inc. Class A Common Stock,$4.665,0.015,0.323%,189194911.00,United States,,728986,Consumer Discretionary,Advertising
ANGO,AngioDynamics Inc. Common Stock,$15.86,-0.27,-1.674%,655531690.00,United States,2004,237956,Health Care,Medical/Dental Instruments
ANIK,Anika Therapeutics Inc. Common Stock,$21.11,0.24,1.15%,282514412.00,United States,,90132,Health Care,Medical/Dental Instruments
ANIP,ANI Pharmaceuticals Inc.,$71.92,-1.33,-1.816%,1651246377.00,United States,,580573,Health Care,Biotechnology: Pharmaceutical Preparations
ANIX,Anixa Biosciences Inc. Common Stock,$3.28,-0.07,-2.09%,111595647.00,United States,,342250,Health Care,Biotechnology: Pharmaceutical Preparations
ANL,Adlai Nortye Group Ltd. American Depositary Shares,$13.63,-0.56,-3.946%,877743895.00,Cayman Islands,2023,104436,Health Care,Biotechnology: Pharmaceutical Preparations
ANNA,AleAnna Inc. Class A Common Stock,$3.14,0.21,7.167%,210174016.00,United States,,298096,Energy,Oil & Gas Production
ANNAW,AleAnna Inc. Warrant,$0.1632,-0.0018,-1.091%,10923694.00,United States,,93982,Energy,Oil & Gas Production
ANNX,Annexon Inc. Common Stock,$4.89,-0.05,-1.012%,927041965.00,United States,2020,1472357,Health Care,Biotechnology: Pharmaceutical Preparations
ANPA,Rich Sparkle Holdings Limited Ordinary Shares,$4.0005,-0.0745,-1.828%,60414571.00,Hong Kong,2025,21838,Consumer Discretionary,Other Consumer Services
ANTA,Antalpha Platform Holding Company Class A Ordinary Shares,$3.90,0.19,5.121%,146640000.00,Singapore,2025,2250,Finance,Investment Bankers/Brokers/Service
ANTX,AN2 Therapeutics Inc. Common Stock,$5.48,-0.07,-1.261%,206794579.00,United States,2022,215429,Health Care,Biotechnology: Pharmaceutical Preparations
ANY,Sphere 3D Corp. Common Shares,$2.25,-0.04,-1.747%,19585836.00,Canada,,203315,Finance,Finance: Consumer Services
AOSL,Alpha and Omega Semiconductor Limited Common Shares,$23.64,-1.02,-4.136%,715328788.00,Bermuda,2010,615779,Technology,Semiconductors
AOUT,American Outdoor Brands Inc. Common Stock ,$10.00,-0.57,-5.393%,125071200.00,United States,,32185,Consumer Discretionary,Recreational Games/Products/Toys
APA,APA Corporation Common Stock,$44.30,1.15,2.665%,15520571893.00,United States,,4813218,Energy,Oil & Gas Production
APAC,StoneBridge Acquisition II Corporation Class A Ordinary Shares,$10.24,0.00,0.00%,0.00,United States,2025,89,Finance,Blank Checks
APACR,StoneBridge Acquisition II Corporation Rights,$0.1391,0.0091,7.00%,0.00,United States,2025,1008,,
APACU,StoneBridge Acquisition II Corporation Units,$10.40,0.05,0.483%,0.00,United States,2025,1146,Finance,Blank Checks
APC,ARKO Petroleum Corp. Class A Common Stock,$17.99,-0.16,-0.882%,226138312.00,United States,2026,189496,Energy,Oil Refining/Marketing
APEI,American Public Education Inc. Common Stock,$45.85,0.20,0.438%,839125747.00,United States,2007,387291,Real Estate,Other Consumer Services
APGE,Apogee Therapeutics Inc. Common Stock,$135.08,0.00,0.00%,10223899244.00,United States,2023,1088290,Health Care,Biotechnology: Biological Products (No Diagnostic Substances)
API,Agora Inc. American Depositary Shares,$4.025,-0.165,-3.938%,337194375.00,China,2020,88778,Technology,Computer Software: Prepackaged Software
APLD,Applied Digital Corporation Common Stock,$24.29,-1.12,-4.408%,7079784730.00,United States,2022,15115287,Technology,EDP Services
APLM,Apollomics Inc. Class A Ordinary Shares,$26.94,-0.15,-0.554%,78019668.00,United States,,6664,Health Care,Biotechnology: Pharmaceutical Preparations
APLMW,Apollomics Inc. Warrant,$0.0138,-0.0001,-0.719%,39966.00,United States,,2270,Health Care,Biotechnology: Pharmaceutical Preparations
APMC,AmperCap Acquisition Company Ordinary Shares,$9.97,-0.01,-0.10%,0.00,United States,2026,518,Finance,Blank Checks
APMCR,AmperCap Acquisition Company Right,$0.1175,0.0075,6.818%,0.00,United States,2026,6196,Finance,Blank Checks
APMCU,AmperCap Acquisition Company Unit,$10.04,0.00,0.00%,0.00,United States,2026,25,Finance,Blank Checks
APMD,Apnimed Inc. Common Stock,$26.85,0.60,2.286%,1020290334.00,United States,2026,376551,Health Care,Biotechnology: Pharmaceutical Preparations
APOG,Apogee Enterprises Inc. Common Stock,$37.59,-1.47,-3.763%,784439171.00,United States,,212163,Consumer Discretionary,Auto Parts:O.E.M.
APP,Applovin Corporation Class A Common Stock,$311.74,-0.32,-0.103%,104324102740.00,United States,2021,3897660,Technology,Computer Software: Programming Data Processing
APPF,AppFolio Inc. Class A Common Stock,$225.28,-8.93,-3.813%,7978739958.00,United States,2015,327601,Technology,Computer Software: Prepackaged Software
APPN,Appian Corporation Class A Common Stock,$40.39,-2.56,-5.96%,2893038643.00,United States,2017,760567,Technology,Computer Software: Prepackaged Software
APPS,Digital Turbine Inc. Common Stock,$10.00,-0.76,-7.063%,1210162500.00,United States,,2554433,Miscellaneous,Multi-Sector Companies
APRE,Aprea Therapeutics Inc. Common stock,$0.8357,0.0357,4.463%,10522412.00,United States,2019,462436,Health Care,Biotechnology: Pharmaceutical Preparations
APUR,Aperture AC Class A Ordinary Shares,$10.01,0.00,0.00%,0.00,United States,2026,7,Finance,Blank Checks
APURR,Aperture AC Rights,$0.195,-0.0063,-3.13%,0.00,United States,2026,903,Finance,Blank Checks
APVO,Aptevo Therapeutics Inc. Common Stock,$2.34,-0.10,-4.098%,4216610.00,United States,,31985,Health Care,Biotechnology: Pharmaceutical Preparations
APWC,Asia Pacific Wire & Cable Corporation Ltd. Ordinary Shares (Bermuda),$1.38,-0.02,-1.429%,56900787.00,Taiwan,,4502,Industrials,Telecommunications Equipment
APXT,Apex Treasury Corporation Class A Ordinary Share,$10.12,0.00,0.00%,0.00,United States,2025,28972,Finance,Blank Checks
APXTU,Apex Treasury Corporation Units,$10.2605,0.00,0.00%,0.00,United States,2025,29,Finance,Blank Checks
APXTW,Apex Treasury Corporation Warrants,$0.31,0.02,6.897%,0.00,United States,2025,5091,Finance,Blank Checks
APYX,Apyx Medical Corporation Common Stock,$3.05,0.00,0.00%,128478270.00,United States,,100377,Health Care,Medical/Dental Instruments
AQB,AquaBounty Technologies Inc. Common Stock,$1.19,-0.085,-6.667%,6125173.00,United States,,48997,Consumer Staples,Meat/Poultry/Fish
AQMS,Aqua Metals Inc. Common Stock,$2.84,-0.15,-5.017%,10120428.00,United States,2015,27873,Industrials,Metal Fabrications
AQST,Aquestive Therapeutics Inc. Common Stock,$5.24,0.13,2.544%,657681036.00,United States,2018,2163263,Health Care,Biotechnology: Pharmaceutical Preparations
ARAI,Arrive AI Inc. Common Stock,$0.2373,-0.0076,-3.103%,12310224.00,United States,,316603,Consumer Discretionary,Diversified Commercial Services
ARAY,Accuray Incorporated Common Stock,$0.2546,-0.0084,-3.194%,30409248.00,United States,2007,550693,Health Care,Medical/Dental Instruments
ARBB,ARB IOT Group Limited Ordinary Shares,$4.25,-0.10,-2.299%,7502338.00,Malaysia,2023,1573,Technology,EDP Services
ARBE,Arbe Robotics Ltd. Ordinary Shares,$0.6439,-0.0095,-1.454%,82035474.00,Israel,,610942,Technology,EDP Services
ARBEW,Arbe Robotics Ltd. Warrant,$0.0214,-0.0036,-14.40%,2726447.00,Israel,,69004,Technology,EDP Services
ARBK,Argo Blockchain plc American Depositary Shares,$2.95,0.035,1.201%,39411032.00,United Kingdom,2021,10648,Finance,Finance: Consumer Services
ARCB,ArcBest Corporation Common Stock,$132.72,-5.25,-3.805%,2966471703.00,United States,,240330,Industrials,Trucking Freight/Courier Services
ARCC,Ares Capital Corporation Common Stock,$19.91,-0.16,-0.797%,14295834844.00,United States,2004,5694516,Finance,Finance: Consumer Services
ARCI,Archimedes Tech SPAC Partners III Co. Ordinary Share,$10.14,0.00,0.00%,0.00,United States,2026,1182,,
ARCIU,Archimedes Tech SPAC Partners III Co. Units,$10.41,0.00,0.00%,0.00,United States,2026,308,Finance,Blank Checks
ARCIW,Archimedes Tech SPAC Partners III Co. Warrant,$0.525,0.00,0.00%,0.00,United States,2026,291,,
ARCL,ARC Group Acquisition I Corp Class A Ordinary Shares,$9.98,-0.015,-0.15%,0.00,United States,2026,5217,Finance,Blank Checks
ARCLU,ARC Group Acquisition I Corp Unit,$10.23,0.00,0.00%,0.00,United States,2026,182,Finance,Blank Checks
ARCLW,ARC Group Acquisition I Corp Warrants,$0.0513,0.00,0.00%,0.00,United States,2026,80,Finance,Blank Checks
ARCT,Arcturus Therapeutics Holdings Inc. Common Stock,$16.225,1.465,9.925%,461164295.00,Israel,2013,1367888,Health Care,Biotechnology: Pharmaceutical Preparations
ARDX,Ardelyx Inc. Common Stock,$3.76,-0.02,-0.529%,936945271.00,United States,2014,3645393,Health Care,Biotechnology: Pharmaceutical Preparations
AREC,American Resources Corporation Class A Common Stock,$2.31,-0.05,-2.119%,247103638.00,United States,,987156,Energy,Coal Mining
ARGX,argenx SE American Depositary Shares,$1028.51,-3.15,-0.305%,63832300937.00,Netherlands,2017,193113,Health Care,Biotechnology: Biological Products (No Diagnostic Substances)
ARHS,Arhaus Inc. Class A Common Stock,$8.36,-0.35,-4.018%,1185044488.00,United States,2021,797095,Consumer Discretionary,Other Specialty Stores
ARKO,ARKO Corp. Common Stock,$4.50,-0.06,-1.316%,504835745.00,United States,,1403539,Consumer Staples,Food Chains
ARKR,Ark Restaurants Corp. Common Stock,$5.49,0.00,0.00%,19797802.00,United States,,229,Consumer Discretionary,Restaurants
ARLP,Alliance Resource Partners L.P. Common Units representing Limited Partners Interests,$26.44,-0.06,-0.226%,3401738698.00,United States,1999,184490,Energy,Coal Mining
ARM,Arm Holdings plc American Depositary Shares,$234.82,-7.09,-2.931%,249861454275.00,United Kingdom,2023,2956448,Technology,Semiconductors
AROW,Arrow Financial Corporation Common Stock,$37.39,-0.35,-0.927%,692602003.00,United States,,80241,Finance,Major Banks
ARQ,Arq Inc. Common Stock,$2.05,-0.07,-3.302%,89520390.00,United States,,885865,Industrials,Major Chemicals
ARQQ,Arqit Quantum Inc. Ordinary Shares,$18.90,-0.98,-4.93%,455312057.00,United Kingdom,,161377,Technology,Computer Software: Prepackaged Software
ARQQW,Arqit Quantum Inc. Warrants,$0.0043,-0.0004,-8.511%,103590.00,United Kingdom,,517167,Technology,Computer Software: Prepackaged Software
ARQT,Arcutis Biotherapeutics Inc. Common Stock,$23.75,-0.22,-0.918%,2985184074.00,United States,2020,1101649,Health Care,Biotechnology: Pharmaceutical Preparations
ARRY,Array Technologies Inc. Common Stock,$4.36,-0.06,-1.357%,671473537.00,United States,2020,6158913,Technology,Semiconductors
ARTC,Art Technology Acquisition Corp. Class A Ordinary Shares,$9.9962,0.0262,0.263%,0.00,United States,2026,2158,Finance,Blank Checks
ARTCU,Art Technology Acquisition Corp. Units,$10.09,0.00,0.00%,0.00,United States,2026,2,,
ARTL,Artelo Biosciences Inc. Common Stock,$6.155,-0.205,-3.223%,3371549.00,United States,,84291,Health Care,Biotechnology: Pharmaceutical Preparations
ARTNA,Artesian Resources Corporation Class A Common Stock,$35.67,0.10,0.281%,368368406.00,United States,,23185,Utilities,Water Supply
ARTV,Artiva Biotherapeutics Inc. Common Stock,$11.28,-0.02,-0.177%,551480565.00,United States,2024,268866,Health Care,Biotechnology: Biological Products (No Diagnostic Substances)
ARTW,Art's-Way Manufacturing Co. Inc. Common Stock,$2.89,0.13,4.71%,15032006.00,United States,,19686,Industrials,Industrial Machinery/Components
ARVN,Arvinas Inc. Common Stock,$9.28,0.08,0.87%,606783852.00,United States,2018,491187,Health Care,Biotechnology: Pharmaceutical Preparations
ARWR,Arrowhead Pharmaceuticals Inc. Common Stock,$82.74,0.35,0.425%,11687394600.00,United States,,1330988,Health Care,Biotechnology: Pharmaceutical Preparations
ARXS,Arxis Inc. Class A Common Stock,$51.31,-0.46,-0.889%,21420609925.00,United States,2026,362820,Industrials,Military/Government/Technical
ASBP,Aspire Biopharma Holdings Inc. Common Stock,$8.91,-0.07,-0.78%,12496783.00,United States,2022,59693,Health Care,Biotechnology: Pharmaceutical Preparations
ASBPW,Aspire Biopharma Holdings Inc. Warrant,$0.015,0.00,0.00%,21038.00,United States,2022,11212,Health Care,Biotechnology: Pharmaceutical Preparations
ASLE,AerSale Corporation Common Stock,$5.45,-0.04,-0.729%,260110858.00,United States,2019,509909,Consumer Discretionary,Industrial Specialties
ASMB,Assembly Biosciences Inc. Common Stock,$35.18,1.55,4.609%,716285767.00,United States,2010,301112,Health Care,Biotechnology: Pharmaceutical Preparations
ASML,ASML Holding N.V. New York Registry Shares,$1665.14,-30.87,-1.82%,641774370698.00,Netherlands,1995,1004883,Technology,Industrial Machinery/Components
ASND,Ascendis Pharma A/S Ordinary Share,$260.25,-2.79,-1.061%,17091472161.00,Denmark,2015,610602,Health Care,Biotechnology: Pharmaceutical Preparations
ASO,Academy Sports and Outdoors Inc. Common Stock,$42.81,-0.15,-0.349%,2655006463.00,United States,2020,1633391,Consumer Discretionary,Other Specialty Stores
ASPC,A SPAC III Acquisition Corp. Class A Ordinary Shares,$11.01,0.16,1.475%,0.00,China,2025,46486,Finance,Blank Checks
ASPCR,A SPAC III Acquisition Corp. Right,$0.09,0.0195,27.66%,0.00,China,2025,3726,Finance,Blank Checks
ASPCU,A SPAC III Acquisition Corp. Unit,$11.99,0.00,0.00%,0.00,China,2024,3,Finance,Blank Checks
ASPI,ASP Isotopes Inc. Common Stock,$3.78,-0.24,-5.97%,579509456.00,United States,2022,3885910,Industrials,Major Chemicals
ASPS,Altisource Portfolio Solutions S.A. Common Stock,$5.64,0.10,1.805%,64409962.00,Luxembourg,,8978,Consumer Discretionary,Other Consumer Services
ASPSW,Altisource Portfolio Solutions S.A. Net Settle Stakeholder Warrants,$0.2801,-0.0049,-1.719%,3198800.00,Luxembourg,,4334,Consumer Discretionary,Other Consumer Services
ASPSZ,Altisource Portfolio Solutions S.A. Cash Exercise Stakeholder Warrants,$0.17,-0.0508,-23.007%,1941435.00,Luxembourg,,15922,Consumer Discretionary,Other Consumer Services
ASRV,AmeriServ Financial Inc. Common Stock,$4.96,0.13,2.692%,84217164.00,United States,,6760,Finance,Major Banks
ASST,Strive Inc. Class A Common Stock,$24.00,-0.22,-0.908%,2152402152.00,United States,2023,10925202,Technology,Computer Software: Prepackaged Software
ASTC,Astrotech Corporation (DE) Common Stock,$6.96,-0.21,-2.929%,14668868.00,United States,,21943,Industrials,Biotechnology: Laboratory Analytical Instruments
ASTE,Astec Industries Inc. Common Stock,$41.18,-1.37,-3.22%,948184613.00,United States,1986,188617,Industrials,Construction/Ag Equipment/Trucks
ASTH,Astrana Health Inc. Common Stock,$38.60,0.49,1.286%,1914728528.00,United States,,301367,Consumer Discretionary,Professional Services
ASTI,Ascent Solar Technologies Inc. Common Stock,$2.81,-0.07,-2.431%,27584171.00,United States,,98115,Technology,Semiconductors
ASTL,Algoma Steel Group Inc. Common Shares,$4.13,-0.075,-1.784%,435254996.00,Canada,,752116,Industrials,Steel/Iron Ore
ASTLW,Algoma Steel Group Inc. Warrant,$0.0063,0.0028,80.00%,663948.00,Canada,,702,Industrials,Steel/Iron Ore
ASTS,AST SpaceMobile Inc. Class A Common Stock,$55.80,-3.30,-5.584%,21715546165.00,United States,2019,8567192,Consumer Discretionary,Telecommunications Equipment
ASUR,Asure Software Inc Common Stock,$9.06,-0.06,-0.658%,261646712.00,United States,,98382,Technology,EDP Services
ASYS,Amtech Systems Inc. Common Stock,$14.52,-0.10,-0.684%,254217627.00,United States,,425100,Technology,Industrial Machinery/Components
ATAI,AtaiBeckley Inc. Common Stock,$7.34,0.00,0.00%,2722146670.00,Germany,2008,5952527,Health Care,Biotechnology: Pharmaceutical Preparations
ATAT,Atour Lifestyle Holdings Limited American Depositary Shares,$34.49,-0.49,-1.401%,4692129830.00,China,2022,732647,Consumer Discretionary,Hotels/Resorts
ATCX,Atlas Critical Minerals Corporation Common Stock,$3.37,-0.10,-2.882%,17130842.00,Brazil,,7243,Basic Materials,Precious Metals
ATEC,Alphatec Holdings Inc. Common Stock,$9.21,-0.16,-1.708%,1422494410.00,United States,2006,1050934,Health Care,Medical/Dental Instruments
ATER,Aterian Inc. Common Stock,$0.45,0.05,12.50%,8085110.00,United States,2019,464012,Consumer Discretionary,Home Furnishings
ATEX,Anterix Inc. Common Stock,$89.55,-1.34,-1.474%,1756056336.00,United States,2015,266897,Telecommunications,Telecommunications Equipment
ATGL,Alpha Technology Group Limited Class A Ordinary Shares,$6.62,-0.26,-3.779%,108981750.00,China,2023,2917,Technology,EDP Services
ATHE,Alterity Therapeutics Limited American Depositary Shares,$4.55,0.06,1.336%,82848074.00,Australia,,13205,Health Care,Biotechnology: Pharmaceutical Preparations
ATHR,Aether Holdings Inc. Common Stock,$3.01,-0.03,-0.987%,36836558.00,United States,2025,3447,Technology,Computer Software: Prepackaged Software
ATII,Archimedes Tech SPAC Partners II Co. Ordinary Shares,$10.65,-0.04,-0.374%,0.00,United States,2025,57621,,
ATIIU,Archimedes Tech SPAC Partners II Co. Unit,$11.31,0.01,0.088%,0.00,United States,2025,124,Finance,Blank Checks
ATIIW,Archimedes Tech SPAC Partners II Co. Warrant,$1.40,0.00,0.00%,0.00,United States,2025,26149,Finance,Blank Checks
ATLC,Atlanticus Holdings Corporation Common Stock,$89.24,-1.23,-1.36%,1353774191.00,United States,1995,107555,Finance,Finance: Consumer Services
ATLCL,Atlanticus Holdings Corporation 6.125% Senior Notes due 2026,$25.18,0.00,0.00%,380858806.00,United States,,31336,Finance,Finance: Consumer Services
ATLCP,Atlanticus Holdings Corporation 7.625% Series B Cumulative Perpetual Preferred Stock no par value per share,$23.7145,-0.0089,-0.038%,359749866.00,United States,,2143,Finance,Finance: Consumer Services
ATLCZ,Atlanticus Holdings Corporation 9.25% Senior Notes due 2029,$25.40,0.03,0.118%,384186405.00,United States,,8319,Finance,Finance: Consumer Services
ATLO,Ames National Corporation Common Stock,$31.23,-0.02,-0.064%,276610981.00,United States,,41952,Finance,Major Banks
ATLQ,JAB Acquisition Corp I Class A Ordinary Shares,$9.96,0.005,0.05%,0.00,United States,2026,9218,Finance,Blank Checks
ATLQR,JAB Acquisition Corp I Rights,$0.16,0.01,6.667%,0.00,United States,2026,108,Finance,Blank Checks
ATLQU,JAB Acquisition Corp I Unit,$10.1898,0.0898,0.889%,0.00,United States,2026,615,Finance,Blank Checks
ATLQW,JAB Acquisition Corp I Warrants,$0.0449,0.0048,11.97%,0.00,United States,2026,21228,Finance,Blank Checks
ATLX,Atlas Lithium Corporation Common Stock,$3.13,-0.07,-2.188%,94212390.00,United States,,142676,Industrials,Mining & Quarrying of Nonmetallic Minerals (No Fuels)
ATNI,ATN International Inc. Common Stock,$30.13,-0.04,-0.133%,464103146.00,United States,,65830,Telecommunications,Telecommunications Equipment
ATOM,Atomera Incorporated Common Stock,$3.94,-0.22,-5.288%,153754725.00,United States,2016,674415,Technology,Semiconductors
ATOS,Atossa Therapeutics Inc. Common Stock,$2.42,-0.08,-3.20%,24149901.00,United States,2012,91782,Health Care,Biotechnology: Pharmaceutical Preparations
ATPC,Agape ATP Corporation Common Stock,$2.36,0.00,0.00%,2361477.00,Malaysia,,9124,Health Care,Medical/Nursing Services
ATRA,Atara Biotherapeutics Inc. Common Stock,$9.02,0.12,1.348%,90540144.00,United States,2014,51953,Health Care,Biotechnology: Biological Products (No Diagnostic Substances)
ATRC,AtriCure Inc. Common Stock,$48.92,0.57,1.179%,2488379102.00,United States,2005,717675,Health Care,Medical/Dental Instruments
ATRO,Astronics Corporation Common Stock,$72.99,-0.68,-0.923%,3139231581.00,United States,,816701,Industrials,Military/Government/Technical
ATTO,Attovia Therapeutics Inc. Common Stock,$22.22,0.82,3.832%,1012765758.00,United States,2026,198022,Health Care,Biotechnology: Biological Products (No Diagnostic Substances)
ATXG,Addentax Group Corp. Common Stock,$3.42,-0.125,-3.526%,4028671.00,China,,1741,Consumer Discretionary,Professional Services
ATYR,aTyr Pharma Inc. Common Stock,$0.4765,-0.0552,-10.382%,46738658.00,United States,2015,1168204,Health Care,Biotechnology: Biological Products (No Diagnostic Substances)
AUBN,Auburn National Bancorporation Inc. Common Stock,$26.50,0.20,0.76%,92333738.00,United States,,743,Finance,Major Banks
AUC,ATIF Holdings Limited Ordinary Shares,$6.701,0.00,0.00%,129418912.00,United States,2019,738,Consumer Discretionary,Professional Services
AUDC,AudioCodes Ltd. Common Stock,$9.99,-0.01,-0.10%,245662582.00,Israel,1999,110641,Utilities,Telecommunications Equipment
AUGO,Aura Minerals Inc. Common Shares,$79.045,-4.535,-5.426%,6623119132.00,United States,,1091994,Basic Materials,Metal Mining
AUID,authID Inc. Common Stock,$0.4519,0.0014,0.311%,7555921.00,United States,,403311,Technology,Computer Software: Prepackaged Software
AUPH,Aurinia Pharmaceuticals Inc Ordinary Shares,$16.05,-0.06,-0.372%,2135471246.00,Canada,,878848,Health Care,Biotechnology: Pharmaceutical Preparations
AUR,Aurora Innovation Inc. Class A Common Stock,$5.46,-0.17,-3.02%,10942687763.00,United States,2021,21745008,Technology,EDP Services
AURA,Aura Biosciences Inc. Common Stock,$7.43,0.25,3.482%,770526731.00,United States,2021,534530,Health Care,Biotechnology: Biological Products (No Diagnostic Substances)
AURE,Aurelion Inc. Class A Ordinary Shares,$1.41,-0.07,-4.73%,53016000.00,Hong Kong,2023,25929,Finance,Finance: Consumer Services
AUROW,Aurora Innovation Inc. Warrant,$0.0683,-0.0117,-14.625%,136883805.00,United States,2021,198756,Technology,EDP Services
AUTL,Autolus Therapeutics plc American Depositary Share,$2.31,-0.04,-1.702%,614835467.00,United Kingdom,2018,1475417,Health Care,Biotechnology: Biological Products (No Diagnostic Substances)
AUUD,Auddia Inc. Common Stock,$0.9989,0.0117,1.185%,5796667.00,United States,2021,18866263,Technology,EDP Services
AVAH,Aveanna Healthcare Holdings Inc. Common Stock,$13.46,0.04,0.298%,2937237108.00,United States,2021,2053604,Health Care,Medical/Nursing Services
AVAT,Avalanche Treasury Corporation Class A Common Stock,$0.72,-0.0039,-0.539%,31478720.00,United States,,843618,Finance,Finance: Consumer Services
AVAV,AeroVironment Inc. Common Stock,$144.17,-4.18,-2.818%,7327096405.00,United States,2007,1026533,Industrials,Aerospace
AVBH,Avidbank Holdings Inc. Common stock,$31.20,-0.24,-0.763%,342684576.00,United States,,59573,Finance,Commercial Banks
AVBP,ArriVent BioPharma Inc. Common Stock,$30.15,0.10,0.333%,1486628029.00,United States,2024,356100,Health Care,Biotechnology: Pharmaceutical Preparations
AVGO,Broadcom Inc. Common Stock,$369.68,-0.66,-0.178%,1758782247597.00,United States,2009,19220910,Technology,Semiconductors
AVIR,Atea Pharmaceuticals Inc. Common Stock,$5.49,0.14,2.617%,440323798.00,United States,2020,253285,Health Care,Biotechnology: Pharmaceutical Preparations
AVLN,Avalyn Pharma Inc. Common Stock,$35.28,0.55,1.584%,1564071592.00,United States,2026,183584,Health Care,Biotechnology: Pharmaceutical Preparations
AVNW,Aviat Networks Inc. Common Stock,$18.66,-1.27,-6.372%,238876718.00,United States,,201967,Technology,Radio And Television Broadcasting And Communications Equipment
AVO,Mission Produce Inc. Common Stock,$12.82,0.10,0.786%,1132259926.00,United States,2020,444219,Consumer Staples,Farming/Seeds/Milling
AVPT,AvePoint Inc. Class A Common Stock,$13.50,-0.42,-3.017%,2856133251.00,United States,2019,1547216,Technology,Computer Software: Prepackaged Software
AVR,Anteris Technologies Global Corp. Common Stock,$8.45,-0.16,-1.858%,823524105.00,United States,2024,568651,Health Care,Industrial Specialties
AVT,Avnet Inc. Common Stock,$89.39,-0.17,-0.19%,7336503593.00,United States,,730709,Technology,Electronic Components
AVTX,Avalo Therapeutics Inc. Common Stock,$18.95,-0.39,-2.017%,1016288292.00,United States,2015,606655,Health Care,Biotechnology: Pharmaceutical Preparations
AVX,Avax One Technology Ltd. Common Shares,$3.46,-0.06,-1.705%,25594945.00,Canada,2021,141975,Finance,Finance: Consumer Services
AVXL,Anavex Life Sciences Corp. Common Stock,$2.87,0.07,2.50%,266039937.00,United States,,826646,Health Care,Biotechnology: Biological Products (No Diagnostic Substances)
AWRE,Aware Inc. Common Stock,$1.245,0.025,2.049%,27156733.00,United States,1996,21331,Technology,Computer Software: Prepackaged Software
AXG,Solowin Holdings Class A Ordinary Share,$2.22,-0.02,-0.893%,428690496.00,Hong Kong,2023,123537,Finance,Investment Bankers/Brokers/Service
AXGN,Axogen Inc. Common Stock,$49.88,-0.88,-1.734%,2681624268.00,United States,,596601,Health Care,Biotechnology: Electromedical & Electrotherapeutic Apparatus
AXIN,Axiom Intelligence Acquisition Corp 1 Class A Ordinary Shares,$10.335,0.015,0.145%,0.00,United Kingdom,2025,36019,Finance,Blank Checks
AXINR,Axiom Intelligence Acquisition Corp 1 Right,$0.345,-0.002,-0.576%,0.00,United Kingdom,2025,13088,Finance,Blank Checks
AXINU,Axiom Intelligence Acquisition Corp 1 Units,$10.725,0.00,0.00%,0.00,United Kingdom,2025,3,Finance,Blank Checks
AXON,Axon Enterprise Inc. Common Stock,$518.30,-48.26,-8.518%,42105352195.00,United States,2001,1425022,Industrials,Ordnance And Accessories
AXSM,Axsome Therapeutics Inc. Common Stock,$202.83,4.31,2.171%,10624401315.00,United States,2015,656274,Health Care,Biotechnology: Pharmaceutical Preparations
AXTI,AXT Inc Common Stock,$56.11,-4.50,-7.425%,3679312925.00,United States,1998,8129708,Technology,Semiconductors
AYA,Aya Gold & Silver Inc. Common Shares,$26.37,-1.55,-5.552%,3798233750.00,Canada,,1462344,Basic Materials,Precious Metals
AYTU,Aytu BioPharma Inc.  Common Stock,$2.25,-0.04,-1.747%,24149718.00,United States,,21780,Health Care,Biotechnology: Pharmaceutical Preparations
AZ,A2Z Cust2Mate Solutions Corp. Common Shares,$6.05,-0.33,-5.172%,266360125.00,Canada,,401400,Industrials,Industrial Machinery/Components
AZI,Autozi Internet Technology (Global) Ltd. Class A Ordinary Shares,$1.28,-0.04,-3.03%,5824553.00,China,2024,58659,Consumer Discretionary,Automotive Aftermarket
AZIO,Azio AI Holdings Inc. Common Stock,$1.21,-0.05,-3.968%,19926096.00,United States,,208159,Consumer Discretionary,Auto Parts:O.E.M.
AZTA,Azenta Inc.,$31.57,-1.08,-3.308%,1383030967.00,United States,,1454012,Technology,Industrial Machinery/Components
BACC,Blue Acquisition Corp. Class A Ordinary Shares,$10.5255,0.0455,0.434%,0.00,United States,2025,779,Finance,Blank Checks
BACCR,Blue Acquisition Corp. Right ,$0.42,0.00,0.00%,0.00,United States,2025,1,Finance,Blank Checks
BACCU,Blue Acquisition Corp. Unit,$10.88,-0.35,-3.117%,0.00,United States,2025,19697,Finance,Blank Checks
BAER,Bridger Aerospace Group Holdings Inc. Common Stock,$1.09,0.00,0.00%,64120493.00,United States,,765165,Industrials,Aerospace
BAERW,Bridger Aerospace Group Holdings Inc. Warrant,$0.188,0.008,4.444%,11059314.00,United States,,10366,Industrials,Aerospace
BAFN,BayFirst Financial Corp. Common Stock,$7.15,0.65,10.00%,192784127.00,United States,,77845,Finance,Major Banks
BAND,Bandwidth Inc. Class A Common Stock,$50.79,2.36,4.873%,1634462223.00,United States,2017,900686,Technology,Computer Software: Prepackaged Software
BANF,BancFirst Corporation Common Stock,$107.71,-1.51,-1.383%,3618920824.00,United States,1993,114399,Finance,Major Banks
BANFP,BancFirst Corporation - BFC Capital Trust II Cumulative Trust Preferred Securities,$27.50,0.00,0.00%,923965488.00,United States,,21,Finance,Major Banks
BANL,CBL International Limited Class B Ordinary Shares,$15.20,-0.04,-0.262%,31904162.00,Malaysia,2023,31477,Energy,Oil Refining/Marketing
BANR,Banner Corporation Common Stock,$68.58,-1.56,-2.224%,2330685059.00,United States,,338449,Finance,Major Banks
BANX,ArrowMark Financial Corp. Common Stock,$21.15,0.26,1.245%,150220540.00,United States,,138683,Finance,Trusts Except Educational Religious and Charitable
BAOS,Baosheng Media Group Holdings Limited Ordinary shares,$0.313,-0.0404,-11.432%,9964194.00,China,2021,2379521,Consumer Discretionary,Business Services
BATRA,Atlanta Braves Holdings Inc. Series A Common Stock,$55.46,0.45,0.818%,3558751568.00,United States,,152136,Consumer Discretionary,Services-Misc. Amusement & Recreation
BATRK,Atlanta Braves Holdings Inc. Series C Common Stock,$50.21,0.63,1.271%,3221870108.00,United States,,778780,Consumer Discretionary,Services-Misc. Amusement & Recreation
BBBYW,Neighborhood Intelligence Inc. Warrants,$0.5299,-0.0995,-15.809%,50604222.00,United States,,116565,Consumer Discretionary,Catalog/Specialty Distribution
BBCP,Concrete Pumping Holdings Inc. Common Stock,$9.01,-0.02,-0.221%,454044714.00,United States,2017,104560,Consumer Discretionary,Engineering & Construction
BBGI,Beasley Broadcast Group Inc. Class A Common Stock,$18.83,-0.54,-2.788%,34887301.00,United States,2000,183723,Consumer Discretionary,Broadcasting
BBIO,BridgeBio Pharma Inc. Common Stock,$76.57,-0.02,-0.026%,14968475884.00,United States,2019,1448521,Health Care,Biotechnology: Pharmaceutical Preparations
BBLG,Bone Biologics Corp Common Stock,$0.5634,-0.0136,-2.357%,1552763.00,United States,,25951,Health Care,Industrial Specialties
BBLGW,Bone Biologics Corp Warrants,$6.00,0.30,5.263%,16536342.00,United States,,169,Health Care,Industrial Specialties
BBNX,Beta Bionics Inc. Common Stock,$19.07,-0.88,-4.411%,857953350.00,United States,2025,564411,Health Care,Medical/Dental Instruments
BBOT,BridgeBio Oncology Therapeutics Inc. Common Stock  ,$8.82,0.02,0.227%,707137035.00,United States,2024,145630,Health Care,Biotechnology: Pharmaceutical Preparations
BBSI,Barrett Business Services Inc. Common Stock,$33.79,-0.61,-1.773%,818906732.00,United States,1993,154851,Consumer Discretionary,Professional Services
BCAL,California BanCorp Common Stock,$21.09,-0.19,-0.893%,678054910.00,United States,,145826,Finance,Major Banks
BCAX,Bicara Therapeutics Inc. Common Stock,$23.42,0.30,1.298%,1549770114.00,United States,2024,429872,Health Care,Biotechnology: Pharmaceutical Preparations
BCBP,BCB Bancorp Inc. (NJ) Common Stock,$8.47,-0.08,-0.936%,153322432.00,United States,2005,206633,Finance,Savings Institutions
BCCQ,Bleichroeder Acquisition Corp. III Class A Ordinary Shares,$10.04,0.00,0.00%,0.00,United States,2026,228694,Finance,Blank Checks
BCCQU,Bleichroeder Acquisition Corp. III Units,$10.37,-0.03,-0.288%,0.00,United States,2026,1353,Finance,Blank Checks
BCCQW,Bleichroeder Acquisition Corp. III Warrant,$1.05,0.00,0.00%,0.00,United States,2026,3432,Finance,Blank Checks
BCDA,BioCardia Inc. Common Stock,$1.10,-0.04,-3.509%,16652660.00,United States,,68496,Health Care,Biotechnology: Biological Products (No Diagnostic Substances)
BCG,Binah Capital Group Inc. Common Stock,$1.36,-0.045,-3.203%,23201778.00,United States,,38968,Finance,Finance: Consumer Services
BCIC,BCP Investment Corporation Common Stock,$7.62,-0.155,-1.994%,94363428.00,United States,2006,52971,Finance,Finance: Consumer Services
BCML,BayCom Corp Common Stock,$29.85,0.02,0.067%,325965492.00,United States,2018,36769,Finance,Major Banks
BCPC,Balchem Corporation Common Stock,$173.31,-2.58,-1.467%,5524779820.00,United States,,158203,Industrials,Major Chemicals
BCRX,BioCryst Pharmaceuticals Inc. Common Stock,$9.92,0.22,2.268%,2534908242.00,United States,1994,3357303,Health Care,Biotechnology: Biological Products (No Diagnostic Substances)
BCTX,BriaCell Therapeutics Corp. Common Shares,$3.63,0.04,1.114%,31580227.00,Canada,,109129,Health Care,Biotechnology: Pharmaceutical Preparations
BCTXL,BriaCell Therapeutics Corp. Warrant expiring 2031,$0.925,0.00,0.00%,8047303.00,Canada,,56,Health Care,Biotechnology: Pharmaceutical Preparations
BCTXZ,BriaCell Therapeutics Corp. Warrant expiring 2030,$0.187,0.037,24.667%,1626860.00,Canada,,17054,Health Care,Biotechnology: Pharmaceutical Preparations
BCYC,Bicycle Therapeutics plc American Depositary Shares,$4.10,-0.03,-0.726%,286970771.00,United Kingdom,2019,316719,Health Care,Biotechnology: Pharmaceutical Preparations
BDCI,BTC Development Corp. Class A Ordinary Shares,$10.14,0.00,0.00%,0.00,United States,2025,2284,Finance,Blank Checks
BDCIU,BTC Development Corp. Unit,$10.25,0.00,0.00%,0.00,United States,2025,260,Finance,Blank Checks
BDCIW,BTC Development Corp. Warrant,$0.4471,-0.0029,-0.644%,0.00,United States,2025,100,Finance,Blank Checks
BDMD,Baird Medical Investment Holdings Ltd Ordinary Share,$1.14,0.04,3.636%,48117990.00,China,,33510,Health Care,Medical/Dental Instruments
BDMDW,Baird Medical Investment Holdings Ltd Warrant,$0.0431,0.004,10.23%,1819198.00,China,,1052,Health Care,Medical/Dental Instruments
BDRX,Biodexa Pharmaceuticals plc American Depositary Shs,$0.7808,-0.0309,-3.807%,803495.00,United Kingdom,,81863,Health Care,Biotechnology: Pharmaceutical Preparations
BDSX,Biodesix Inc. Common Stock,$25.07,-1.275,-4.84%,264516528.00,United States,2020,67533,Health Care,Medical Specialities
BDTX,Black Diamond Therapeutics Inc. Common Stock,$2.04,-0.06,-2.857%,117205644.00,United States,2020,759107,Health Care,Biotechnology: Biological Products (No Diagnostic Substances)
BEAG,Bold Eagle Acquisition Corp. Class A Ordinary Shares,$10.80,0.0585,0.545%,0.00,United States,2024,813,,
BEAGR,Bold Eagle Acquisition Corp. Right,$0.25,0.00,0.00%,0.00,United States,2024,5014,,
BEAGU,Bold Eagle Acquisition Corp. Units,$11.22,0.00,0.00%,0.00,United States,2024,301,,
BEAM,Beam Therapeutics Inc. Common Stock,$29.02,-0.41,-1.393%,2997408038.00,United States,2020,888334,Health Care,Biotechnology: Biological Products (No Diagnostic Substances)
BEAT,Heartbeam Inc. Common Stock,$0.4547,-0.0153,-3.255%,25621968.00,United States,2021,316395,Health Care,Medical/Dental Instruments
BEATW,Heartbeam Inc. Warrant,$0.0103,0.0013,14.444%,580396.00,United States,2021,4447,Health Care,Medical/Dental Instruments
BEEM,Beam Global Common Stock,$1.39,-0.03,-2.113%,31460308.00,United States,,482826,Miscellaneous,Industrial Machinery/Components
BEEP,Mobile Infrastructure Corporation Common Stock,$2.92,-0.12,-3.947%,120596000.00,United States,,55982,Finance,Real Estate
BELFA,Bel Fuse Inc. Class A Common Stock,$202.58,-2.19,-1.069%,2925143781.00,United States,,127716,,
BELFB,Bel Fuse Inc. Class B Common Stock,$243.42,-5.855,-2.349%,3514850919.00,United States,,161340,,
BENF,Beneficient Class A Common Stock,$1.95,-0.13,-6.25%,30138658.00,United States,,11057,Finance,Finance: Consumer Services
BENFW,Beneficient Warrant,$0.0094,-0.0003,-3.093%,145284.00,United States,,3730,Finance,Finance: Consumer Services
BETR,Better Home & Finance Holding Company Class A Common Stock,$12.23,-1.61,-11.633%,232352621.00,United Kingdom,2021,686760,Finance,Finance: Consumer Services
BETRW,Better Home & Finance Holding Company Warrant,$0.0815,-0.0245,-23.113%,1548384.00,United Kingdom,2021,21063,Finance,Finance: Consumer Services
BFC,Bank First Corporation Common Stock,$150.33,-0.33,-0.219%,1666499300.00,United States,,100012,Finance,Major Banks
BFRG,Bullfrog AI Holdings Inc. Common Stock,$0.4862,-0.0489,-9.138%,9014951.00,United States,2023,248031,Health Care,Biotechnology: Pharmaceutical Preparations
BFRGW,Bullfrog AI Holdings Inc. Warrants,$0.0751,-0.0373,-33.185%,1392478.00,United States,2023,481,Health Care,Biotechnology: Pharmaceutical Preparations
BFRI,Biofrontera Inc. Common Stock,$1.535,0.005,0.327%,22798371.00,United States,2021,400680,Health Care,Biotechnology: Pharmaceutical Preparations
BFRIW,Biofrontera Inc. Warrants,$0.025,0.00,0.00%,371309.00,United States,2021,95,Health Care,Biotechnology: Pharmaceutical Preparations
BFST,Business First Bancshares Inc. Common Stock,$30.68,-0.34,-1.096%,998630410.00,United States,,285145,Finance,Major Banks
BGC,BGC Group Inc. Class A Common Stock,$11.99,-0.02,-0.167%,5700843599.00,United States,,2408419,Finance,Investment Bankers/Brokers/Service
BGDE,Big Digital Energy Inc. Common Stock,$6.22,-0.39,-5.90%,35232189.00,Australia,,53400,Finance,Finance: Consumer Services
BGIN,Bgin Blockchain Limited Class A Ordinary Shares,$2.0999,0.1899,9.942%,237574163.00,China,2025,8243,Finance,Finance: Consumer Services
BGL,Blue Gold Limited Class A Ordinary Shares,$0.188,-0.0168,-8.203%,7677501.00,United Kingdom,,233810,Basic Materials,Metal Mining
BGLC,BioNexus Gene Lab Corp Common stock,$1.47,-0.02,-1.342%,4312160.00,Malaysia,,1086,Health Care,Medical Specialities
BGLWW,Blue Gold Limited Warrant,$0.022,0.0019,9.453%,898431.00,United Kingdom,,509,Basic Materials,Metal Mining
BGM,BGM Group Ltd. Class A Ordinary Shares,$0.2729,0.001,0.368%,109330114.00,China,2021,31995,Health Care,Biotechnology: Pharmaceutical Preparations
BGMS,Bio Green Med Solution Inc. Common Stock,$0.85,-0.015,-1.734%,5629375.00,United States,,20365,Health Care,Biotechnology: Pharmaceutical Preparations
BHAV,BHAV Acquisition Corp Class A Ordinary Shares,$10.03,0.00,0.00%,0.00,United States,2026,869,Finance,Blank Checks
BHAVR,BHAV Acquisition Corp Rights,$0.2001,-0.0001,-0.05%,0.00,United States,2026,19546,Finance,Blank Checks
BHAVU,BHAV Acquisition Corp Units,$10.17,0.00,0.00%,0.00,United States,2026,1001,Finance,Blank Checks
BHF,Brighthouse Financial Inc. Common Stock,$52.99,-0.03,-0.057%,3047537723.00,United States,,776984,Finance,Life Insurance
BHFAL,Brighthouse Financial Inc. 6.25% Junior Subordinated Debentures due 2058,$15.29,-0.0794,-0.517%,879351798.00,United States,,21615,Finance,Life Insurance
BHFAM,Brighthouse Financial Inc. Depositary shares each representing a 1/1000th Interest in a Share of 4.625% Non-Cumulative Preferred Stock Series D,$10.14,-0.05,-0.491%,583167249.00,United States,,38170,Finance,Life Insurance
BHFAN,Brighthouse Financial Inc. Depositary shares each representing a 1/1000th interest in a share of 5.375% Non-Cumulative Preferred Stock Series C,$11.69,-0.10,-0.848%,672310171.00,United States,,20475,Finance,Life Insurance
BHFAO,Brighthouse Financial Inc. Depositary Shares 6.75% Non-Cumulative Preferred Stock Series B,$14.65,-0.06,-0.408%,842544398.00,United States,,22889,Finance,Life Insurance
BHFAP,Brighthouse Financial Inc. Depositary Shares 6.6% Non-Cumulative Preferred Stock Series A,$14.28,-0.11,-0.764%,821265120.00,United States,,39148,Finance,Life Insurance
BHRB,Burke & Herbert Financial Services Corp. Common Stock,$70.63,-0.68,-0.954%,1425810141.00,United States,,105087,Finance,Major Banks
BHST,BioHarvest Sciences Inc. Common Stock,$1.92,0.01,0.524%,43522257.00,Canada,,3578,,
BIAF,bioAffinity Technologies Inc. Common Stock,$6.59,2.03,44.518%,3903738.00,United States,2022,45938658,Health Care,Biotechnology: Commercial Physical & Biological Resarch
BIAFW,bioAffinity Technologies Inc. Warrant,$0.16,0.0849,113.049%,94780.00,United States,2022,17274,Health Care,Biotechnology: Commercial Physical & Biological Resarch
BID,Tribeca Strategic Acquisition Corp. Class A Ordinary Shares,$9.89,0.00,0.00%,0.00,United States,2026,3760,Finance,Blank Checks
BIDU,Baidu Inc. ADS,$94.86,-0.42,-0.441%,32276367233.00,China,2005,1778168,Technology,Computer Software: Programming Data Processing
BIDWR,Tribeca Strategic Acquisition Corp. Rights,$0.1017,-0.0283,-21.769%,0.00,United States,2026,2100,Finance,Blank Checks
BIDWU,Tribeca Strategic Acquisition Corp. Unit,$9.95,0.00,0.00%,0.00,United States,2026,3,Finance,Blank Checks
BIIB,Biogen Inc. Common Stock,$216.04,-0.61,-0.282%,31920773728.00,United States,,785496,Health Care,Biotechnology: Biological Products (No Diagnostic Substances)
BILI,Bilibili Inc. American Depositary Shares,$15.79,-0.37,-2.29%,6578487386.00,China,2018,3219914,Technology,EDP Services
BIOA,BioAge Labs Inc. Common Stock,$9.52,0.02,0.211%,436938574.00,United States,2024,605317,Health Care,Biotechnology: Pharmaceutical Preparations
BIOT,Instinct Bio Technical Company Holdings Inc. Ordinary Shares,$0.4217,0.0017,0.405%,12125499.00,Japan,,87934,Consumer Discretionary,Package Goods/Cosmetics
BIOTW,Instinct Bio Technical Company Holdings Inc. Warrants,$0.019,0.0015,8.571%,546323.00,Japan,,19182,Consumer Discretionary,Package Goods/Cosmetics
BIOX,Bioceres Crop Solutions Corp. Ordinary Shares,$0.4599,0.0299,6.953%,29078667.00,Argentina,,500773,Industrials,Agricultural Chemicals
BIRD,Smartbird Inc. Class A Common Stock,$2.35,-0.105,-4.277%,27751604.00,United States,2021,432603,Consumer Discretionary,Apparel
BIVI,BioVie Inc. Class A Common Stock,$2.24,-0.04,-1.754%,18930572.00,United States,,483262,Health Care,Biotechnology: Pharmaceutical Preparations
BIVIW,BioVie Inc. Warrant,$0.34,-0.05,-12.821%,2873390.00,United States,,5747,Health Care,Biotechnology: Pharmaceutical Preparations
BIXI,Bitcoin Infrastructure Acquisition Corp Ltd. Class A Ordinary Shares,$10.085,-0.015,-0.149%,0.00,United States,2025,2717,,
BIXIU,Bitcoin Infrastructure Acquisition Corp Ltd. Unit ,$10.26,0.00,0.00%,0.00,United States,2025,55,Finance,Blank Checks
BIXIW,Bitcoin Infrastructure Acquisition Corp Ltd. Warrant,$0.31,-0.0899,-22.481%,0.00,United States,2025,3396,,
BIYA,Baiya International Group Inc Class A Ordinary Shares,$2.20,-0.05,-2.222%,14037654.00,China,2025,40362,Consumer Discretionary,Diversified Commercial Services
BJDX,Bluejay Diagnostics Inc. Common Stock,$0.8475,-0.0225,-2.586%,3786673.00,United States,2021,175002,Health Care,Medical/Dental Instruments
BJRI,BJ's Restaurants Inc. Common Stock,$61.75,-1.84,-2.894%,1313654989.00,United States,,664056,Consumer Discretionary,Restaurants
BKHA,Black Hawk Acquisition Corporation Class A Ordinary Shares,$11.97,0.00,0.00%,0.00,United States,2024,313,Health Care,Biotechnology: Biological Products (No Diagnostic Substances)
BKHAR,Black Hawk Acquisition Corporation Rights,$1.29,0.01,0.781%,0.00,United States,2024,1053,Health Care,Biotechnology: Biological Products (No Diagnostic Substances)
BKHAU,Black Hawk Acquisition Corporation Units,$12.00,0.00,0.00%,0.00,United States,2024,9,,
BKNG,Booking Holdings Inc. Common Stock,$195.69,-3.40,-1.708%,147037650045.00,United States,,5301251,Consumer Discretionary,Transportation Services
BKR,Baker Hughes Company Class A Common Stock,$63.655,0.105,0.165%,63188667990.00,United States,,6046491,Consumer Discretionary,Oil and Gas Field Machinery
BKYI,BIO-key International Inc. Common Stock,$3.01,-0.09,-2.903%,4323395.00,United States,,16553,Technology,Computer Software: Prepackaged Software
BL,BlackLine Inc. Common Stock,$32.21,-1.01,-3.04%,1872214947.00,United States,2016,768228,Technology,Computer Software: Prepackaged Software
BLBD,Blue Bird Corporation Common Stock,$60.55,2.40,4.127%,1917984161.00,United States,2014,915575,Consumer Discretionary,Construction/Ag Equipment/Trucks
BLDP,Ballard Power Systems Inc. Common Shares,$2.24,-0.07,-3.03%,675374547.00,Canada,,2383078,Energy,Industrial Machinery/Components
BLFS,BioLife Solutions Inc. Common Stock,$35.47,-1.60,-4.316%,1734720791.00,United States,,950290,Health Care,Biotechnology: Electromedical & Electrotherapeutic Apparatus
BLIN,Bridgeline Digital Inc. Common Stock,$0.9749,-0.0251,-2.51%,12283622.00,United States,2007,19789,Technology,Computer Software: Prepackaged Software
BLIV,BeLive Holdings Ordinary Share,$2.15,0.00,0.00%,23359324.00,Singapore,2025,344,Technology,EDP Services
BLKB,Blackbaud Inc. Common Stock,$47.78,-0.28,-0.583%,2168738835.00,United States,2004,371117,Technology,Computer Software: Prepackaged Software
BLLN,BillionToOne Inc. Class A Common Stock,$92.32,1.65,1.82%,4356307348.00,United States,2025,426423,Health Care,Medical Specialities
BLMN,Bloomin' Brands Inc. Common Stock,$9.74,-0.56,-5.437%,833947732.00,United States,2012,2041253,Consumer Discretionary,Restaurants
BLNE,Beeline Holdings Inc. Common Stock,$1.05,0.055,5.528%,34574555.00,United States,,1056636,Finance,Finance: Consumer Services
BLNK,Blink Charging Co. Common Stock,$0.5077,-0.0121,-2.328%,73585386.00,United States,,1404416,Miscellaneous,Industrial Machinery/Components
BLRK,Bluerock Acquisition Corp. Class A Ordinary Shares,$10.08,0.00,0.00%,0.00,United States,2026,772,,
BLRKU,Bluerock Acquisition Corp. Unit,$10.23,0.00,0.00%,0.00,United States,2025,2,,
BLRKW,Bluerock Acquisition Corp. Warrants,$0.38,-0.0469,-10.986%,0.00,United States,2026,42087,,
BLRX,BioLineRx Ltd. American Depositary Shares,$2.76,-0.04,-1.429%,12056494.00,Israel,,69270,Health Care,Biotechnology: Pharmaceutical Preparations
BLSM,BlossomHill Therapeutics Inc. Common Stock,$18.99,0.69,3.77%,574505135.00,United States,2026,141237,Health Care,Biotechnology: Pharmaceutical Preparations
BLTE,Belite Bio Inc American Depositary Shares,$156.70,0.99,0.636%,6310644965.00,United States,2022,114150,Health Care,Biotechnology: Pharmaceutical Preparations
BLUW,Blue Water Acquisition Corp. III Class A Ordinary Shares,$10.3688,-0.0112,-0.108%,75121956.00,United States,2025,20926,,
BLUWU,Blue Water Acquisition Corp. III Unit.,$10.50,0.00,0.00%,0.00,United States,2025,6,Health Care,Biotechnology: Biological Products (No Diagnostic Substances)
BLUWW,Blue Water Acquisition Corp. III Warrant.,$0.2805,-0.0195,-6.50%,0.00,United States,2025,1518,,
BLZE,Backblaze Inc. Class A Common Stock,$13.53,-0.60,-4.246%,837507000.00,United States,2021,2061475,Technology,Computer Software: Prepackaged Software
BLZR,Trailblazer Acquisition Corp. Class A Ordinary Shares,$10.21,0.00,0.00%,0.00,United States,2025,113572,Finance,Blank Checks
BLZRU,Trailblazer Acquisition Corp. Unit,$10.33,0.00,0.00%,0.00,United States,2025,26,,
BLZRW,Trailblazer Acquisition Corp. Warrant,$0.37,-0.002,-0.538%,0.00,United States,2025,25217,Finance,Blank Checks
BMBL,Bumble Inc. Class A Common Stock,$2.68,-0.06,-2.19%,353675082.00,United States,2021,2508693,Technology,Computer Software: Programming Data Processing
BMEA,Biomea Fusion Inc. Common Stock,$1.80,0.12,7.143%,130470934.00,United States,2021,2264865,Health Care,Biotechnology: Pharmaceutical Preparations
BMGL,Basel Medical Group Ltd Ordinary Shares,$5.08,-0.48,-8.633%,7952638.00,Singapore,2025,1193,Health Care,Medical/Nursing Services
BMHL,Bluemount Holdings Limited Class B Ordinary Shares,$5.9114,0.00,0.00%,150859797.00,Hong Kong,2025,405,Finance,Finance: Consumer Services
BMM,Blue Moon Metals Inc. Common Shares,$5.75,-0.31,-5.116%,602962256.00,Canada,,236646,,
BMR,Beamr Imaging Ltd. Ordinary Share,$1.1901,-0.0499,-4.024%,18482079.00,Israel,2023,22121,Technology,Computer Software: Prepackaged Software
BMRA,Biomerica Inc. Common Stock,$2.09,0.00,0.00%,9371506.00,United States,,34376,Health Care,Biotechnology: In Vitro & In Vivo Diagnostic Substances
BMRC,Bank of Marin Bancorp Common Stock,$26.47,-0.11,-0.414%,428661745.00,United States,,139747,Finance,Major Banks
BMRN,BioMarin Pharmaceutical Inc. Common Stock,$64.84,-0.39,-0.598%,12551322534.00,United States,1999,1782451,Health Care,Biotechnology: Pharmaceutical Preparations
BNAI,Brand Engagement Network Inc. Common Stock,$11.13,-0.13,-1.155%,83510438.00,United States,2021,106832,Technology,EDP Services
BNAIW,Brand Engagement Network Inc. Warrant,$0.086,0.0109,14.514%,645274.00,United States,2021,2200,Technology,EDP Services
BNC,CEA Industries Inc. Common Stock,$2.81,-0.28,-9.061%,115951419.00,United States,,195835,Consumer Staples,Farming/Seeds/Milling
BNCWW,CEA Industries Inc. Warrant,$0.0149,0.00,0.00%,614831.00,United States,,10,Consumer Staples,Farming/Seeds/Milling
BNCWZ,CEA Industries Inc. Warrant,$0.0575,-0.0124,-17.74%,2372671.00,United States,,29048,Consumer Staples,Farming/Seeds/Milling
BNGO,Bionano Genomics Inc. Common Stock,$1.22,0.00,0.00%,14367940.00,United States,2018,207260,Industrials,Biotechnology: Laboratory Analytical Instruments
BNKK,Bonk Inc. Common Stock,$1.22,-0.01,-0.813%,9761147.00,United States,2020,68424,Consumer Discretionary,Package Goods/Cosmetics
BNR,Burning Rock Biotech Limited American Depositary Shares,$9.22,-0.23,-2.434%,97237282.00,China,2020,3390,Health Care,Medical Specialities
BNTC,Benitec Biopharma Inc. Common Stock,$12.31,0.14,1.15%,422901852.00,United States,2015,78302,Health Care,Biotechnology: Pharmaceutical Preparations
BNTX,BioNTech SE American Depositary Share,$101.945,0.335,0.33%,25609029092.00,Germany,2019,1040072,Health Care,Biotechnology: Biological Products (No Diagnostic Substances)
BODI,The Beachbody Company Inc. Class A Common Stock,$5.69,-0.16,-2.735%,41314988.00,United States,,43319,Consumer Discretionary,Other Consumer Services
BOF,BranchOut Food Inc. Common Stock,$3.91,-0.07,-1.759%,63094176.00,United States,2023,13043,Consumer Staples,Packaged Foods
BOKF,BOK Financial Corporation Common Stock,$133.60,-2.48,-1.822%,8118453431.00,United States,,221373,Finance,Major Banks
BOLD,Boundless Bio Inc. Common Stock,$2.89,0.08,2.847%,65741677.00,United States,2024,145933,Health Care,Biotechnology: Pharmaceutical Preparations
BOLT,Bolt Biotherapeutics Inc. Common Stock,$4.07,0.09,2.261%,7840224.00,United States,2021,8092,Health Care,Biotechnology: Pharmaceutical Preparations
BON,Bon Natural Life Limited Class A Ordinary Shares,$1.18,0.04,3.509%,9591996.00,China,2021,14297,Health Care, Medicinal Chemicals and Botanical Products 
BOOM,DMC Global Inc. Common Stock,$6.66,-0.41,-5.799%,136802720.00,United States,,68988,Industrials,Industrial Specialties
BOSC,B.O.S. Better Online Solutions Common Stock,$4.66,-0.02,-0.427%,32852115.00,Israel,,39113,Telecommunications,Computer Communications Equipment
BOT,RoboStrategy Inc. Common Stock,$25.34,-0.73,-2.80%,0.00,Puerto Rico,,211826,,
BOTJ,Bank of the James Financial Group Inc. Common Stock,$26.65,-0.39,-1.442%,121079958.00,United States,,28721,Finance,Major Banks
BOXL,Boxlight Corporation Class A Common Stock,$6.05,-0.23,-3.662%,4037728.00,United States,2017,18132,Real Estate,Other Consumer Services
BPAC,Blueport Acquisition Ltd Class A Ordinary Shares,$10.185,0.00,0.00%,0.00,United States,2026,10,,
BPACU,Blueport Acquisition Ltd Units,$10.3001,0.00,0.00%,0.00,United States,2025,13,Finance,Blank Checks
BPOP,Popular Inc. Common Stock,$167.23,-0.96,-0.571%,10665678722.00,United States,,588052,Finance,Major Banks
BPOPM,Popular Inc. Popular Capital Trust II - 6.125% Cumulative Monthly Income Trust Preferred Securities,$25.20,-0.30,-1.176%,1607218225.00,United States,,11513,Finance,Major Banks
BPRN,Princeton Bancorp Inc. Common Stock (PA),$42.26,0.04,0.095%,287925874.00,United States,,25082,Finance,Major Banks
BPYPM,Brookfield Property Partners L.P. 6.25% Class A Cumulative Redeemable Preferred Units Series 1,$16.85,0.2406,1.449%,20872558409.00,Bermuda,,13254,Finance,Real Estate
BPYPN,Brookfield Property Partners L.P. 5.750% Class A Cumulative Redeemable Perpetual Preferred Units Series 3,$13.75,0.0194,0.141%,17032503153.00,Bermuda,,16647,Finance,Real Estate
BPYPO,Brookfield Property Partners L.P. 6.375% Class A Cumulative Redeemable Perpetual Preferred Units Series 2,$15.05,0.0134,0.089%,18642848905.00,Bermuda,,29246,Finance,Real Estate
BPYPP,Brookfield Property Partners L.P. 6.50% Class A Cumulative Redeemable Perpetual Preferred Units,$16.175,0.1313,0.818%,20036417345.00,Bermuda,,6711,Finance,Real Estate
BRAG,Bragg Gaming Group Inc. Common Shares,$1.31,-0.07,-5.072%,40693059.00,Canada,,14591,Technology,Office Equipment/Supplies/Services
BRAI,Braiin Limited Common Stock,$5.83,0.35,6.387%,1201494369.00,Australia,,51508,Technology,EDP Services
BRBI,BRBI BR Partners S.A. ADSs,$10.69,0.7665,7.724%,535959677.00,Brazil,,920,Finance,Finance: Consumer Services
BRCB,Black Rock Coffee Bar Inc. Class A Common Stock,$9.32,-0.23,-2.408%,466677368.00,United States,2025,357607,Consumer Discretionary,Restaurants
BREZ,Breeze Acquisition Corp. II Ordinary Shares,$10.00,0.00,0.00%,0.00,United States,2026,22,Finance,Blank Checks
BREZR,Breeze Acquisition Corp. II Right,$0.2579,0.00,0.00%,0.00,United States,2026,77,Finance,Blank Checks
BRFH,Barfresh Food Group Inc. Common Stock,$1.29,0.01,0.781%,21037542.00,United States,,3881,Consumer Staples,Packaged Foods
BRID,Bridgford Foods Corporation Common Stock,$6.18,0.09,1.478%,56094822.00,United States,,2136,Consumer Staples,Specialty Foods
BRKH,Burtech Acquisition Corp II Class A Ordinary Shares,$9.97,0.00,0.00%,0.00,United States,2026,345,Finance,Blank Checks
BRKHU,Burtech Acquisition Corp II Unit,$10.12,0.00,0.00%,0.00,United States,2026,20,Technology,Semiconductors
BRKHW,Burtech Acquisition Corp II Warrants,$0.15,0.00,0.00%,0.00,United States,2026,8,Finance,Blank Checks
BRKR,Bruker Corporation Common Stock,$56.03,-1.98,-3.413%,8536692475.00,United States,,2028362,Industrials,Biotechnology: Laboratory Analytical Instruments
BRKRP,Bruker Corporation 6.375% Mandatory Convertible Preferred Stock Series A,$415.16,-12.85,-3.002%,63253493631.00,United States,,1728,Industrials,Biotechnology: Laboratory Analytical Instruments
BRLS,Borealis Foods Inc. Class A Common Shares,$1.14,-0.04,-3.39%,24468169.00,Canada,2021,22879,Consumer Staples,Packaged Foods
BRLSW,Borealis Foods Inc. Warrant,$0.0306,-0.0293,-48.915%,656777.00,Canada,2021,7177,Consumer Staples,Packaged Foods
BRLT,Brilliant Earth Group Inc. Class A Common Stock,$1.34,-0.07,-4.965%,136442545.00,United States,2021,38848,Consumer Discretionary,Consumer Specialties
BRNS,Barinthus Biotherapeutics plc American Depositary Shares,$0.765,0.068,9.756%,31249403.00,United Kingdom,2021,188265,Health Care,Biotechnology: Pharmaceutical Preparations
BRNX,BrenX Ltd. Ordinary Shares,$3.52,-0.76,-17.757%,2537526.00,Israel,,2381261,Industrials,Building Products
BRR,ProCap Financial Inc. Common Stock,$2.08,-0.08,-3.704%,183808716.00,United States,2025,813806,Finance,Finance: Consumer Services
BRRWW,ProCap Financial Inc. Warrant,$0.2461,-0.0239,-8.852%,21747752.00,United States,2025,2686,Finance,Finance: Consumer Services
BRTMU,B&R Technology Merger Corp. Units,$9.965,0.00,0.00%,0.00,United States,2026,194788,,
BRTX,BioRestorative Therapies Inc. Common Stock (NV),$0.1982,-0.0042,-2.075%,5049773.00,United States,,166198,Health Care,Managed Health Care
BRUN,Boost Run Inc. Class A Common Stock,$16.82,-0.61,-3.50%,1336978758.00,United States,,1737618,Technology,EDP Services
BRVE,Braveheart Bio Inc. Common Stock,$26.28,0.78,3.059%,1930669083.00,United States,2026,342887,Health Care,Biotechnology: Pharmaceutical Preparations
BRZE,Braze Inc. Class A Common Stock,$32.78,-1.26,-3.702%,4018165811.00,United States,2021,2034866,Technology,Computer Software: Prepackaged Software
BSAA,BEST SPAC I Acquisition Corp. Class A Ordinary Shares,$11.185,0.085,0.766%,,Hong Kong,2025,7213,Finance,Blank Checks
BSAAR,BEST SPAC I Acquisition Corp. Rights,$0.09,0.00,0.00%,0.00,Hong Kong,2025,24,Finance,Blank Checks
BSBK,Bogota Financial Corp. Common Stock,$9.10,-0.06,-0.655%,116127948.00,United States,2020,5863,Finance,Banks
BSEM,BioStem Technologies Inc. Common Stock,$3.50,-0.18,-4.891%,62473149.00,United States,,89848,Health Care,Biotechnology: Biological Products (No Diagnostic Substances)
BSET,Bassett Furniture Industries Incorporated Common Stock,$18.62,-0.18,-0.957%,161216969.00,United States,,10738,Consumer Discretionary,Home Furnishings
BSIN,Big Sky Industrial Inc. Common Stock,$1.51,-0.01,-0.658%,79265076.00,United States,,668100,Energy,Oil & Gas Production
BSP,Bending Spoons S.p.A. Ordinary Shares,$40.50,-0.85,-2.056%,27875311650.00,Italy,2026,758520,Technology,Computer Software: Programming Data Processing
BSRR,Sierra Bancorp Common Stock,$39.42,-0.20,-0.505%,511017110.00,United States,,47961,Finance,Major Banks
BSVN,Bank7 Corp. Common stock,$51.42,0.06,0.117%,489819516.00,United States,2018,42019,Finance,Major Banks
BSY,Bentley Systems Incorporated Class B Common Stock,$35.62,-1.13,-3.075%,10760548706.00,United States,2020,1590155,Technology,Computer Software: Prepackaged Software
BTAI,BioXcel Therapeutics Inc. Common Stock,$0.137,-0.0258,-15.848%,4288853.00,United States,2018,15411790,Health Care,Biotechnology: Pharmaceutical Preparations
BTBD,BT Brands Inc. Common Stock,$1.50,-0.03,-1.961%,9277086.00,United States,2021,58963,Consumer Discretionary,Restaurants
BTBDW,BT Brands Inc. Warrant,$0.0316,0.00,0.00%,195437.00,United States,2021,10,Consumer Discretionary,Restaurants
BTBT,Bit Digital Inc. Ordinary Shares,$1.34,-0.09,-6.294%,483248894.00,United States,2018,14130823,Finance,Finance: Consumer Services
BTCS,BTCS Inc. Common Stock,$1.26,-0.10,-7.353%,66114646.00,United States,,1824765,Finance,Finance: Consumer Services
BTCT,BTC Digital Ltd. Ordinary Shares,$1.75,-0.345,-16.468%,20650992.00,China,,2487865,Finance,Finance: Consumer Services
BTDR,Bitdeer Technologies Group Class A Ordinary Shares,$10.35,-0.50,-4.608%,2812946236.00,Singapore,,9615097,Finance,Finance: Consumer Services
BTLN,Brightline Interactive Inc. Common Stock,$0.9428,-0.0334,-3.421%,20457640.00,United States,2021,199182,Technology,EDP Services
BTMD,Biote Corp. Class A Common Stock,$1.67,0.03,1.829%,59998872.00,United States,,690681,Health Care, Medicinal Chemicals and Botanical Products 
BTOC,Armlogi Holding Corp. Common Stock,$0.3008,0.0072,2.452%,13669278.00,United States,2024,18071,Consumer Discretionary,Office Equipment/Supplies/Services
BTOG,Bit Origin Limited Class A Ordinary Shares,$2.58,-0.19,-6.859%,2147055.00,United States,2019,96945,Finance,Finance: Consumer Services
BTQ,BTQ Technologies Corp. Common Stock,$2.99,-0.05,-1.645%,439771224.00,Canada,,2090150,,
BTSG,BrightSpring Health Services Inc. Common Stock,$59.16,0.76,1.301%,11705648498.00,United States,2024,1486104,Health Care,Medical/Nursing Services
BTSGU,BrightSpring Health Services Inc. Tangible Equity Unit,$195.03,2.43,1.262%,38589462922.00,United States,2024,1679,Health Care,Medical/Nursing Services
BTTC,Black Titan Corporation Ordinary Shares,$0.4023,-0.0117,-2.826%,4334630.00,Malaysia,,113110,Health Care,Biotechnology: Biological Products (No Diagnostic Substances)
BULL,Webull Corporation Class A Ordinary Shares,$9.13,-0.35,-3.692%,4836749072.00,United States,,10507592,Finance,Investment Bankers/Brokers/Service
BULLW,Webull Corporation Warrants,$3.07,-0.30,-8.902%,1626376742.00,United States,,2877,Finance,Investment Bankers/Brokers/Service
BUSE,First Busey Corporation Class A Common Stock,$29.90,-0.20,-0.664%,2469050984.00,United States,,732052,Finance,Major Banks
BUSEP,First Busey Corporation Depositary Shares Each Representing a 1/40thInterest in a Share of 8.25% Fixed-Rate Series B Non-Cumulative Perpetual Preferred Stock $0.001 par value,$25.90,0.06,0.232%,2138743160.00,United States,,3353,Finance,Major Banks
BUUU,BUUU Group Limited Class A Ordinary Share,$29.10,-1.54,-5.026%,485242500.00,Hong Kong,2025,34281,Consumer Discretionary,Services-Misc. Amusement & Recreation
BVC,BitVentures Limited Ordinary Shares,$13.65,0.07,0.515%,2293200000.00,China,2021,123960,Finance,Investment Managers
BVFL,BV Financial Inc. Common Stock,$21.22,-0.02,-0.094%,179746217.00,United States,2023,8713,Finance,Savings Institutions
BVS,Bioventus Inc. Class A Common Stock,$13.67,0.02,0.147%,1149536000.00,United States,2021,642912,Health Care,Medical/Dental Instruments
BWAY,BrainsWay Ltd. American Depositary Shares,$14.27,-0.25,-1.722%,571271281.00,Israel,2019,67135,Health Care,Medical/Dental Instruments
BWB,Bridgewater Bancshares Inc. Common Stock,$20.92,-0.15,-0.712%,583329577.00,United States,2018,90099,Finance,Major Banks
BWBBP,Bridgewater Bancshares Inc. Depositary Shares Each Representing a 1/100th Interest in a Share of 5.875% Non-Cumulative Perpetual Preferred Stock Series A,$19.88,0.19,0.965%,554330401.00,United States,,572,Finance,Major Banks
BWEN,Broadwind Inc. Common Stock,$4.155,-0.145,-3.372%,98296385.00,United States,,402333,Telecommunications,Metal Fabrications
BWFG,Bankwell Financial Group Inc. Common Stock,$65.46,-0.28,-0.426%,521845287.00,United States,2014,44360,Finance,Major Banks
BWIN,The Baldwin Insurance Group Inc. Class A Common Stock,$30.26,-0.59,-1.912%,4221219587.00,United States,2019,898149,Finance,Specialty Insurers
BWMN,Bowman Consulting Group Ltd. Common Stock,$42.60,0.01,0.023%,738492811.00,United States,2021,255087,Consumer Discretionary,Professional Services
BXBL,BOXABL Inc. Common stock,$4.01,0.12,3.085%,968388305.00,United States,2025,208313,Consumer Discretionary,Homebuilding
BYAH,Park Ha Biological Technology Co. Ltd. Class A Ordinary Shares,$2.78,-0.04,-1.418%,6520565.00,China,2024,31086,Consumer Discretionary,Package Goods/Cosmetics
BYFC,Broadway Financial Corporation Class A Common Stock,$11.80,-0.08,-0.673%,109486831.00,United States,,1356,Finance,Savings Institutions
BYND,Beyond Meat Inc. Common Stock,$12.45,-0.85,-6.391%,214064877.00,United States,2019,853082,Consumer Staples,Packaged Foods
BYRN,Byrna Technologies Inc. Common Stock,$3.395,-0.215,-5.956%,77397024.00,United States,,330220,Miscellaneous,Industrial Machinery/Components
BYSI,BeyondSpring Inc. Ordinary Shares,$0.6026,-0.0179,-2.885%,24778804.00,United States,2017,52651,Health Care,Biotechnology: Pharmaceutical Preparations
BZ,KANZHUN LIMITED American Depository Shares,$17.55,0.19,1.094%,8122240088.00,China,2021,9546298,Technology,Computer Software: Programming Data Processing
BZAI,Blaize Holdings Inc. Common Stock,$0.4567,-0.0309,-6.337%,66144792.00,United States,2025,2229406,Technology,Semiconductors
BZAIW,Blaize Holdings Inc. Warrants,$0.1035,-0.0015,-1.429%,14990116.00,United States,2025,75753,Technology,Semiconductors
BZFD,BuzzFeed Inc. Class A Common Stock,$1.10,-0.09,-7.563%,91668206.00,United States,2021,287583,Consumer Discretionary,Telecommunications Equipment
BZFDW,BuzzFeed Inc. Warrant,$0.0129,-0.0045,-25.862%,1075018.00,United States,2021,374746,Consumer Discretionary,Telecommunications Equipment
BZUN,Baozun Inc. American Depositary Shares,$2.74,-0.10,-3.521%,159271786.00,China,2015,193668,Consumer Discretionary,Catalog/Specialty Distribution
CAAS,China Automotive Systems Inc. Ordinary Share,$5.48,-0.03,-0.544%,165335447.00,China,,28223,Consumer Discretionary,Auto Parts:O.E.M.
CABA,Cabaletta Bio Inc. Common Stock,$3.30,0.19,6.109%,559499969.00,United States,2019,6645719,Health Care,Biotechnology: Biological Products (No Diagnostic Substances)
CABR,Caring Brands Inc. Common Stock,$1.35,0.01,0.746%,13997105.00,United States,,5070,Consumer Discretionary,Package Goods/Cosmetics
CAC,Camden National Corporation Common Stock,$56.17,-0.31,-0.549%,949107242.00,United States,,74710,Finance,Major Banks
CACC,Credit Acceptance Corporation Common Stock,$594.18,-5.56,-0.927%,6167933024.00,United States,1992,146461,Finance,Finance: Consumer Services
CADL,Candel Therapeutics Inc. Common Stock,$12.85,-0.22,-1.683%,983263560.00,United States,2021,935647,Health Care,Biotechnology: Biological Products (No Diagnostic Substances)
CAE,CAE Inc. Common Shares,$23.56,-0.60,-2.483%,7574744030.00,Canada,,1628861,Miscellaneous,Industrial Machinery/Components
CAES,Cantor Equity Partners VII Inc. Class A Ordinary Shares,$10.095,0.005,0.05%,0.00,United States,2026,7105,Finance,Blank Checks
CAI,Caris Life Sciences Inc. Common Stock,$24.78,-0.71,-2.785%,7002708709.00,United States,2025,4027419,Health Care,Medical Specialities
CAII,Collective Acquisition Corp. II Class A Ordinary Shares,$9.99,0.00,0.00%,0.00,United States,2026,313,Finance,Blank Checks
CAIIU,Collective Acquisition Corp. II Units,$10.06,-0.04,-0.396%,0.00,United States,2026,646,Finance,Blank Checks
CAIIW,Collective Acquisition Corp. II Warrants,$0.23,0.005,2.222%,0.00,United States,2026,23908,Finance,Blank Checks
CAKE,Cheesecake Factory Incorporated (The) Common Stock,$108.36,-1.13,-1.032%,5392062300.00,United States,1992,1360313,Consumer Discretionary,Restaurants
CALC,CalciMedica Inc. Common Stock,$2.00,-0.14,-6.542%,13656584.00,United States,2023,140392,Health Care,Biotechnology: Pharmaceutical Preparations
CALM,Cal-Maine Foods Inc. Common Stock,$79.02,0.10,0.127%,3707294023.00,United States,1996,529696,Consumer Staples,Farming/Seeds/Milling
CAMP,CAMP4 Therapeutics Corporation Common Stock,$3.79,-0.17,-4.293%,237834628.00,United States,2024,229396,Health Care,Biotechnology: Pharmaceutical Preparations
CAMT,Camtek Ltd. Ordinary Shares,$128.14,-5.86,-4.373%,5964738501.00,Israel,2000,311729,Technology,Electronic Components
CAN,Canaan Inc. American Depositary Shares,$0.3176,-0.0473,-12.962%,244542415.00,China,2019,15842829,Finance,Finance: Consumer Services
CAPN,Cayson Acquisition Corp Ordinary shares,$11.25,0.00,0.00%,0.00,United States,2024,7,,
CAPNR,Cayson Acquisition Corp Right,$0.1868,0.00,0.00%,0.00,United States,2024,126,Finance,Blank Checks
CAPR,Capricor Therapeutics Inc. Common Stock,$10.01,0.10,1.009%,581971280.00,United States,,6287874,Health Care,Biotechnology: Pharmaceutical Preparations
CAPS,Capstone Holding Corp. Common Stock,$0.185,0.00,0.00%,4023750.00,United States,,130634,Health Care,Biotechnology: Pharmaceutical Preparations
CAQ,Cambridge Acquisition Corp. Class A Ordinary Shares,$10.00,0.00,0.00%,0.00,United States,2026,32,,
CAQUU,Cambridge Acquisition Corp. Unit,$10.05,-0.02,-0.199%,0.00,United States,2026,361,,
CAQUW,Cambridge Acquisition Corp. Warrants,$0.31,0.0099,3.299%,0.00,United States,2026,300,,
CAR,Avis Budget Group Inc. Common Stock,$140.70,-6.79,-4.604%,4970333588.00,United States,,299019,Consumer Discretionary,Rental/Leasing Companies
CARE,Carter Bankshares Inc. Common Stock,$30.77,-0.47,-1.504%,681984157.00,United States,,254113,Finance,Major Banks
CARG,CarGurus Inc. Class A Common Stock ,$34.77,-0.89,-2.496%,3097084830.00,United States,2017,756343,Technology,EDP Services
CARL,Carlsmed Inc. Common Stock,$16.37,0.08,0.491%,446945903.00,United States,2025,87098,Health Care,Medical/Dental Instruments
CART,Maplebear Inc. Common Stock,$50.05,-0.47,-0.93%,11586578353.00,United States,2023,2570853,Consumer Discretionary,Business Services
CASH,Pathward Financial Inc. Common Stock,$80.34,-1.12,-1.375%,1668931903.00,United States,1993,194744,Finance,Major Banks
CASS,Cass Information Systems Inc Common Stock,$55.20,-0.91,-1.622%,706899425.00,United States,,87881,Consumer Discretionary,Business Services
CAST,FreeCast Inc. Class A Common Stock,$1.39,0.11,8.594%,66137676.00,United States,,1679254,Technology,EDP Services
CASY,Casey's General Stores Inc. Common Stock,$766.91,14.70,1.954%,28379438596.00,United States,1983,434418,Consumer Discretionary,Retail-Auto Dealers and Gas Stations
CATLU,Catalyst Acquisition Corp. Units,$9.98,0.005,0.05%,0.00,United States,2026,30871,,
CATY,Cathay General Bancorp Common Stock,$60.73,-0.48,-0.784%,4051530289.00,United States,,616430,Finance,Major Banks
CBAT,CBAK Energy Technology Limited Ordinary Shares,$1.03,0.02,1.98%,91305211.00,China,,570348,Miscellaneous,Industrial Machinery/Components
CBC,Central Bancompany Inc. Class A Common Stock,$31.53,-0.575,-1.791%,7551596843.00,United States,,638602,Finance,Major Banks
CBFV,CB Financial Services Inc. Common Stock,$37.10,-0.27,-0.723%,188526766.00,United States,,3254,Finance,Major Banks
CBIO,Crescent Biopharma Inc. Common Stock,$17.93,1.33,8.012%,665990844.00,United States,2014,788078,Health Care,Biotechnology: Pharmaceutical Preparations
CBK,Commercial Bancgroup Inc. Common Stock,$33.75,-0.03,-0.089%,462417863.00,United States,2025,60457,Finance,Major Banks
CBLL,CeriBell Inc. Common Stock,$24.58,0.60,2.502%,943333723.00,United States,2024,326002,Health Care,Biotechnology: Electromedical & Electrotherapeutic Apparatus
CBNK,Capital Bancorp Inc. Common Stock,$35.95,-0.19,-0.526%,585641893.00,United States,2018,55726,Finance,Major Banks
CBRL,Cracker Barrel Old Country Store Inc Common Stock,$54.20,-1.04,-1.883%,1211449132.00,United States,1981,972644,Consumer Discretionary,Restaurants
CBRS,Cerebras Systems Inc. Class A Common Stock,$172.62,-11.62,-6.307%,41008304757.00,United States,2026,6431826,Technology,Semiconductors
CBSH,Commerce Bancshares Inc. Common Stock,$57.14,-0.57,-0.988%,8195714651.00,United States,,736017,Finance,Major Banks
CBUS,Cibus Inc. Class A Common Stock,$1.56,-0.06,-3.704%,119229184.00,United States,2017,139490,Industrials,Agricultural Chemicals
CCAP,Crescent Capital BDC Inc. Common stock,$10.48,-0.14,-1.318%,386145577.00,United States,,284496,Finance,Finance: Consumer Services
CCAQ,Collective Acquisition Corp. Class A Ordinary Shares,$10.55,0.00,0.00%,0.00,United States,2025,12,Finance,Blank Checks
CCAQW,Collective Acquisition Corp. Warrants,$0.25,0.01,4.167%,0.00,United States,2025,10470,Finance,Blank Checks
CCB,Coastal Financial Corporation Common Stock,$47.17,0.06,0.127%,721056045.00,United States,2018,149834,Finance,Major Banks
CCBG,Capital City Bank Group Common Stock,$50.14,-0.34,-0.674%,858060712.00,United States,,87883,Finance,Major Banks
CCC,CCC Intelligent Solutions Holdings Inc. Common Stock,$7.24,-0.22,-2.949%,4264321657.00,United States,,5914783,Technology,Computer Software: Prepackaged Software
CCCC,C4 Therapeutics Inc. Common Stock,$3.87,0.16,4.313%,476107276.00,United States,2020,2364134,Health Care,Biotechnology: Biological Products (No Diagnostic Substances)
CCCT,Columbus Circle Capital Corp III Class A Ordinary Shares,$9.83,0.00,0.00%,0.00,United States,2026,24816,,
CCCTU,Columbus Circle Capital Corp III Units,$9.93,-0.02,-0.201%,0.00,United States,2026,4161,,
CCCTW,Columbus Circle Capital Corp III Warrants,$0.365,0.01,2.817%,0.00,United States,2026,53297,,
CCD,Calamos Dynamic Convertible & Income Fund Common Stock,$24.19,-0.445,-1.806%,0.00,United States,,59405,Finance,Trusts Except Educational Religious and Charitable
CCEC,Capital Clean Energy Carriers Corp. Common Share,$22.605,-0.245,-1.072%,1362850432.00,Greece,2007,4897,Consumer Discretionary,Marine Transportation
CCEP,Coca-Cola Europacific Partners plc Ordinary Shares,$107.60,-0.42,-0.389%,48848509791.00,United Kingdom,,1326420,Consumer Staples,Beverages (Production/Distribution)
CCG,Cheche Group Inc. Class A Ordinary Shares,$15.09,-0.41,-2.645%,37806878.00,China,,58202,Finance,Specialty Insurers
CCGWW,Cheche Group Inc. Warrant,$0.0146,-0.0039,-21.081%,36579.00,China,,3053,Finance,Specialty Insurers
CCHH,CCH Holdings Ltd Class A Ordinary Shares,$1.24,0.02,1.639%,24571501.00,Malaysia,2025,15209,Consumer Discretionary,Restaurants
CCII,Cohen Circle Acquisition Corp. II Class A Ordinary Shares,$10.31,-0.0157,-0.152%,0.00,United States,2025,20683,,
CCIIU,Cohen Circle Acquisition Corp. II Unit,$10.4701,0.00,0.00%,0.00,United States,2025,1,,
CCIIW,Cohen Circle Acquisition Corp. II Warrant,$0.7999,0.00,0.00%,0.00,United States,2025,281,,
CCLD,CareCloud Inc. Common Stock,$2.26,-0.09,-3.83%,96036121.00,United States,2014,268919,Technology,Computer Software: Prepackaged Software
CCNE,CNB Financial Corporation Common Stock,$33.42,-0.21,-0.624%,989929977.00,United States,,162244,Finance,Major Banks
CCNEP,CNB Financial Corporation Depositary Shares each representing a 1/40th ownership interest in a share of 7.125% Series A Fixed-Rate Non-Cumulative Perpetual Preferred Stock,$24.9001,0.1001,0.404%,737562999.00,United States,,564,Finance,Major Banks
CCOI,Cogent Communications Holdings Inc.,$9.01,-0.53,-5.556%,461453781.00,United States,,1612368,Consumer Discretionary,Telecommunications Equipment
CCSI,Consensus Cloud Solutions Inc. Common Stock,$36.13,-2.12,-5.542%,662079432.00,United States,,252564,Technology,Computer Software: Prepackaged Software
CCTG,CCSC Technology International Holdings Limited Class A Ordinary Shares,$0.6488,-0.0094,-1.428%,8810825.00,Hong Kong,2024,49698,Consumer Discretionary,Building Products
CCXI,Churchill Capital Corp XI Class A Ordinary Shares,$13.05,-0.325,-2.43%,0.00,United States,2026,1319419,Finance,Blank Checks
CCXIU,Churchill Capital Corp XI Units,$14.00,-0.10,-0.709%,0.00,United States,2025,1742,Finance,Blank Checks
CCXIW,Churchill Capital Corp XI Warrants,$6.30,-0.395,-5.90%,0.00,United States,2026,22354,,
CD,Chaince Digital Holdings Inc. Ordinary Shares,$3.03,0.04,1.338%,333311514.00,China,2015,174408,Finance,Finance: Consumer Services
CDIO,Cardio Diagnostics Holdings Inc. Common stock,$1.85,-0.02,-1.07%,5475018.00,United States,2022,8477,Health Care,Biotechnology: In Vitro & In Vivo Diagnostic Substances
CDIOW,Cardio Diagnostics Holdings Inc. Warrant,$0.0162,-0.0005,-2.994%,47943.00,United States,2022,1197,Health Care,Biotechnology: In Vitro & In Vivo Diagnostic Substances
CDLX,Cardlytics Inc. Common Stock,$3.72,-0.31,-7.692%,21906024.00,United States,2018,41512,Technology,Computer Software: Programming Data Processing
CDNA,CareDx Inc. Common Stock,$48.97,-1.14,-2.275%,2533424900.00,United States,2014,1247984,Health Care,Medical Specialities
CDNL,Cardinal Infrastructure Group Inc. Class A Common Stock,$36.01,-0.97,-2.623%,1709504855.00,United States,2025,589689,Industrials,Military/Government/Technical
CDNS,Cadence Design Systems Inc. Common Stock,$313.04,-25.74,-7.598%,86209024720.00,United States,,2281695,Technology,Computer Software: Prepackaged Software
CDRO,Codere Online Luxembourg S.A. Ordinary Shares,$8.65,-0.20,-2.26%,393314765.00,Luxembourg,,20710,Consumer Discretionary,Services-Misc. Amusement & Recreation
CDROW,Codere Online Luxembourg S.A. Warrants,$0.6822,-0.0158,-2.264%,31019576.00,Luxembourg,,3905,Consumer Discretionary,Services-Misc. Amusement & Recreation
CDT,CDT Equity Inc. Common Stock,$1.48,-0.20,-11.905%,1164272.00,United States,2022,2451870,Health Care,Biotechnology: Pharmaceutical Preparations
CDTG,CDT Environmental Technology Investment Holdings Limited ordinary shares,$1.00,-0.01,-0.99%,3021000.00,China,2024,288140,Industrials,Miscellaneous
CDTTW,CDT Equity Inc. Warrant,$0.0108,0.00,0.00%,8496.00,United States,2022,16,Health Care,Biotechnology: Pharmaceutical Preparations
CDW,CDW Corporation Common Stock,$150.30,-1.28,-0.844%,18790119128.00,United States,2013,1655467,Consumer Discretionary,Catalog/Specialty Distribution
CDXS,Codexis Inc. Common Stock,$1.51,-0.19,-11.176%,165353705.00,United States,2010,1065169,Industrials,Major Chemicals
CDZI,CADIZ Inc. Common Stock,$3.97,0.00,0.00%,336167988.00,United States,,847147,Utilities,Water Supply
CDZIP,Cadiz Inc. Depositary Shares,$22.05,0.05,0.227%,1867129504.00,United States,,867,Utilities,Water Supply
CECO,CECO Environmental Corp. Common Stock,$70.55,-0.65,-0.913%,4132101507.00,United States,1998,753487,Industrials,Pollution Control Equipment
CEG,Constellation Energy Corporation Common Stock ,$280.31,5.54,2.016%,99315901407.00,United States,,2412056,Utilities,Electric Utilities: Central
CELC,Celcuity Inc. Common Stock,$91.98,2.92,3.279%,4500756898.00,United States,2017,1161818,Health Care,Medical Specialities
CELH,Celsius Holdings Inc. Common Stock,$30.72,-0.73,-2.321%,7773236644.00,United States,,6898664,Consumer Staples,Beverages (Production/Distribution)
CELU,Celularity Inc. Class A Common Stock,$1.88,0.03,1.622%,54418407.00,United States,2019,1614990,Health Care,Biotechnology: Pharmaceutical Preparations
CELZ,Creative Medical Technology Holdings Inc. Common Stock,$1.10,-0.03,-2.655%,7251813.00,United States,,104866,Health Care,Biotechnology: Biological Products (No Diagnostic Substances)
CENN,Cenntro Inc. Common Stock,$4.09,0.0644,1.60%,10046889.00,New Zealand,,4569,Industrials,Auto Manufacturing
CENT,Central Garden & Pet Company Common Stock,$42.12,-0.86,-2.001%,2636400228.00,United States,1993,106258,Consumer Discretionary,Consumer Specialties
CENTA,Central Garden & Pet Company Class A Common Stock Nonvoting,$36.42,-0.79,-2.123%,2279622419.00,United States,,467359,Consumer Discretionary,Consumer Specialties
CENX,Century Aluminum Company Common Stock,$46.78,1.01,2.207%,4630906340.00,United States,1996,1915545,Industrials,Aluminum
CEPF,Cantor Equity Partners IV Inc. Class A Ordinary Shares,$10.39,0.02,0.193%,0.00,United States,2025,1966,Finance,Blank Checks
CEPL,Capstone Energy Plus Inc. Common Stock,$5.60,-0.205,-3.531%,182624898.00,United States,,468693,Industrials,Industrial Machinery/Components
CEPO,Cantor Equity Partners I Inc. Class A Ordinary Shares,$10.76,0.01,0.093%,0.00,United States,2025,34334,Finance,Blank Checks
CEPS,Cantor Equity Partners VI Inc. Class A Ordinary Shares,$10.36,0.01,0.097%,0.00,United States,2026,1940,Finance,Blank Checks
CEPV,Cantor Equity Partners V Inc. Class A Ordinary Shares,$10.38,0.00,0.00%,0.00,United States,2025,3577,,
CERS,Cerus Corporation Common Stock,$2.61,-0.03,-1.136%,525979984.00,United States,1997,1083886,Health Care,Medical/Dental Instruments
CERT,Certara Inc. Common Stock,$8.10,-0.19,-2.292%,1235564118.00,United States,2020,2480097,Technology,Computer Software: Prepackaged Software
CETX,Cemtrex Inc. Common Stock,$2.535,-0.065,-2.50%,4363092.00,United States,,20714,Technology,Electrical Products
CETY,Clean Energy Technologies Inc. Common Stock,$1.035,-0.025,-2.358%,12591920.00,United States,,20100,Utilities,Oil/Gas Transmission
CEVA,CEVA Inc. Common Stock,$26.23,-0.82,-3.031%,738481309.00,United States,,1153914,Technology,Computer Software: Programming Data Processing
CFBK,CF Bankshares Inc. Common Stock,$34.65,0.09,0.26%,222297491.00,United States,,23662,Finance,Major Banks
CFFI,C&F Financial Corporation Common Stock,$91.41,0.40,0.44%,297237074.00,United States,,173653,Finance,Major Banks
CFFN,Capitol Federal Financial Inc. Common Stock,$8.55,-0.06,-0.697%,1074720320.00,United States,,750980,Finance,Savings Institutions
CG,The Carlyle Group Inc. Common Stock,$46.54,-1.85,-3.823%,16583728419.00,United States,2012,3032055,Finance,Investment Managers
CGABL,The Carlyle Group Inc. 4.625% Subordinated Notes due 2061,$16.14,0.15,0.938%,5837917199.00,United States,,19696,Finance,Investment Managers
CGBD,Carlyle Secured Lending Inc. Common Stock,$11.55,-0.43,-3.589%,794692911.00,United States,2017,583796,Finance,Finance: Consumer Services
CGC,Canopy Growth Corporation Common Shares,$0.9751,-0.0199,-2.00%,412504037.00,Canada,,2415945,Health Care, Medicinal Chemicals and Botanical Products 
CGCF,Cartesian Growth Corporation IV Class A Ordinary Shares,$9.84,0.00,0.00%,0.00,United States,2026,1028,Finance,Blank Checks
CGCFU,Cartesian Growth Corporation IV Unit,$9.96,0.00,0.00%,0.00,United States,2026,53,Finance,Blank Checks
CGCFW,Cartesian Growth Corporation IV Warrants,$0.3351,0.015,4.686%,0.00,United States,2026,65300,Finance,Blank Checks
CGEM,Cullinan Therapeutics Inc. Common Stock,$21.79,-0.28,-1.269%,1402288782.00,United States,2021,546162,Health Care,Biotechnology: Biological Products (No Diagnostic Substances)
CGEN,Compugen Ltd. Ordinary Shares,$2.59,0.03,1.172%,244974207.00,Israel,2000,168927,Health Care,Biotechnology: Biological Products (No Diagnostic Substances)
CGNT,Cognyte Software Ltd. Ordinary Shares,$8.44,-0.42,-4.74%,623719216.00,Israel,,508964,Technology,Computer Software: Prepackaged Software
CGNX,Cognex Corporation Common Stock,$60.08,-0.88,-1.444%,10106888427.00,United States,1989,1543471,Industrials,Industrial Machinery/Components
CGO,Calamos Global Total Return Fund Common Stock,$13.01,-0.17,-1.29%,0.00,United States,2005,13028,Finance,Investment Managers
CGON,CG Oncology Inc. Common stock,$75.86,0.70,0.931%,6724258848.00,United States,2024,876168,Health Care,Biotechnology: Biological Products (No Diagnostic Substances)
CGTL,Creative Global Technology Holdings Limited Class A Ordinary Shares,$4.46,0.15,3.48%,7667877.00,China,2024,126299,Technology,Retail: Computer Software & Peripheral Equipment
CGTX,Cognition Therapeutics Inc. Common Stock,$1.01,-0.02,-1.942%,96044683.00,United States,2021,335880,Health Care,Biotechnology: Biological Products (No Diagnostic Substances)
CHA,Chagee Holdings Limited American Depositary Shares,$11.93,0.30,2.58%,2275806479.00,China,2025,2692772,Consumer Discretionary,Restaurants
CHAI,Core AI Holdings Inc. Common Shares,$0.336,-0.0459,-12.019%,8691260.00,Canada,2020,1744551,Telecommunications,Telecommunications Equipment
CHAR,Charlton Aria Acquisition Corporation Class A Ordinary Shares,$10.95,0.00,0.00%,0.00,United States,2024,1130,,
CHARR,Charlton Aria Acquisition Corporation Rights,$0.13,0.03,30.00%,0.00,United States,2024,249,,
CHCI,Comstock Holding Companies Inc. Class A Common Stock,$19.84,0.08,0.405%,203993928.00,United States,2004,45312,Finance,Real Estate
CHCO,City Holding Company Common Stock,$142.24,-0.71,-0.497%,1997783558.00,United States,,129751,Finance,Major Banks
CHDN,Churchill Downs Incorporated Common Stock,$86.65,-0.83,-0.949%,6039526056.00,United States,,1184102,Consumer Discretionary,Services-Misc. Amusement & Recreation
CHEC,Chenghe Acquisition III Co. Class A Ordinary Share,$10.23,0.00,0.00%,0.00,Singapore,2025,21,,
CHECW,Chenghe Acquisition III Co. Warrants,$0.132,0.003,2.326%,0.00,Singapore,2025,53795,,
CHEF,The Chefs' Warehouse Inc. Common Stock,$115.52,3.05,2.712%,4712763508.00,United States,2011,1133968,Consumer Discretionary,Food Distributors
CHGA,Change Agents Corporation Common Stock,$2.50,-0.39,-13.495%,2493350.00,United States,,162029,Technology,EDP Services
CHI,Calamos Convertible Opportunities and Income Fund Common Stock,$12.42,-0.29,-2.282%,0.00,United States,2002,188518,Finance,Investment Managers
CHKP,Check Point Software Technologies Ltd. Ordinary Shares,$134.47,-4.44,-3.196%,13729472254.00,Israel,1996,885296,Technology,Computer Software: Prepackaged Software
CHMG,Chemung Financial Corp Common Stock,$79.89,-1.18,-1.456%,385187398.00,United States,,29171,Finance,Major Banks
CHNR,China Natural Resources Inc. Common Stock,$3.9025,-0.1475,-3.642%,4812645.00,Hong Kong,,5228,Basic Materials,Precious Metals
CHPG,ChampionsGate Acquisition Corporation Class A Ordinary Share,$10.48,0.00,0.00%,0.00,United States,2025,6,,
CHR,Cheer Holding Inc. Class A Ordinary Share,$1.77,0.02,1.143%,3649887.00,China,2018,27412,Technology,EDP Services
CHRD,Chord Energy Corporation Common Stock,$150.41,3.30,2.243%,8227106928.00,United States,,519200,Energy,Oil & Gas Production
CHRN,ChronoScale Holdings Corporation Common Stock,$17.66,-0.52,-2.86%,2571957402.00,United States,,153935,Industrials,Industrial Machinery/Components
CHRS,Coherus Oncology Inc. Common Stock,$1.37,0.02,1.481%,211666323.00,United States,2014,695108,Health Care,Biotechnology: Biological Products (No Diagnostic Substances)
CHRW,C.H. Robinson Worldwide Inc. Common Stock,$147.88,-1.78,-1.189%,17279964033.00,United States,1997,1139843,Industrials,Integrated Freight & Logistics
CHSCL,CHS Inc Class B Cumulative Redeemable Preferred Stock Series 4,$25.35,-0.19,-0.744%,311095276.00,United States,,29935,Industrials,Farming/Seeds/Milling
CHSCM,CHS Inc Class B Reset Rate Cumulative Redeemable Preferred Stock Series 3,$24.31,-0.19,-0.776%,298332393.00,United States,,18246,Industrials,Farming/Seeds/Milling
CHSCN,CHS Inc Preferred Class B Series 2 Reset Rate,$25.16,-0.04,-0.159%,308763595.00,United States,,14733,Industrials,Farming/Seeds/Milling
CHSCO,CHS Inc. Class B Cumulative Redeemable Preferred Stock,$26.02,0.03,0.115%,319317518.00,United States,,9805,Industrials,Farming/Seeds/Milling
CHSCP,CHS Inc. 8%  Cumulative Redeemable Preferred Stock,$26.65,-0.04,-0.15%,327048880.00,United States,,10045,Industrials,Farming/Seeds/Milling
CHSN,Chanson International Holding Class A Ordinary Shares,$1.05,0.00,0.00%,3895276.00,China,2023,21293,Consumer Staples,Packaged Foods
CHTR,Charter Communications Inc. Class A Common Stock New,$146.19,-6.25,-4.10%,16750083555.00,United States,,2557289,Telecommunications,Cable & Other Pay Television Services
CHTRP,Charter Communications Inc. Series A Cumulative Redeemable Preferred Stock,$22.755,-0.615,-2.632%,2607210830.00,United States,,10219,Telecommunications,Cable & Other Pay Television Services
CHW,Calamos Global Dynamic Income Fund Common Stock,$8.39,-0.05,-0.592%,0.00,United States,2007,126357,Finance,Investment Managers
CHY,Calamos Convertible and High Income Fund Common Stock,$12.67,-0.22,-1.707%,0.00,United States,2003,137666,Finance,Investment Managers
CHYM,Chime Financial Inc. Class A Common Stock,$31.66,-1.45,-4.379%,11986004614.00,United States,2025,8099708,Finance,Finance: Consumer Services
CIFR,Cipher Digital Inc. Common Stock,$14.61,-0.89,-5.742%,6063598848.00,United States,2020,19939617,Finance,Finance: Consumer Services
CIGI,Colliers International Group Inc. Subordinate Voting Shares,$99.14,-1.52,-1.51%,5066432814.00,Canada,,127366,Finance,Real Estate
CIGL,Concorde International Group Ltd Class A Ordinary Shares,$0.42,-0.0079,-1.846%,95333897.00,Singapore,2025,54715,Consumer Discretionary,Diversified Commercial Services
CIIT,Tianci International Inc. Common Stock,$2.88,-0.09,-3.03%,2786086.00,Hong Kong,,45141,Telecommunications,Computer Communications Equipment
CINF,Cincinnati Financial Corporation Common Stock,$170.39,0.49,0.288%,26151124088.00,United States,,566860,Finance,Property-Casualty Insurers
CING,Cingulate Inc. Common Stock,$5.11,-0.06,-1.161%,74308731.00,United States,2021,70495,Health Care,Biotechnology: Pharmaceutical Preparations
CINGW,Cingulate Inc. Warrants,$0.0091,-0.0004,-4.211%,132331.00,United States,2021,7100,Health Care,Biotechnology: Pharmaceutical Preparations
CIRC,Circle8 Group Inc. Common Stock,$0.7012,-0.0312,-4.26%,80222134.00,United States,2024,323695,Industrials,Biotechnology: Laboratory Analytical Instruments
CISO,CISO Global Inc. Common Stock,$0.225,-0.004,-1.747%,10243272.00,United States,,148008,Consumer Discretionary,Professional Services
CISS,C3is Inc. Common Stock,$1.57,-0.14,-8.187%,2336113.00,Greece,,286727,Consumer Discretionary,Marine Transportation
CIVB,Civista Bancshares Inc. Common Stock,$26.97,-0.01,-0.037%,560820599.00,United States,,196599,Finance,Major Banks
CJMB,Callan JMB Inc. Common Stock,$2.13,-0.02,-0.93%,12252544.00,United States,2025,270340,Consumer Discretionary,Business Services
CLAR,Clarus Corporation Common Stock,$3.64,-0.08,-2.151%,139368884.00,United States,,127490,Consumer Discretionary,Recreational Games/Products/Toys
CLBK,Columbia Financial Inc. Common Stock,$11.50,-0.12,-1.033%,1196545894.00,United States,2018,3040207,Finance,Savings Institutions
CLBT,Cellebrite DI Ltd. Ordinary Shares,$11.85,-0.15,-1.25%,2955861831.00,Israel,,1772240,Technology,Computer Software: Prepackaged Software
CLDX,Celldex Therapeutics Inc.,$39.24,-0.39,-0.984%,3081498836.00,United States,,542500,Health Care,Biotechnology: In Vitro & In Vivo Diagnostic Substances
CLFD,Clearfield Inc. Common Stock,$28.25,-0.76,-2.62%,383746729.00,United States,,139666,Utilities,Telecommunications Equipment
CLGN,CollPlant Biotechnologies Ltd Ordinary Shares,$0.3726,-0.0153,-3.944%,7045198.00,Israel,,6879394,Health Care,Industrial Specialties
CLIK,Click Holdings Limited Class A Ordinary Share,$1.43,0.05,3.623%,12245137.00,Hong Kong,2024,130476,Consumer Discretionary,Diversified Commercial Services
CLIR,ClearSign Technologies Corporation Common Stock (DE),$4.15,-0.11,-2.582%,28250938.00,United States,2012,1612,Industrials,Industrial Machinery/Components
CLLS,Cellectis S.A. American Depositary Shares,$3.30,-0.05,-1.493%,331740011.00,France,2015,9826,Health Care,Biotechnology: Pharmaceutical Preparations
CLMB,Climb Global Solutions Inc. Common Stock,$27.99,-0.54,-1.893%,522311286.00,United States,,187288,Technology,Retail: Computer Software & Peripheral Equipment
CLMT,Calumet Inc. Common Stock,$51.52,1.79,3.599%,4528517016.00,United States,2006,2046462,Energy,Integrated oil Companies
CLNE,Clean Energy Fuels Corp. Common Stock,$1.61,0.02,1.258%,354916474.00,United States,2007,1486542,Utilities,Natural Gas Distribution
CLNN,Clene Inc. Common Stock,$4.105,-0.175,-4.089%,52743146.00,United States,,159081,Health Care,Biotechnology: Pharmaceutical Preparations
CLOV,Clover Health Investments Corp. Class A Common Stock,$4.30,0.15,3.614%,2283971931.00,United States,,3562362,Health Care,Medical Specialities
CLPS,CLPS Incorporation Common Stock,$1.09,-0.01,-0.909%,32420363.00,China,2018,9966,Technology,Computer Software: Prepackaged Software
CLPT,ClearPoint Neuro Inc. Common Stock,$14.90,-0.24,-1.585%,454512982.00,United States,,809300,Health Care,Medical/Dental Instruments
CLRB,Cellectar Biosciences Inc.  Common Stock,$2.46,-0.05,-1.992%,23252186.00,United States,,46432,Health Care,Biotechnology: Pharmaceutical Preparations
CLRO,ClearOne Inc. Common Stock,$5.22,0.01,0.192%,13965651.00,United States,,32413,Utilities,Telecommunications Equipment
CLSK,CleanSpark Inc. Common Stock,$11.06,-0.56,-4.819%,2840396827.00,United States,,11947113,Finance,Finance: Consumer Services
CLSKW,CleanSpark Inc. Warrant,$0.26,-0.0025,-0.952%,66772439.00,United States,,30534,Finance,Finance: Consumer Services
CLST,Catalyst Bancorp Inc. Common Stock,$17.75,-0.06,-0.337%,71599790.00,United States,2021,1488,Finance,Savings Institutions
CLWT,Euro Tech Holdings Company Limited Common Stock,$1.62,-0.04,-2.41%,12006572.00,Hong Kong,1997,18025,Consumer Discretionary,Professional and commerical equipment
CLYM,Climb Bio Inc. Common Stock,$14.82,1.09,7.939%,851205299.00,United States,2021,1972509,Health Care,Biotechnology: Pharmaceutical Preparations
CMCO,Columbus McKinnon Corporation Common Stock,$17.26,-0.40,-2.265%,498196851.00,United States,1996,508134,Industrials,Construction/Ag Equipment/Trucks
CMCSA,Comcast Corporation Class A Common Stock,$26.30,-0.32,-1.202%,93329141870.00,United States,,19365053,Telecommunications,Cable & Other Pay Television Services
CMCT,Creative Media & Community Trust Corporation Common stock,$3.63,-0.31,-7.868%,10699400.00,United States,,44862,Real Estate,Real Estate Investment Trusts
CME,CME Group Inc. Class A Common Stock,$286.45,0.95,0.333%,103001479886.00,United States,2002,1664467,Finance,Investment Bankers/Brokers/Service
CMMB,Chemomab Therapeutics Ltd. American Depositary Share,$2.73,0.01,0.368%,19780510.00,Israel,2019,72561,Health Care,Biotechnology: Pharmaceutical Preparations
CMND,Clearmind Medicine Inc. Common Shares,$1.83,-0.11,-5.67%,2718558.00,Canada,,220771,Health Care,Biotechnology: Pharmaceutical Preparations
CMPR,Cimpress plc Ordinary Shares (Ireland),$88.03,-1.08,-1.212%,2143484372.00,Netherlands,2005,153115,Consumer Discretionary,Publishing
CMPS,COMPASS Pathways Plc American Depository Shares,$13.24,-0.27,-1.999%,1833433123.00,United Kingdom,2020,1891542,Health Care,Biotechnology: Pharmaceutical Preparations
CMPX,Compass Therapeutics Inc. Common Stock,$2.31,-0.08,-3.347%,416003084.00,United States,,1512861,Health Care,Biotechnology: Biological Products (No Diagnostic Substances)
CMRC,Commerce.com Inc. Series 1 Common Stock,$2.36,-0.05,-2.075%,195547219.00,United States,2020,863290,Technology,Computer Software: Prepackaged Software
CMTL,Comtech Telecommunications Corp. Common Stock,$1.57,-0.12,-7.101%,47039447.00,United States,,390930,Technology,Radio And Television Broadcasting And Communications Equipment
CMTV,Community Bancorp. Common Stock,$40.22,-0.26,-0.642%,225268278.00,United States,,21521,Finance,Major Banks
CNCK,Coincheck Group N.V. Ordinary Shares,$2.08,-0.03,-1.422%,398939784.00,Netherlands,,328869,Finance,Finance: Consumer Services
CNDT,Conduent Incorporated Common Stock ,$1.80,0.08,4.651%,279937440.00,United States,,1133196,Consumer Discretionary,Business Services
CNET,ZW Data Action Technologies Inc. Common Stock,$1.27,-0.115,-8.303%,4658905.00,China,,7451,Technology,Computer Software: Programming Data Processing
CNEY,CN Energy Group Inc. Class A Ordinary Shares,$0.5645,-0.0108,-1.877%,4630767.00,China,2021,55894,Industrials,Major Chemicals
CNL,Collective Mining Ltd. Common Shares,$15.09,-0.03,-0.198%,1399487449.00,United States,,130233,,
CNOB,ConnectOne Bancorp Inc. Common Stock,$30.84,-0.60,-1.908%,1674469519.00,United States,,337886,Finance,Major Banks
CNOBP,ConnectOne Bancorp Inc. Depositary Shares each representing a 1/40th interest in a share of 5.25% Fixed-Rate Reset Non-Cumulative Perpetual Preferred Stock Series A,$25.40,0.09,0.356%,1379102652.00,United States,,4289,Finance,Major Banks
CNSP,CNS Pharmaceuticals Inc. Common Stock,$5.8921,-0.0879,-1.47%,8611004.00,United States,2019,1898,Health Care,Biotechnology: Pharmaceutical Preparations
CNSY,Cerenome Inc. Common Stock ,$2.71,-0.11,-3.901%,20567884.00,United States,,71365,Health Care,Medical/Dental Instruments
CNTB,Connect Biopharma Holdings Limited Ordinary Shares,$2.36,0.16,7.273%,148619369.00,China,2021,1977327,Health Care,Biotechnology: Pharmaceutical Preparations
CNTN,Canton Strategic Holdings Inc. Common Stock,$2.28,0.00,0.00%,181673503.00,United States,2022,565685,Health Care,Biotechnology: Pharmaceutical Preparations
CNTX,Context Therapeutics Inc. Common Stock,$0.3643,-0.0254,-6.518%,33471584.00,United States,2021,1815555,Health Care,Biotechnology: Pharmaceutical Preparations
CNTY,Century Casinos Inc. Common Stock,$1.25,-0.01,-0.794%,35172115.00,United States,,11643,Consumer Discretionary,Hotels/Resorts
CNVS,Cineverse Corp. Class A Common Stock,$2.35,-0.03,-1.261%,55862759.00,United States,,103845,Consumer Discretionary,Consumer Electronics/Video Chains
CNXC,Concentrix Corporation Common Stock,$32.28,2.18,7.243%,1969672338.00,United States,,2391697,Technology,Computer Software: Prepackaged Software
CNXN,PC Connection Inc. Common Stock,$80.07,0.20,0.25%,2020814587.00,United States,,137833,Consumer Discretionary,Catalog/Specialty Distribution
CNXU,Conexeu Sciences Inc. Common Stock,$5.87,-1.305,-18.188%,157071397.00,United States,,352836,Health Care,Industrial Specialties
COAG,Hemab Therapeutics Holdings Inc. Common Stock,$44.02,-1.71,-3.739%,2056267390.00,United States,2026,318519,Health Care,Biotechnology: Biological Products (No Diagnostic Substances)
COCH,Envoy Medical Inc. Class A Common Stock,$0.7044,-0.0246,-3.374%,54375873.00,United States,2021,26429,Health Care,Industrial Specialties
COCO,The Vita Coco Company Inc. Common Stock,$58.06,-0.655,-1.116%,3407785136.00,United States,2021,1176674,Consumer Staples,Beverages (Production/Distribution)
COCP,Cocrystal Pharma Inc. Common Stock,$1.12,-0.04,-3.448%,21574784.00,United States,,34759,Health Care,Biotechnology: Pharmaceutical Preparations
CODA,Coda Octopus Group Inc. Common stock,$10.06,0.01,0.10%,113484385.00,United States,,39900,Industrials,Industrial Machinery/Components
CODX,Co-Diagnostics Inc. Common Stock,$1.19,-0.05,-4.032%,8307770.00,United States,2026,193454,Health Care,Medical/Dental Instruments
COFS,ChoiceOne Financial Services Inc. Common Stock,$33.085,-0.125,-0.376%,494803379.00,United States,,67695,Finance,Major Banks
COGT,Cogent Biosciences Inc. Common Stock,$34.68,-0.32,-0.914%,6017846376.00,United States,2018,1480675,Health Care,Biotechnology: Pharmaceutical Preparations
COHU,Cohu Inc. Common Stock,$44.16,-1.94,-4.208%,2090465201.00,United States,,1396406,Industrials,Electrical Products
COIN,Coinbase Global Inc. Class A Common Stock,$176.82,-11.30,-6.007%,46651644725.00,United States,,8399427,Finance,Finance: Consumer Services
COKE,Coca-Cola Consolidated Inc. Common Stock,$193.16,-2.41,-1.232%,12857559029.00,United States,1972,321404,Consumer Staples,Beverages (Production/Distribution)
COLA,Columbus Acquisition Corp Ordinary Shares,$10.66,0.01,0.094%,0.00,Singapore,2025,4971,Finance,Blank Checks
COLAR,Columbus Acquisition Corp Rights,$0.5171,-0.0329,-5.982%,0.00,Singapore,2025,15793,Finance,Blank Checks
COLB,Columbia Banking System Inc. Common Stock,$29.32,-0.32,-1.08%,8294694498.00,United States,1992,3954756,Finance,Major Banks
COLL,Collegium Pharmaceutical Inc. Common Stock,$24.00,-0.61,-2.479%,781334712.00,United States,2015,1407042,Health Care,Biotechnology: Pharmaceutical Preparations
COLM,Columbia Sportswear Company Common Stock,$56.81,-0.59,-1.028%,2908285351.00,United States,1998,597049,Consumer Discretionary,Apparel
COO,The Cooper Companies Inc. Common Stock,$69.28,-0.81,-1.156%,13511722046.00,United States,,1362914,Health Care,Ophthalmic Goods
COOT,Australian Oilseeds Holdings Limited Ordinary Shares,$0.569,-0.0238,-4.015%,17109036.00,Australia,,1763793,Consumer Staples,Packaged Foods
COOTW,Australian Oilseeds Holdings Limited Warrant,$0.0189,-0.0031,-14.091%,568297.00,Australia,,3301,Consumer Staples,Packaged Foods
CORT,Corcept Therapeutics Incorporated Common Stock,$113.38,0.03,0.026%,12256196252.00,United States,2004,1112246,Health Care,Biotechnology: Pharmaceutical Preparations
CORZ,Core Scientific Inc. Common Stock,$16.07,-0.23,-1.411%,5163940887.00,United States,,11733597,Finance,Finance: Consumer Services
CORZW,Core Scientific Inc. Tranche 1 Warrants,$9.45,-0.26,-2.678%,3036667167.00,United States,,70613,Finance,Finance: Consumer Services
CORZZ,Core Scientific Inc. Tranche 2 Warrants,$16.105,-0.125,-0.77%,5175187802.00,United States,,22860,Finance,Finance: Consumer Services
COSM,Cosmos Health Inc. Common Stock,$0.2279,-0.0149,-6.137%,22934437.00,United States,,2130666,Health Care,Other Pharmaceuticals
COST,Costco Wholesale Corporation Common Stock,$939.96,-3.93,-0.416%,416852336608.00,United States,,1507912,Consumer Discretionary,Department/Specialty Retail Stores
COYA,Coya Therapeutics Inc. Common Stock,$4.51,-0.05,-1.096%,105794899.00,United States,2022,101238,Health Care,Biotechnology: Pharmaceutical Preparations
CPB,The Campbell's Company Common Stock,$23.71,0.03,0.127%,7070470022.00,United States,,6516662,Consumer Staples,Packaged Foods
CPBI,Central Plains Bancshares Inc. Common Stock,$21.05,0.00,0.00%,87825568.00,United States,2023,371,Finance,Savings Institutions
CPHC,Canterbury Park Holding Corporation 'New' Common Stock,$15.90,-0.01,-0.063%,82415965.00,United States,,2980,Consumer Discretionary,Services-Misc. Amusement & Recreation
CPIX,Cumberland Pharmaceuticals Inc. Common Stock,$6.56,-0.13,-1.943%,98289182.00,United States,2009,77786,Health Care,Biotechnology: Pharmaceutical Preparations
CPOP,Pop Culture Group Co. Ltd Class A Ordinary Shares,$0.305,-0.0126,-3.967%,3793805.00,China,2021,8733076,Consumer Discretionary,Services-Misc. Amusement & Recreation
CPRT,Copart Inc. (DE) Common Stock,$32.465,-0.525,-1.591%,30056469763.00,United States,1994,5552592,Consumer Discretionary,Retail-Auto Dealers and Gas Stations
CPSH,CPS Technologies Corp. Common Stock,$3.67,-0.22,-5.656%,71153747.00,United States,,663102,Consumer Discretionary,Building Materials
CPSS,Consumer Portfolio Services Inc. Common Stock,$9.24,0.01,0.108%,199165557.00,United States,1992,23054,Finance,Finance: Consumer Services
CPZ,Calamos Long/Short Equity & Dynamic Income Trust Common Stock,$13.08,-0.22,-1.654%,256789098.00,United States,2019,47861,Finance,Trusts Except Educational Religious and Charitable
CRAC,Crown Reserve Acquisition Corp. I Class A Ordinary Shares,$10.18,0.00,0.00%,0.00,Cayman Islands,2025,16,,
CRACR,Crown Reserve Acquisition Corp. I Rights,$0.15,0.025,20.00%,0.00,Cayman Islands,2025,500,,
CRACW,Crown Reserve Acquisition Corp. I Warrant,$0.0598,-0.0001,-0.167%,0.00,Cayman Islands,2025,35,,
CRAI,CRA International Inc. Common Stock,$172.48,-2.02,-1.158%,1082632813.00,United States,1998,188906,Consumer Discretionary,Other Consumer Services
CRAN,Crane Harbor Acquisition Corp. II Class A Ordinary Shares,$10.14,0.00,0.00%,0.00,United States,2026,10,Finance,Blank Checks
CRANR,Crane Harbor Acquisition Corp. II Rights,$0.20,-0.0051,-2.487%,0.00,United States,2026,2216,Finance,Blank Checks
CRANU,Crane Harbor Acquisition Corp. II Units,$10.355,0.00,0.00%,0.00,United States,2025,39,,
CRAQ,Cal Redwood Acquisition Corp. Class A Ordinary Shares,$10.36,0.00,0.00%,0.00,United States,2025,2510,Finance,Blank Checks
CRAQU,Cal Redwood Acquisition Corp. Units,$10.47,-0.06,-0.57%,0.00,United States,2025,1178,Finance,Blank Checks
CRBP,Corbus Pharmaceuticals Holdings Inc. Common Stock,$11.28,0.37,3.391%,218169785.00,United States,,901320,Health Care,Biotechnology: Pharmaceutical Preparations
CRBU,Caribou Biosciences Inc. Common Stock,$1.55,0.01,0.649%,166171645.00,United States,2021,756181,Health Care,Biotechnology: Biological Products (No Diagnostic Substances)
CRCT,Cricut Inc. Class A Common Stock,$5.85,-0.05,-0.847%,1225249834.00,United States,2021,634894,Technology,Industrial Machinery/Components
CRDF,Cardiff Oncology Inc. Common Stock,$1.03,0.0364,3.663%,80129106.00,United States,,838851,Health Care,Biotechnology: Biological Products (No Diagnostic Substances)
CRDL,Cardiol Therapeutics Inc. Class A Common Shares,$2.15,0.175,8.861%,251168743.00,Canada,,2124491,Health Care,Biotechnology: Biological Products (No Diagnostic Substances)
CRDO,Credo Technology Group Holding Ltd Ordinary Shares,$206.63,-19.56,-8.648%,38832940036.00,United States,2022,9204411,Technology,Semiconductors
CRE,Cre8 Enterprise Limited Class A Ordinary Shares,$3.08,-0.08,-2.532%,6203074.00,Hong Kong,2025,88821,Consumer Discretionary,Publishing
CRESY,Cresud S.A.C.I.F. y A. American Depositary Shares,$11.67,0.17,1.478%,827697037.00,Argentina,1997,226509,Finance,Real Estate
CREX,Creative Realities Inc. Common Stock,$2.86,0.13,4.762%,38685807.00,United States,,16827,Technology,EDP Services
CRGO,Freightos Limited Ordinary shares,$1.26,-0.02,-1.563%,65121207.00,Israel,,25509,Industrials,Integrated Freight & Logistics
CRGOW,Freightos Limited Warrants,$0.044,0.0035,8.642%,2274074.00,Israel,,8520,Industrials,Integrated Freight & Logistics
CRIS,Curis Inc. Common Stock,$1.42,-0.07,-4.698%,2967909.00,United States,,65313,Health Care,Biotechnology: Biological Products (No Diagnostic Substances)
CRMD,CorMedix Inc. Common Stock,$8.38,0.12,1.453%,653173435.00,United States,,880458,Health Care,Biotechnology: Pharmaceutical Preparations
CRML,Critical Metals Corp. Ordinary Shares,$6.92,-0.29,-4.022%,1016470171.00,British Virgin Islands,,6772209,Basic Materials,Metal Mining
CRMLW,Critical Metals Corp. Warrants,$2.50,-0.18,-6.716%,367221883.00,British Virgin Islands,,31666,Basic Materials,Metal Mining
CRMT,America's Car-Mart Inc Common Stock,$2.24,-0.06,-2.609%,19406224.00,United States,,180486,Consumer Discretionary,Retail-Auto Dealers and Gas Stations
CRNC,Cerence Inc. Common Stock,$8.42,-0.02,-0.237%,380838764.00,United States,,648838,Technology,Computer Software: Prepackaged Software
CRNT,Ceragon Networks Ltd. Ordinary Shares,$2.05,-0.02,-0.966%,187125050.00,Israel,,457629,Technology,Radio And Television Broadcasting And Communications Equipment
CRNX,Crinetics Pharmaceuticals Inc. Common Stock,$84.95,0.11,0.13%,9010241204.00,United States,2018,8208426,Health Care,Biotechnology: Pharmaceutical Preparations
CRON,Cronos Group Inc. Common Share,$3.38,0.01,0.297%,1245235480.00,Canada,,1116155,Health Care, Medicinal Chemicals and Botanical Products 
CROX,Crocs Inc. Common Stock,$115.28,-5.10,-4.237%,5527108246.00,United States,2006,1105831,Consumer Discretionary,Shoe Manufacturing
CRSP,CRISPR Therapeutics AG Common Shares,$56.82,-0.16,-0.281%,5494076543.00,Switzerland,2016,890481,Health Care,Biotechnology: Biological Products (No Diagnostic Substances)
CRSR,Corsair Gaming Inc. Common Stock,$11.62,-0.53,-4.362%,1257016264.00,United States,2020,1044633,Technology,Computer peripheral equipment
CRTO,Criteo S.A. Ordinary Shares,$17.41,-0.24,-1.36%,853047502.00,France,2013,159780,Consumer Discretionary,Advertising
CRUS,Cirrus Logic Inc. Common Stock,$109.07,-0.44,-0.402%,5466322378.00,United States,1989,1453908,Technology,Semiconductors
CRVL,CorVel Corp. Common Stock,$69.74,0.86,1.249%,3523025662.00,United States,,191037,Finance,Specialty Insurers
CRVO,CervoMed Inc. Common Stock,$2.57,-0.06,-2.281%,38856077.00,United States,,183344,Health Care,Biotechnology: Pharmaceutical Preparations
CRVS,Corvus Pharmaceuticals Inc. Common Stock,$14.27,0.23,1.638%,1200405871.00,United States,2016,460140,Health Care,Biotechnology: Pharmaceutical Preparations
CRWD,CrowdStrike Holdings Inc. Class A Common Stock,$215.07,-15.93,-6.896%,220217666469.00,United States,2019,13708523,Technology,Computer Software: Prepackaged Software
CRWS,Crown Crafts Inc Common Stock,$2.80,-0.02,-0.709%,30128804.00,United States,,68710,Consumer Discretionary,Textiles
CRWV,CoreWeave Inc. Class A Common Stock,$81.85,-3.04,-3.581%,45143270874.00,United States,2025,15809665,Technology,Computer Software: Prepackaged Software
CSAI,Cloudastructure Inc. Class A Common Stock,$5.13,0.18,3.636%,4450131.00,United States,,16014,Technology,Computer Software: Programming Data Processing
CSBR,Champions Oncology Inc. Common Stock,$5.00,0.005,0.10%,69592855.00,United States,,2052,Health Care,Biotechnology: Biological Products (No Diagnostic Substances)
CSCO,Cisco Systems Inc. Common Stock (DE),$109.74,-0.75,-0.679%,432533040137.00,United States,1990,14168805,Telecommunications,Computer Communications Equipment
CSGP,CoStar Group Inc. Common Stock,$31.98,-0.09,-0.281%,12958218864.00,United States,1998,6137588,Finance,Real Estate
CSHR,CoinShares PLC Ordinary Shares,$5.675,-0.385,-6.353%,747852686.00,Jersey,,120865,Finance,Investment Bankers/Brokers/Service
CSHRW,CoinShares PLC Warrants,$0.87,-0.17,-16.346%,114648782.00,Jersey,,30604,Finance,Investment Bankers/Brokers/Service
CSIQ,Canadian Solar Inc. Common Shares (ON),$12.66,0.33,2.676%,858559726.00,Canada,2006,2291711,Technology,Semiconductors
CSPI,CSP Inc. Common Stock,$8.05,0.14,1.77%,81149192.00,United States,1982,8430,Technology,EDP Services
CSQ,Calamos Strategic Total Return Common Stock,$20.73,-0.21,-1.003%,3293740404.00,United States,2004,152955,Finance,Finance Companies
CSTE,Caesarstone Ltd. Ordinary Shares,$3.06,0.18,6.25%,105805850.00,Israel,2012,145996,Industrials,Building Materials
CSTL,Castle Biosciences Inc. Common Stock,$33.44,0.41,1.241%,1021575514.00,United States,2019,396240,Health Care,Medical Specialities
CSWC,Capital Southwest Corporation Common Stock,$24.96,-0.61,-2.386%,1590797320.00,United States,,1432298,Consumer Discretionary,Textiles
CSX,CSX Corporation Common Stock,$48.70,-1.81,-3.583%,90215528458.00,United States,,15947224,Industrials,Railroads
CTAA,ClearThink 1 Acquisition Corp. Class A Ordinary Shares,$9.95,-0.04,-0.40%,0.00,United States,2026,485,Finance,Blank Checks
CTAAR,ClearThink 1 Acquisition Corp. Rights,$0.1801,-0.01,-5.26%,0.00,United States,2026,2223,Finance,Blank Checks
CTAS,Cintas Corporation Common Stock,$200.59,-1.20,-0.595%,80270012241.00,United States,1983,1522583,Industrials,Garments and Clothing
CTBI,Community Trust Bancorp Inc. Common Stock,$75.71,-0.42,-0.552%,1375495797.00,United States,,86087,Finance,Major Banks
CTKB,Cytek Biosciences Inc. Common Stock,$4.62,-0.16,-3.347%,600522629.00,United States,2021,629435,Industrials,Biotechnology: Laboratory Analytical Instruments
CTMX,CytomX Therapeutics Inc. Common Stock,$3.67,0.31,9.226%,799690372.00,United States,2015,8820644,Health Care,Biotechnology: Pharmaceutical Preparations
CTNM,Contineum Therapeutics Inc. Class A Common Stock,$16.55,0.31,1.909%,622629735.00,United States,2024,212123,Health Care,Biotechnology: Pharmaceutical Preparations
CTNT,Cheetah Net Supply Chain Service Inc Class A Common Stock,$1.27,-0.19,-13.014%,4012427.00,United States,2023,233472,Consumer Discretionary,Motor Vehicles
CTOR,Citius Oncology Inc. Common Stock,$0.75,-0.0132,-1.73%,69735903.00,United States,2022,16594,Health Care,Biotechnology: Pharmaceutical Preparations
CTRM,Castor Maritime Inc. Common Shares,$2.34,0.10,4.464%,22609908.00,Cyprus,,30462,Consumer Discretionary,Marine Transportation
CTRN,Citi Trends Inc. Common Stock,$67.87,-0.195,-0.286%,565346784.00,United States,2005,140206,Consumer Discretionary,Clothing/Shoe/Accessory Stores
CTSH,Cognizant Technology Solutions Corporation Class A Common Stock,$63.39,-1.19,-1.843%,28553658409.00,United States,1998,4106133,Technology,EDP Services
CTSO,Cytosorbents Corporation Common Stock,$0.338,-0.003,-0.88%,21240849.00,United States,,62803,Health Care,Medical/Dental Instruments
CTW,CTW Class A Ordinary Shares,$2.54,-0.05,-1.931%,158496000.00,Japan,2025,21316,Technology,EDP Services
CTXR,Citius Pharmaceuticals Inc. Common Stock,$0.5691,-0.0111,-1.913%,15623258.00,United States,,226232,Health Care,Biotechnology: Pharmaceutical Preparations
CUB,Lionheart Holdings Class A Ordinary Shares,$10.87,0.01,0.092%,345324421.00,United States,2024,202663,Industrials,Industrial Machinery/Components
CUBWU,Lionheart Holdings Unit,$11.02,-0.03,-0.271%,0.00,United States,2024,403,Finance,Blank Checks
CUBWW,Lionheart Holdings Warrant,$0.16,-0.17,-51.515%,0.00,United States,2024,295399,Industrials,Industrial Machinery/Components
CUE,Cue Biopharma Inc. Common Stock,$28.44,2.92,11.442%,206599934.00,United States,2018,177482,Health Care,Biotechnology: Pharmaceutical Preparations
CULP,Culp Inc. Common Stock,$3.30,-0.06,-1.786%,41975743.00,United States,,7218,Consumer Discretionary,Textiles
CUPR,Cuprina Holdings (Cayman) Limited Class A Ordinary Shares,$2.90,-0.0101,-0.347%,7775625.00,Singapore,2025,4801,Health Care,Industrial Specialties
CURI,CuriosityStream Inc. Class A Common Stock,$2.79,0.11,4.104%,165553098.00,United States,2020,1171297,Consumer Discretionary,Movies/Entertainment
CURR,Currenc Group Inc. Ordinary Shares,$3.36,0.08,2.439%,377267134.00,Singapore,,1769706,Consumer Discretionary,Business Services
CURX,Curanex Pharmaceuticals Inc Common Stock,$4.495,0.195,4.535%,7049243.00,United States,2025,1737,Health Care,Biotechnology: Pharmaceutical Preparations
CUVL,Clinuvel Pharmaceuticals Limited American Depositary Shares,$6.24,0.29,4.874%,312378768.00,Australia,,44914,Miscellaneous,Miscellaneous
CV,CapsoVision Inc. Common Stock,$5.87,0.03,0.514%,293775379.00,United States,2025,62219,Health Care,Biotechnology: Electromedical & Electrotherapeutic Apparatus
CVBF,CVB Financial Corporation Common Stock,$21.87,-0.30,-1.353%,3849063903.00,United States,,974180,Finance,Major Banks
CVCO,Cavco Industries Inc. Common Stock When Issued,$552.85,-6.28,-1.123%,4251085896.00,United States,,122722,Consumer Discretionary,Homebuilding
CVGI,Commercial Vehicle Group Inc. Common Stock,$3.09,-0.01,-0.323%,125554987.00,United States,2004,232892,Consumer Discretionary,Auto Parts:O.E.M.
CVKD,Cadrenal Therapeutics Inc. Common Stock,$1.51,-0.24,-13.714%,5387064.00,United States,2023,739699,Health Care,Biotechnology: Pharmaceutical Preparations
CVLT,Commvault Systems Inc. Common Stock,$129.20,-8.32,-6.05%,5354637669.00,United States,2006,531391,Technology,Computer Software: Prepackaged Software
CVRX,CVRx Inc. Common Stock,$3.04,0.08,2.703%,80990455.00,United States,2021,780675,Health Care,Medical/Dental Instruments
CVV,CVD Equipment Corporation Common Stock,$6.56,-0.24,-3.529%,45599892.00,United States,,49350,Technology,Industrial Machinery/Components
CWBC,Community West Bancshares Common Stock,$25.73,-0.20,-0.771%,698082637.00,United States,,164273,Finance,Major Banks
CWCO,Consolidated Water Co. Ltd. Ordinary Shares,$28.92,-0.85,-2.855%,463092056.00,Cayman Islands,,70829,Utilities,Water Supply
CWD,CaliberCos Inc. Class A Common Stock,$0.5065,-0.0207,-3.926%,5259827.00,United States,2023,137869,Finance,Real Estate
CWST,Casella Waste Systems Inc. Class A Common Stock,$92.65,0.40,0.434%,5896250262.00,United States,1997,403399,Utilities,Environmental Services
CXAI,CXApp Inc. Class A Common Stock,$3.53,-0.13,-3.552%,8251043.00,United States,2021,74176,Technology,EDP Services
CXAIW,CXApp Inc. Warrant,$0.0349,0.00,0.00%,81575.00,United States,2021,4621,Technology,EDP Services
CXDO,Crexendo Inc. Common Stock,$5.91,-0.23,-3.746%,196529899.00,United States,,333391,Telecommunications,Telecommunications Equipment
CXII,Churchill Capital Corp XII Class A Ordinary Shares,$10.75,-0.05,-0.463%,0.00,United States,2026,14118,Finance,Blank Checks
CXIIU,Churchill Capital Corp XII Units,$10.97,0.00,0.00%,0.00,United States,2026,26,Finance,Blank Checks
CXIIW,Churchill Capital Corp XII Warrants,$2.2999,0.1049,4.779%,0.00,United States,2026,905,Finance,Blank Checks
CYAB,Cyabra Inc. Common Stock,$0.50,0.0473,10.448%,8798536.00,Israel,,4465260,Technology,Computer Software: Prepackaged Software
CYCN,Cyclerion Therapeutics Inc. Common Stock,$4.17,0.49,13.315%,19521234.00,United States,,123652,Health Care,Biotechnology: Pharmaceutical Preparations
CYCU,Cycurion Inc. Common Stock,$3.12,-0.55,-14.986%,10077731.00,United States,2025,398164,Technology,EDP Services
CYCUW,Cycurion Inc. Warrant,$0.026,0.0002,0.775%,83981.00,United States,2025,3410,Technology,EDP Services
CYN,Cyngn Inc. Common Stock,$0.9941,-0.0559,-5.324%,14338184.00,United States,2021,153712,Technology,EDP Services
CYPH,Cypherpunk Technologies Inc. Common Stock,$1.71,-0.115,-6.301%,184277093.00,United States,,5623157,Health Care,Biotechnology: Pharmaceutical Preparations
CYRX,CryoPort Inc. Common Stock,$15.55,-0.45,-2.813%,787593505.00,United States,,445015,Health Care,Biotechnology: Pharmaceutical Preparations
CYTK,Cytokinetics Incorporated Common Stock,$71.40,0.49,0.691%,9926272045.00,United States,2004,1898379,Health Care,Biotechnology: Pharmaceutical Preparations
CZFS,Citizens Financial Services Inc. Common Stock,$79.90,-0.44,-0.548%,384307415.00,United States,,23677,Finance,Major Banks
CZNC,Citizens & Northern Corp Common Stock,$25.32,-0.02,-0.079%,454110832.00,United States,,50980,Finance,Major Banks
CZR,Caesars Entertainment Inc. Common Stock,$29.67,-0.03,-0.101%,6044383437.00,United States,,2055844,Consumer Discretionary,Hotels/Resorts
CZWI,Citizens Community Bancorp Inc. Common Stock,$20.70,-0.13,-0.624%,199759782.00,United States,2006,36964,Finance,Savings Institutions
DAAQ,Digital Asset Acquisition Corp. Class A Ordinary shares,$10.43,-0.01,-0.096%,0.00,United States,2025,81609,Finance,Blank Checks
DAAQU,Digital Asset Acquisition Corp. Units,$10.44,0.00,0.00%,0.00,United States,2025,4,Finance,Blank Checks
DAAQW,Digital Asset Acquisition Corp. Warrant,$0.155,0.00,0.00%,0.00,United States,2025,16,Finance,Blank Checks
DAIC,CID HoldCo Inc. Common Stock,$3.55,0.07,2.011%,6967244.00,United States,,11264610,Technology,EDP Services
DAICW,CID HoldCo Inc. Warrants,$0.008,-0.0069,-46.309%,15701.00,United States,,321447,Technology,EDP Services
DAIO,Data I/O Corporation Common Stock,$2.83,-0.06,-2.076%,29419624.00,United States,1981,20342,Industrials,Electrical Products
DAKT,Daktronics Inc. Common Stock,$19.36,-0.17,-0.87%,935200791.00,United States,1994,520912,Consumer Discretionary,Miscellaneous manufacturing industries
DARE,Dare Bioscience Inc. Common Stock,$0.7702,0.0092,1.209%,15149128.00,United States,2014,461200,Health Care,Biotechnology: Pharmaceutical Preparations
DASH,DoorDash Inc. Class A Common Stock,$225.66,-6.08,-2.624%,97778012463.00,United States,,3509668,Consumer Discretionary,Business Services
DAVE,Dave Inc. Class A Common Stock,$340.64,-18.88,-5.251%,4345035904.00,United States,,454275,Finance,Finance: Consumer Services
DAVEW,Dave Inc. Warrants,$1.40,-0.2899,-17.155%,17857710.00,United States,,40946,Finance,Finance: Consumer Services
DBCA,D. Boral Acquisition I Corp. Class A Ordinary Shares,$10.0299,0.0149,0.149%,0.00,United States,2026,444973,Finance,Blank Checks
DBGI,Digital Brands Group Inc. Common Stock,$4.89,-1.515,-23.653%,4564859.00,United States,2025,356986,Consumer Discretionary,Clothing/Shoe/Accessory Stores
DBVT,DBV Technologies S.A. American Depositary Shares,$13.42,-0.40,-2.894%,794236330.00,France,2014,250614,Health Care,Biotechnology: Biological Products (No Diagnostic Substances)
DBX,Dropbox Inc. Class A Common Stock,$34.26,-0.93,-2.643%,7732800104.00,United States,2018,3870739,Technology,Computer Software: Prepackaged Software
DCBO,Docebo Inc. Common Shares,$25.395,-1.145,-4.314%,632321533.00,Canada,,71482,Technology,Computer Software: Prepackaged Software
DCGO,DocGo Inc. Common Stock,$0.3855,0.0045,1.181%,38136886.00,United States,2020,766651,Health Care,Medical/Nursing Services
DCOY,Decoy Therapeutics Inc. Common Stock,$3.06,0.01,0.328%,2004866.00,United States,2015,35604,Health Care,Biotechnology: Pharmaceutical Preparations
DCTH,Delcath Systems Inc. Common Stock,$16.40,-0.06,-0.365%,569060238.00,United States,,360393,Health Care,Medical/Dental Instruments
DCX,Digital Currency X Technology Inc. Class A Ordinary Shares,$0.7264,0.0307,4.413%,255385666.00,Cayman Islands,,37013,Industrials,Auto Manufacturing
DDI,DoubleDown Interactive Co. Ltd. American Depository Shares,$12.70,-0.03,-0.236%,629328688.00,South Korea,2021,146313,Technology,EDP Services
DDOG,Datadog Inc. Class A Common Stock,$223.84,-13.20,-5.569%,80375353372.00,United States,2019,3428681,Technology,Computer Software: Prepackaged Software
DEFT,Defi Technologies Inc. Common Stock,$0.6638,0.0606,10.046%,257616283.00,Canada,,6584467,Finance,Finance: Consumer Services
DERM,Journey Medical Corporation Common Stock,$7.57,0.16,2.159%,213658670.00,United States,2021,127152,Health Care,Biotechnology: Pharmaceutical Preparations
DETX,Liberty Defense Holdings Ltd. Common Shares,$3.3706,-0.1494,-4.244%,19151692.00,United States,,4058,Industrials,Industrial Machinery/Components
DFDV,DeFi Development Corp. Common Stock,$5.16,-0.22,-4.089%,159948596.00,United States,2023,1544121,Finance,Finance: Consumer Services
DFDVW,DeFi Development Corp. Warrant,$0.6742,-0.0958,-12.442%,20898710.00,United States,,22615,Finance,Finance: Consumer Services
DFLI,Dragonfly Energy Holdings Corp. Common Stock (NV),$1.03,-0.07,-6.364%,15428167.00,United States,2021,334102,Miscellaneous,Industrial Machinery/Components
DFLIW,Dragonfly Energy Holdings Corp. Warrant,$0.0261,-0.0023,-8.099%,390947.00,United States,2021,10300,Miscellaneous,Industrial Machinery/Components
DFNS,T3 Defense Inc. Common Stock,$10.08,-1.74,-14.721%,16771164.00,United States,2020,847638,Consumer Discretionary,Professional Services
DFNSW,T3 Defense Inc. Warrants,$0.0727,-0.0081,-10.025%,120959.00,United States,2020,32540,Consumer Discretionary,Professional Services
DFSC,DEFSEC Technologies Inc. Common Stock,$1.58,-0.13,-7.602%,7296205.00,Canada,,127133,Technology,Computer Software: Prepackaged Software
DFSCW,DEFSEC Technologies Inc. Warrant,$0.016,0.0008,5.263%,73886.00,Canada,,3696,Technology,Computer Software: Prepackaged Software
DFTX,Definium Therapeutics Inc. Common Shares,$38.50,-1.22,-3.072%,5173127575.00,United States,,1571277,Health Care, Medicinal Chemicals and Botanical Products 
DGICA,Donegal Group Inc. Class A Common Stock,$19.17,0.05,0.262%,711576636.00,United States,,75258,Finance,Property-Casualty Insurers
DGICB,Donegal Group Inc. Class B Common Stock,$23.1743,0.00,0.00%,860213377.00,United States,1986,141,Finance,Property-Casualty Insurers
DGII,Digi International Inc. Common Stock,$71.13,-3.81,-5.084%,2699249989.00,United States,1989,443344,Telecommunications,Computer Communications Equipment
DGNX,Diginex Limited Ordinary Shares,$1.17,-0.02,-1.681%,58652252.00,Hong Kong,2025,173139,Technology,EDP Services
DGXX,Digi Power X Inc. Subordinate Voting Shares,$3.42,-0.18,-5.00%,346765274.00,Canada,,1531297,Finance,Finance: Consumer Services
DH,Definitive Healthcare Corp. Class A Common Stock,$0.9023,-0.0477,-5.021%,130806473.00,United States,2021,178290,Technology,Computer Software: Prepackaged Software
DHC,Diversified Healthcare Trust Common Shares of Beneficial Interest,$7.63,0.06,0.793%,1847444178.00,United States,,1243342,Real Estate,Real Estate Investment Trusts
DHCNI,Diversified Healthcare Trust 5.625% Senior Notes due 2042,$18.53,0.03,0.162%,4473408035.00,United States,,3649,Real Estate,Real Estate Investment Trusts
DHCNL,Diversified Healthcare Trust 6.25% Senior Notes Due 2046,$19.07,-0.03,-0.157%,4603771788.00,United States,,2918,Real Estate,Real Estate Investment Trusts
DIBS,1stdibs.com Inc. Common Stock,$4.41,0.04,0.915%,148243442.00,United States,2021,123065,Consumer Discretionary,Catalog/Specialty Distribution
DIOD,Diodes Incorporated Common Stock,$87.13,-3.67,-4.042%,4012485057.00,United States,,621843,Technology,Semiconductors
DJCO,Daily Journal Corp. (S.C.) Common Stock,$615.24,-7.695,-1.235%,847771188.00,United States,,68500,Consumer Discretionary,Newspapers/Magazines
DJT,Trump Media & Technology Group Corp. Common Stock,$9.06,-0.71,-7.267%,2518147942.00,United States,2024,3420218,Technology,Computer Software: Programming Data Processing
DJTWW,Trump Media & Technology Group Corp. Warrants,$4.80,0.025,0.524%,1334118115.00,United States,2021,17361,Technology,Computer Software: Programming Data Processing
DKI,DarkIris Inc. Class A Ordinary Shares,$3.13,-0.27,-7.941%,6502434.00,Hong Kong,2025,15359,Technology,Computer Software: Prepackaged Software
DKNG,DraftKings Inc. Class A Common Stock,$23.44,-0.85,-3.499%,11636882885.00,United States,2019,8869529,Consumer Discretionary,Services-Misc. Amusement & Recreation
DLHC,DLH Holdings Corp.,$4.31,-0.035,-0.806%,62464981.00,United States,,4142,Consumer Discretionary,Professional Services
DLO,DLocal Limited Class A Common Shares,$14.83,0.00,0.00%,4373840907.00,Uruguay,2021,1550006,Consumer Discretionary,Business Services
DLPN,Dolphin Entertainment Inc. Common Stock,$1.11,-0.045,-3.896%,14458362.00,United States,,10602,Consumer Discretionary,Other Consumer Services
DLTH,Duluth Holdings Inc. Class B Common Stock,$3.63,-0.05,-1.359%,137947518.00,United States,2015,37212,Consumer Discretionary,Clothing/Shoe/Accessory Stores
DLTR,Dollar Tree Inc. Common Stock,$131.71,5.12,4.045%,24712786681.00,United States,1995,2161234,Consumer Discretionary,Department/Specialty Retail Stores
DLXY,Delixy Holdings Limited Class A Ordinary Shares,$0.43,0.0501,13.188%,7030500.00,Singapore,2025,4499715,Energy,Oil Refining/Marketing
DMAA,Drugs Made In America Acquisition Corp. Ordinary Shares,$10.755,0.005,0.047%,0.00,United States,2025,27988,,
DMAAR,Drugs Made In America Acquisition Corp. Rights,$0.1299,-0.0051,-3.778%,0.00,United States,2025,238383,Finance,Blank Checks
DMAC,DiaMedica Therapeutics Inc. Common Stock,$6.45,0.10,1.575%,347820746.00,United States,2018,145937,Health Care,Biotechnology: Pharmaceutical Preparations
DMII,Drugs Made In America Acquisition II Corp. Ordinary Shares,$10.155,0.005,0.049%,0.00,United States,2025,123045,Finance,Blank Checks
DMIIR,Drugs Made In America Acquisition II Corp. Right,$0.079,-0.009,-10.227%,0.00,United States,2025,60247,Finance,Blank Checks
DMIIU,Drugs Made In America Acquisition II Corp. Unit,$10.1999,0.00,0.00%,0.00,United States,2025,25,,
DMLP,Dorchester Minerals L.P. Common Units Representing Limited Partnership Interests,$29.20,0.29,1.003%,1433469114.00,United States,,82733,Energy,Oil & Gas Production
DMRA,Damora Therapeutics Inc. Ordinary Shares,$28.14,-0.04,-0.142%,1737237505.00,Denmark,2020,272718,Health Care,Biotechnology: Pharmaceutical Preparations
DMRC,Digimarc Corporation Common Stock,$5.55,-0.43,-7.191%,124738076.00,United States,,117348,Technology,EDP Services
DNLI,Denali Therapeutics Inc. Common Stock,$23.265,-0.495,-2.083%,3718849831.00,United States,2017,1431746,Health Care,Biotechnology: Biological Products (No Diagnostic Substances)
DNMX,Dynamix Corporation III Class A Ordinary Shares,$10.07,-0.01,-0.099%,0.00,United States,2025,27344,Finance,Blank Checks
DNMXU,Dynamix Corporation III Unit,$10.1596,0.00,0.00%,0.00,United States,2025,1104,Finance,Blank Checks
DNMXW,Dynamix Corporation III Warrants,$0.25,0.00,0.00%,0.00,United States,2025,18853,Finance,Blank Checks
DNTH,Dianthus Therapeutics Inc. Common Stock,$106.62,1.01,0.956%,5963723382.00,United States,2018,576625,Health Care,Biotechnology: Pharmaceutical Preparations
DNUT,Krispy Kreme Inc. Common Stock,$3.36,-0.06,-1.754%,582960000.00,United States,2021,2076120,Consumer Staples,Food Chains
DOCU,DocuSign Inc. Common Stock,$64.64,-1.63,-2.46%,12342659461.00,United States,1989,3013861,Technology,Computer Software: Prepackaged Software
DOGZ,Dogness (International) Corporation Class A Common Stock,$1.00,-0.05,-4.762%,14510658.00,China,2017,15721,Consumer Discretionary,Miscellaneous manufacturing industries
DOMH,Dominari Holdings Inc. Common Stock,$2.23,-0.11,-4.701%,54063331.00,United States,,125613,Finance,Investment Bankers/Brokers/Service
DOMO,Domo Inc. Class B Common Stock,$3.68,-0.10,-2.646%,166154072.00,United States,2018,1183314,Technology,Computer Software: Prepackaged Software
DOO,BRP Inc. Common Subordinate Voting Shares,$61.74,-0.11,-0.178%,4559291121.00,Canada,,296181,Consumer Discretionary,Industrial Specialties
DORM,Dorman Products Inc. Common Stock,$127.18,-1.67,-1.296%,3774145097.00,United States,,141736,Consumer Discretionary,Auto Parts:O.E.M.
DOX,Amdocs Limited Ordinary Shares,$62.60,-0.46,-0.729%,6757641141.00,Guernsey,,1097697,Technology,EDP Services
DOYU,DouYu International Holdings Limited ADS,$4.36,0.03,0.693%,131579825.00,China,2019,14241,Technology,Computer Software: Programming Data Processing
DPRO,Draganfly Inc. Common Shares,$5.38,-0.04,-0.738%,199060000.00,Canada,,3554910,Industrials,Aerospace
DPU,Top KingWin Ltd Class A Ordinary Shares,$1.99,-0.13,-6.132%,5981697.00,China,2023,6765,Consumer Discretionary,Business Services
DPZ,Domino's Pizza Inc Common Stock,$340.37,-1.69,-0.494%,11260030142.00,United States,2004,766733,Consumer Discretionary,Food Distributors
DRCT,Direct Digital Holdings Inc. Class A Common Stock,$1.95,-0.31,-13.717%,1565318.00,United States,2022,21644,Consumer Discretionary,Advertising
DRDB,Roman DBDR Acquisition Corp. II Ordinary shares,$10.66,0.00,0.00%,0.00,United States,2025,220,,
DRDBW,Roman DBDR Acquisition Corp. II Warrants,$0.1701,-0.0039,-2.241%,0.00,United States,2025,203,,
DRH,Diamondrock Hospitality Company Common Stock,$12.00,-0.31,-2.518%,2455268172.00,United States,2005,2910003,Real Estate,Real Estate Investment Trusts
DRIO,DarioHealth Corp. Common Stock,$7.02,-0.35,-4.749%,68792357.00,Israel,,40026,Health Care,Medical/Dental Instruments
DRMA,Dermata Therapeutics Inc. Common Stock,$1.30,0.01,0.775%,5228786.00,United States,2021,17447,Health Care,Biotechnology: Pharmaceutical Preparations
DRS,Leonardo DRS Inc. Common Stock,$37.70,-0.30,-0.789%,10061810116.00,Israel,,839735,Industrials,Industrial Machinery/Components
DRTS,Alpha Tau Medical Ltd. Ordinary Shares,$13.96,-0.15,-1.063%,1290995030.00,Israel,,464805,Health Care,Medical/Dental Instruments
DRTSW,Alpha Tau Medical Ltd. Warrant,$3.45,-0.15,-4.167%,319049631.00,Israel,,59281,Health Care,Medical/Dental Instruments
DRUG,Bright Minds Biosciences Inc. Common Stock,$70.84,-0.89,-1.241%,698770081.00,Canada,,65850,Health Care,Biotechnology: Pharmaceutical Preparations
DRVN,Driven Brands Holdings Inc. Common Stock,$12.80,0.38,3.06%,2111741645.00,United States,2021,1356396,Consumer Discretionary,Automotive Aftermarket
DSAC,Daedalus Special Acquisition Corp. Class A Ordinary Shares,$10.17,0.02,0.197%,0.00,Cayman Islands,2026,50933,Finance,Blank Checks
DSACW,Daedalus Special Acquisition Corp. Warrant,$0.59,0.00,0.00%,0.00,Cayman Islands,2026,139,Finance,Blank Checks
DSC,DSC Holdings Ltd. American Depositary Shares,$7.83,0.33,4.40%,392067612.00,China,2026,119259,Technology,Computer Software: Programming Data Processing
DSGN,Design Therapeutics Inc. Common Stock,$15.14,0.05,0.331%,947486196.00,United States,2021,476972,Health Care,Biotechnology: Pharmaceutical Preparations
DSGR,Distribution Solutions Group Inc. Common Stock,$34.70,-0.09,-0.259%,1605063143.00,United States,,232191,Consumer Discretionary,Industrial Specialties
DSGX,Descartes Systems Group Inc. (The) Common Stock,$80.43,-0.21,-0.26%,6892113216.00,Canada,,761797,Technology,Computer Software: Prepackaged Software
DSP,Viant Technology Inc. Class A Common Stock,$12.63,-0.25,-1.941%,839577204.00,United States,2021,197238,Technology,Computer Software: Programming Data Processing
DSWL,Deswell Industries Inc. Common Shares,$2.91,-0.09,-3.00%,46226045.00,Macau,1995,27774,Industrials,Plastic Products
DSY,Big Tree Cloud Holdings Limited Class A Ordinary Shares,$3.80,-0.16,-4.04%,18057114.00,China,,15966,Consumer Discretionary,Containers/Packaging
DSYWW,Big Tree Cloud Holdings Limited Warrants,$0.0142,0.0001,0.709%,67477.00,China,,2907,Consumer Discretionary,Containers/Packaging
DTCX,Datacentrex Inc. Common Stock,$2.08,-0.14,-6.306%,83498742.00,United States,,713932,Technology,EDP Services
DTI,Drilling Tools International Corporation Common Stock,$2.59,0.12,4.858%,91380960.00,United States,2021,155902,Consumer Discretionary,Oil and Gas Field Machinery
DTIL,Precision BioSciences Inc. Common Stock,$7.64,0.00,0.00%,210875873.00,United States,2019,170939,Health Care,Biotechnology: Biological Products (No Diagnostic Substances)
DTSQ,DT Cloud Star Acquisition Corporation Ordinary Shares,$11.36,0.01,0.088%,0.00,United States,2024,793,,
DTSQR,DT Cloud Star Acquisition Corporation Right,$0.1001,-0.0001,-0.10%,0.00,United States,2024,120,Finance,Blank Checks
DTSS,Datasea Intelligent Technology Ltd. Class A Ordinary Shares,$0.6405,-0.0251,-3.771%,9239136.00,China,,28912,Technology,Computer Software: Prepackaged Software
DTST,Data Storage Corporation Common Stock,$3.04,0.00,0.00%,7106724.00,United States,,6368,Technology,EDP Services
DUKR,DUKE Robotics Corp. Common Stock,$5.82,0.10,1.748%,19939192.00,Israel,,9901,Industrials,Aerospace
DUKRW,DUKE Robotics Corp. Warrant,$1.345,-0.045,-3.237%,4607940.00,Israel,,1333,Industrials,Aerospace
DUO,Fangdd Network Group Ltd. Class A Ordinary Shares,$0.5801,-0.1799,-23.671%,22361934.00,China,2019,417984,Finance,Real Estate
DUOL,Duolingo Inc. Class A Common Stock,$158.77,10.41,7.017%,7428255929.00,United States,2021,2143368,Technology,Computer Software: Prepackaged Software
DUOT,Duos Technologies Group Inc. Common Stock,$8.61,-0.67,-7.22%,270978216.00,United States,,1024600,Technology,Computer Software: Prepackaged Software
DVLT,Datavault AI Inc. Common Stock,$0.2875,-0.0085,-2.872%,273046974.00,United States,2018,14902742,Consumer Discretionary,Business Services
DWSN,Dawson Geophysical Company Common Stock,$3.47,0.08,2.36%,107762994.00,United States,,77838,Energy,Oil & Gas Production
DWTX,Dogwood Therapeutics Inc. Common Stock,$2.63,0.05,1.938%,89400414.00,United States,2020,145146,Health Care,Biotechnology: Pharmaceutical Preparations
DXCM,DexCom Inc. Common Stock,$90.14,-0.92,-1.01%,34015299357.00,United States,2005,2151639,Health Care,Medical/Dental Instruments
DXLG,Destination XL Group Inc. Common Stock,$0.6079,-0.0041,-0.67%,33600513.00,United States,,219309,Consumer Discretionary,Clothing/Shoe/Accessory Stores
DXPE,DXP Enterprises Inc. Common Stock,$183.10,-4.63,-2.466%,2841189799.00,United States,,79543,Industrials,Industrial Machinery/Components
DXR,Daxor Corporation Common Stock,$10.90,0.8207,8.142%,63636642.00,United States,,24454,Health Care,Medical/Dental Instruments
DXST,Decent Holding Inc Class A Ordinary Shares,$2.59,0.00,0.00%,4701182.00,China,2025,47299,Industrials,Miscellaneous
DYAI,Dyadic International Inc. Common Stock,$0.5321,-0.023,-4.143%,21317896.00,United States,,398465,Health Care,Biotechnology: Biological Products (No Diagnostic Substances)
DYN,Dyne Therapeutics Inc. Common Stock,$25.10,-0.33,-1.298%,4687335418.00,United States,2020,1629436,Health Care,Biotechnology: Pharmaceutical Preparations
DYNC,Dynamix Corporation Class A Ordinary Shares,$10.88,0.00,0.00%,0.00,United States,2024,12449,,
DYNCU,Dynamix Corporation Unit,$10.8501,0.00,0.00%,0.00,United States,2024,1,,
DYNCW,Dynamix Corporation Warrant,$0.15,0.01,7.143%,0.00,United States,2024,16842,,
DYOR,Insight Digital Partners II Class A Ordinary Shares,$10.12,0.00,0.00%,0.00,United States,2025,10,Finance,Blank Checks
EBAY,eBay Inc. Common Stock,$104.98,1.42,1.371%,46716100000.00,United States,1998,3336302,Consumer Discretionary,Business Services
EBC,Eastern Bankshares Inc. Common Stock,$21.50,-0.46,-2.095%,4912998368.00,United States,2020,1656884,Finance,Savings Institutions
EBMT,Eagle Bancorp Montana Inc. Common Stock,$22.29,-0.06,-0.268%,177549457.00,United States,2010,24976,Finance,Major Banks
EBON,Ebang International Holdings Inc. Class A Ordinary Shares,$2.26,0.10,4.63%,14789300.00,China,2020,2131,Finance,Investment Bankers/Brokers/Service
ECBK,ECB Bancorp Inc. Common Stock,$20.61,-0.09,-0.435%,180084038.00,United States,2022,5484,Finance,Banks
ECHO,EchoStar  Corporation Common Stock,$86.04,-0.40,-0.463%,24993820516.00,United States,,1680336,Consumer Discretionary,Telecommunications Equipment
ECOR,electroCore Inc. Common Stock,$9.05,-0.44,-4.636%,81593759.00,United States,2018,180008,Health Care,Biotechnology: Electromedical & Electrotherapeutic Apparatus
ECPG,Encore Capital Group Inc Common Stock,$93.01,-4.00,-4.123%,1972683132.00,United States,,461648,Finance,Finance Companies
ECX,ECARX Holdings Inc. Class A Ordinary shares,$1.05,0.01,0.962%,400112983.00,China,,190638,Technology,EDP Services
ECXWW,ECARX Holdings Inc. Warrants,$0.0479,0.0044,10.115%,18252773.00,China,,2336,Technology,EDP Services
EDBL,Edible Garden AG Incorporated Common Stock,$1.55,0.09,6.164%,3024839.00,United States,2022,82617,Consumer Staples,Farming/Seeds/Milling
EDBLW,Edible Garden AG Incorporated Warrant,$0.0583,-0.0007,-1.186%,113773.00,United States,2022,4955,Consumer Staples,Farming/Seeds/Milling
EDHL,Everbright Digital Holding Limited Ordinary Shares,$4.22,0.00,0.00%,25148141.00,Hong Kong,2025,10455,Consumer Discretionary,Advertising
EDIT,Editas Medicine Inc. Common Stock,$3.07,0.01,0.327%,471490707.00,United States,2016,1225279,Health Care,Biotechnology: Biological Products (No Diagnostic Substances)
EDRY,EuroDry Ltd. Common Shares ,$51.79,2.49,5.051%,148460748.00,Greece,,112041,Consumer Discretionary,Marine Transportation
EDSA,Edesa Biotech Inc. Common Shares,$4.78,0.045,0.95%,64547796.00,United States,,24075,Health Care,Biotechnology: Pharmaceutical Preparations
EDTK,Skillful Craftsman Education Technology Limited Ordinary Share,$0.88,-0.01,-1.124%,14255517.00,China,2020,3355,Real Estate,Other Consumer Services
EDUC,Educational Development Corporation Common Stock,$1.35,0.00,0.00%,11508701.00,United States,,21814,Consumer Discretionary,Consumer Specialties
EEFT,Euronet Worldwide Inc. Common Stock,$68.14,-1.37,-1.971%,2548680963.00,United States,1997,625993,Finance,Investment Bankers/Brokers/Service
EEIQ,EpicQuest Education Group International Limited Common Stock,$2.99,0.21,7.554%,4923403.00,United States,2021,9527,Real Estate,Other Consumer Services
EFOI,Energy Focus Inc. Common Stock,$2.845,0.075,2.708%,18120437.00,United States,,4962,Consumer Discretionary,Building Products
EFSC,Enterprise Financial Services Corporation Common Stock,$62.80,-0.43,-0.68%,2272890256.00,United States,,199284,Finance,Major Banks
EFSCP,Enterprise Financial Services Corporation Depositary Shares Each Representing a 1/40th Interest in a Share of 5% Fixed Rate Non-Cumulative Perpetual Preferred Stock Series A,$18.81,-0.29,-1.518%,680781301.00,United States,,2030,Finance,Major Banks
EFSI,Eagle Financial Services Inc Common Stock,$40.97,-0.34,-0.823%,221713867.00,United States,,31843,Finance,Major Banks
EGAN,eGain Corporation Common Stock,$7.33,-0.13,-1.743%,201209094.00,United States,1999,99634,Technology,Computer Software: Prepackaged Software
EGBN,Eagle Bancorp Inc. Common Stock,$26.81,-0.48,-1.759%,817275316.00,United States,,217011,Finance,Major Banks
EH,EHang Holdings Limited ADS,$4.44,-0.05,-1.114%,336753407.00,China,2019,779095,Industrials,Aerospace
EHGO,Eshallgo Inc. Class A Ordinary Shares,$1.18,0.08,7.273%,6533161.00,China,2024,986905,Consumer Discretionary,Diversified Commercial Services
EHLD,Euroholdings Ltd. Common Stock ,$9.60,-0.01,-0.104%,27039504.00,Greece,,5322,Consumer Discretionary,Marine Transportation
EHTH,eHealth Inc. Common Stock,$0.9448,-0.1852,-16.389%,30264451.00,United States,2006,1146332,Finance,Specialty Insurers
EIKN,Eikon Therapeutics Inc. Common Stock,$10.88,0.42,4.015%,589315526.00,United States,2026,333502,Health Care,Biotechnology: Biological Products (No Diagnostic Substances)
EJH,E-Home Household Service Holdings Limited Ordinary Shares,$1.22,-0.06,-4.688%,3904188.00,China,2021,6047,Consumer Discretionary,Other Consumer Services
ELAB,PMGC Holdings Inc. Common Stock,$5.03,-0.16,-3.083%,4072182.00,United States,2023,53831,Health Care,Biotechnology: Pharmaceutical Preparations
ELBM,Electra Battery Materials Corporation Common Stock,$0.5888,-0.0065,-1.092%,62883921.00,Canada,,589683,Miscellaneous,Industrial Machinery/Components
ELDN,Eledon Pharmaceuticals Inc. Common Stock,$3.01,0.03,1.007%,244596068.00,United States,2014,1297889,Health Care,Biotechnology: Pharmaceutical Preparations
ELE,Elemental Royalty Corporation Common Stock,$20.55,-0.97,-4.507%,1321490519.00,Canada,,291788,Basic Materials,Precious Metals
ELMT,The Elmet Group Co. Common Stock,$15.76,-0.65,-3.961%,480041688.00,United States,2026,216443,Industrials,Metal Fabrications
ELOG,Eastern International Ltd. Ordinary Shares,$0.7299,0.0599,8.94%,9366077.00,China,2025,39440,Industrials,Integrated Freight & Logistics
ELOX,Eloxx Pharmaceuticals Inc. Common Stock,$15.01,-1.76,-10.495%,60587250.00,United States,,34092,Health Care,Biotechnology: Biological Products (No Diagnostic Substances)
ELPW,Elong Power Holding Limited Class A Ordinary Shares,$3.27,-0.36,-9.917%,3047931.00,China,,101933,Miscellaneous,Industrial Machinery/Components
ELTK,Eltek Ltd. Ordinary Shares,$8.0016,-0.0484,-0.601%,53769368.00,Israel,1997,1506,Technology,Electrical Products
ELTX,Elicio Therapeutics Inc. Common Stock,$2.56,-0.14,-5.185%,67281618.00,United States,2021,334360,Health Care,Biotechnology: Pharmaceutical Preparations
ELUT,Elutia Inc. Class A Common Stock,$0.861,-0.0031,-0.359%,38133027.00,United States,2020,22721,Health Care,Biotechnology: Biological Products (No Diagnostic Substances)
ELVA,Electrovaya Inc. Common Shares,$6.54,-0.11,-1.654%,326992786.00,Canada,,284462,Miscellaneous,Industrial Machinery/Components
ELVN,Enliven Therapeutics Inc. Common Stock,$57.86,-0.03,-0.052%,4239446231.00,United States,2020,1056472,Health Care,Biotechnology: Pharmaceutical Preparations
ELVR,Elevra Lithium Limited American Depository Shares,$60.31,1.01,1.703%,1021511300.00,Australia,,29865,Industrials,Mining & Quarrying of Nonmetallic Minerals (No Fuels)
ELWT,Elauwit Connection Inc. Common Stock,$7.145,-0.305,-4.094%,47298442.00,United States,2025,3294,Consumer Discretionary,Telecommunications Equipment
EMAT,Evolution Metals & Technologies Corp. Common Stock,$3.52,-0.345,-8.926%,2188738274.00,United States,,671218,Miscellaneous,Industrial Machinery/Components
EMBC,Embecta Corp. Common Stock,$5.25,0.11,2.14%,297462895.00,United States,,2090352,Health Care,Medical/Dental Instruments
EMIS,Emmis Acquisition Corp. Class A Ordinary Shares,$10.22,0.00,0.00%,0.00,United States,2025,14,Health Care,Biotechnology: Pharmaceutical Preparations
EMISR,Emmis Acquisition Corp. Rights,$0.1031,0.001,0.979%,0.00,United States,2025,109000,,
EML,Eastern Company (The) Common Stock,$26.96,-0.28,-1.028%,162233364.00,United States,,7967,Consumer Discretionary,Industrial Machinery/Components
EMPD,Empery Digital Inc. Common stock,$3.51,0.29,9.006%,98666490.00,United States,2021,1470788,Industrials,Auto Manufacturing
ENGN,enGene Therapeutics Inc. Common Stock,$1.855,0.015,0.815%,124265459.00,Canada,,657385,Health Care,Biotechnology: Biological Products (No Diagnostic Substances)
ENGNW,enGene Therapeutics Inc. Warrants,$0.1953,-0.0728,-27.154%,13083043.00,Canada,,28487,Health Care,Biotechnology: Biological Products (No Diagnostic Substances)
ENGS,Energys Group Limited Ordinary Shares,$2.66,0.01,0.377%,144109586.00,United Kingdom,2025,196412,Industrials,Engineering & Construction
ENLT,Enlight Renewable Energy Ltd. Ordinary Shares,$74.93,-3.205,-4.102%,10448543416.00,Israel,2023,240667,Utilities,Electric Utilities: Central
ENLV,Enlivex Ltd. Ordinary Shares,$1.28,0.00,0.00%,22381391.00,Israel,2014,343346,Health Care,Biotechnology: Pharmaceutical Preparations
ENPH,Enphase Energy Inc. Common Stock,$35.54,-0.88,-2.416%,4696420790.00,United States,2012,4212052,Technology,Semiconductors
ENRD,Einride AB American Depositary Shares,$4.81,-0.20,-3.992%,693435920.00,Sweden,,53039,Technology,EDP Services
ENRDW,Einride AB Warrants,$0.45,0.02,4.651%,64874462.00,Sweden,,5940,Technology,EDP Services
ENSC,Ensysce Biosciences Inc. Common Stock,$0.3881,-0.0046,-1.171%,7551182.00,United States,,207707,Health Care,Biotechnology: Pharmaceutical Preparations
ENSG,The Ensign Group Inc. Common Stock,$173.20,0.94,0.546%,10094517569.00,United States,2007,217085,Health Care,Hospital/Nursing Management
ENTA,Enanta Pharmaceuticals Inc. Common Stock,$13.51,0.18,1.35%,393484181.00,United States,2013,217301,Health Care,Biotechnology: Pharmaceutical Preparations
ENTG,Entegris Inc. Common Stock,$129.51,-5.78,-4.272%,19789128000.00,United States,2000,3088516,Industrials,Plastic Products
ENTX,Entera Bio Ltd. Ordinary Shares,$2.90,-0.05,-1.695%,504119386.00,Israel,2018,256668,Health Care,Biotechnology: Biological Products (No Diagnostic Substances)
ENVB,Enveric Biosciences Inc. Common Stock,$1.37,0.00,0.00%,6131961.00,United States,,20998,Health Care,Biotechnology: Pharmaceutical Preparations
ENVX,Enovix Corporation Common Stock,$3.35,-0.03,-0.888%,735152592.00,United States,2021,4364255,Miscellaneous,Industrial Machinery/Components
EOLS,Evolus Inc. Common Stock,$9.08,-0.01,-0.11%,599737995.00,United States,2018,593997,Health Care,Biotechnology: Pharmaceutical Preparations
EOSE,Eos Energy Enterprises Inc. Class A Common Stock,$3.04,-0.18,-5.59%,1107069942.00,United States,,13588196,Miscellaneous,Industrial Machinery/Components
EOSEW,Eos Energy Enterprises Inc. Warrant,$2.90,-0.04,-1.361%,1056086458.00,United States,,6482,Miscellaneous,Industrial Machinery/Components
EPOW,E-Power Inc. Class A Ordinary Shares,$0.451,-0.0188,-4.002%,24943849.00,China,2021,707224,Miscellaneous,Industrial Machinery/Components
EPRX,Eupraxia Pharmaceuticals Inc. Common Stock,$6.34,-0.12,-1.858%,417848047.00,Canada,,151661,Health Care,Pharmaceuticals and Biotechnology
EPSM,Epsium Enterprise Limited Class A Ordinary Shares,$1.46,-0.08,-5.195%,19619530.00,Macau,2025,3415,Consumer Staples,Beverages (Production/Distribution)
EPSN,Epsilon Energy Ltd. Common Share,$6.28,0.05,0.803%,190182132.00,United States,,164193,Energy,Oil & Gas Production
EQ,Equillium Inc. Common Stock,$2.205,-0.065,-2.863%,139814821.00,United States,2018,161184,Health Care,Biotechnology: Pharmaceutical Preparations
EQIX,Equinix Inc. Common Stock REIT,$1027.59,-19.13,-1.828%,101394037817.00,United States,2000,495136,Real Estate,Real Estate Investment Trusts
EQPT,EquipmentShare.com Inc Class A Common Stock,$16.85,-0.76,-4.316%,4269384977.00,United States,2026,2899586,Consumer Discretionary,Diversified Commercial Services
ERAS,Erasca Inc. Common Stock,$16.76,-1.12,-6.264%,5862011707.00,United States,2021,6708125,Health Care,Biotechnology: Pharmaceutical Preparations
ERIC,Ericsson American Depositary Shares,$10.06,-0.03,-0.297%,33915798454.00,Sweden,,16609151,Technology,Radio And Television Broadcasting And Communications Equipment
ERIE,Erie Indemnity Company Class A Common Stock,$256.09,0.53,0.207%,11828558424.00,United States,,233399,Finance,Specialty Insurers
ERII,Energy Recovery Inc. Common Stock,$7.73,0.02,0.259%,394576884.00,United States,2008,1293384,Technology,Industrial Machinery/Components
ERNA,Ernexa Therapeutics Inc. Common Stock,$4.35,-0.22,-4.814%,7100988.00,United States,,29420,Health Care,Biotechnology: Pharmaceutical Preparations
ERNAW,Ernexa Therapeutics Inc. Warrants,$0.0441,-0.0006,-1.342%,71989.00,United States,,6501,Health Care,Biotechnology: Pharmaceutical Preparations
ESCA,Escalade Incorporated Common Stock,$20.12,-0.04,-0.198%,276973409.00,United States,,35519,Consumer Discretionary,Recreational Games/Products/Toys
ESEA,Euroseas Ltd. Common Stock (Marshall Islands),$76.73,-0.10,-0.13%,541397749.00,Greece,,46808,Consumer Discretionary,Marine Transportation
ESLA,Estrella Immunopharma Inc. Common Stock,$0.6915,-0.0335,-4.621%,30078773.00,United States,2021,4877,Health Care,Biotechnology: Biological Products (No Diagnostic Substances)
ESLT,Elbit Systems Ltd. Ordinary Shares,$708.70,8.19,1.169%,32960880817.00,Israel,,87657,Industrials,Military/Government/Technical
ESOA,Energy Services of America Corporation Common Stock,$11.26,-0.39,-3.348%,210102378.00,United States,,105957,Industrials,Water Sewer Pipeline Comm & Power Line Construction
ESQ,Esquire Financial Holdings Inc. Common Stock,$111.56,-0.16,-0.143%,1350387279.00,United States,2017,107928,Finance,Commercial Banks
ESTA,Establishment Labs Holdings Inc. Common Shares,$69.55,0.22,0.317%,2072721519.00,Costa Rica,2018,372294,Health Care,Industrial Specialties
ETON,Eton Pharmaceuticals Inc. Common Stock,$60.43,-0.01,-0.017%,1727278848.00,United States,2018,564025,Health Care,Biotechnology: Pharmaceutical Preparations
ETOR,eToro Group Ltd. Class A Common Shares,$31.81,-0.17,-0.532%,2562178853.00,Israel,2025,913592,Finance,Investment Bankers/Brokers/Service
ETS,Elite Express Holding Inc. Class A Common Stock,$0.8037,-0.0319,-3.818%,39153589.00,United States,2025,8297,Industrials,Trucking Freight/Courier Services
EU,enCore Energy Corp. Common Shares,$1.19,-0.06,-4.80%,231194355.00,United States,,3700744,Basic Materials,Other Metals and Minerals
EUDA,EUDA Health Holdings Limited Ordinary Shares,$13.63,0.08,0.59%,40812650.00,Singapore,2021,10660,Health Care,Medical/Nursing Services
EUDAW,EUDA Health Holdings Limited Warrant,$0.0299,0.00,0.00%,89530.00,Singapore,2021,488,Health Care,Medical/Nursing Services
EURK,Eureka Acquisition Corp Class A Ordinary Share,$11.65,0.00,0.00%,0.00,United States,2024,666,,
EURKR,Eureka Acquisition Corp Right,$0.37,0.00,0.00%,0.00,United States,2024,8,Consumer Discretionary,Marine Transportation
EURKU,Eureka Acquisition Corp Unit,$11.72,0.00,0.00%,0.00,United States,2024,1,Consumer Discretionary,Marine Transportation
EVAX,Evaxion A/S American Depositary Share,$2.98,-0.02,-0.667%,24853841.00,Denmark,2021,63040,Health Care,Biotechnology: Biological Products (No Diagnostic Substances)
EVCM,EverCommerce Inc. Common Stock,$8.07,-0.80,-9.019%,1425688535.00,United States,2021,221228,Technology,Computer Software: Prepackaged Software
EVER,EverQuote Inc. Class A Common Stock,$24.83,-0.61,-2.398%,875003017.00,United States,2018,301277,Technology,Computer Software: Programming Data Processing
EVGN,Evogene Ltd Ordinary Shares,$0.5208,-0.0157,-2.926%,8229373.00,Israel,,31353,Industrials,Agricultural Chemicals
EVGO,EVgo Inc. Class A Common Stock,$1.27,-0.07,-5.224%,399434964.00,United States,,4250903,Consumer Discretionary,Automotive Aftermarket
EVLV,Evolv Technologies Holdings Inc. Class A Common Stock,$5.06,-0.15,-2.879%,916498299.00,United States,2020,1595202,Technology,Computer peripheral equipment
EVO,Evotec SE American Depositary Shares,$1.80,-0.08,-4.255%,640360015.00,Germany,2021,38398,Health Care,Biotechnology: Pharmaceutical Preparations
EVOX,Evolution Global Acquisition Corp Class A Ordinary Shares,$10.11,0.00,0.00%,0.00,United States,2025,1166,Finance,Blank Checks
EVOXU,Evolution Global Acquisition Corp Units,$10.2601,0.0001,0.001%,0.00,United States,2025,4109,Finance,Blank Checks
EVOXW,Evolution Global Acquisition Corp Warrants,$0.3798,0.00,0.00%,0.00,United States,2025,874,Finance,Blank Checks
EVRG,Evergy Inc. Common Stock,$81.52,0.50,0.617%,18795835861.00,United States,,2201081,Utilities,Power Generation
EWAV,East West Ave Acquisition Corp. Common Stock,$9.88,-0.01,-0.101%,0.00,United States,2026,30780,Finance,Blank Checks
EWAVR,East West Ave Acquisition Corp. Rights,$0.16,0.00,0.00%,0.00,United States,2026,29922,Finance,Blank Checks
EWAVU,East West Ave Acquisition Corp. Units,$10.02,0.00,0.00%,0.00,United States,2026,1487,Finance,Blank Checks
EWBC,East West Bancorp Inc. Common Stock,$126.76,-0.10,-0.079%,17367622867.00,United States,,636510,Finance,Major Banks
EWTX,Edgewise Therapeutics Inc. Common Stock,$42.25,0.48,1.149%,4588524450.00,United States,2021,1040528,Health Care,Biotechnology: Pharmaceutical Preparations
EXC,Exelon Corporation Common Stock,$43.83,0.11,0.252%,45243691374.00,United States,,7324143,Utilities,Power Generation
EXE,Expand Energy Corporation Common Stock,$99.98,1.82,1.854%,23145748824.00,United States,,2447959,Energy,Oil & Gas Production
EXEL,Exelixis Inc. Common Stock,$56.89,2.25,4.118%,14096300458.00,United States,2000,2413497,Health Care,Biotechnology: Biological Products (No Diagnostic Substances)
EXFY,Expensify Inc. Class A Common Stock,$2.49,-0.03,-1.19%,227054793.00,United States,2021,482857,Technology,Computer Software: Prepackaged Software
EXLS,ExlService Holdings Inc. Common Stock,$37.42,-0.66,-1.733%,5673339713.00,United States,2006,1872136,Consumer Discretionary,Business Services
EXOZ,eXoZymes Inc. Common Stock,$6.50,-0.23,-3.418%,60328834.00,United States,2024,4133,Health Care,Biotechnology: Biological Products (No Diagnostic Substances)
EXPE,Expedia Group Inc. Common Stock,$304.23,-12.89,-4.065%,34833084919.00,United States,,2346513,Consumer Discretionary,Transportation Services
EXPO,Exponent Inc. Common Stock,$70.30,-0.71,-1.00%,3342489705.00,United States,,382980,Consumer Discretionary,Professional Services
EXTR,Extreme Networks Inc. Common Stock,$21.78,-0.71,-3.157%,2842086422.00,United States,1999,1334224,Telecommunications,Computer Communications Equipment
EXYN,Exyn Technologies Inc. Common Stock,$2.88,-0.27,-8.571%,22907396.00,United States,2026,217400,Technology,Computer Software: Prepackaged Software
EXYNW,Exyn Technologies Inc. Warrant,$0.58,0.00,0.00%,4613295.00,United States,2026,432,Technology,Computer Software: Prepackaged Software
EYE,National Vision Holdings Inc. Common Stock,$16.69,-0.39,-2.283%,1319666834.00,United States,2017,2178989,Health Care,Ophthalmic Goods
EYPT,EyePoint Inc. Common Stock,$4.58,0.08,1.778%,394851592.00,United States,,3260522,Industrials,Biotechnology: Laboratory Analytical Instruments
EZGO,EZGO Technologies Ltd. Ordinary Shares,$0.8839,0.015,1.726%,2038184.00,China,2021,49916,Consumer Discretionary,Motor Vehicles
EZPW,EZCORP Inc. Class A Non Voting Common Stock,$31.80,-0.52,-1.609%,1953899389.00,United States,1991,528056,Consumer Discretionary,Other Specialty Stores
EZRA,Reliance Global Group Inc. Common Stock,$2.77,-0.11,-3.819%,4653423.00,United States,,34450,Finance,Specialty Insurers
FA,First Advantage Corporation Common Stock,$20.17,-0.85,-4.044%,3464271947.00,United States,2021,1762439,Technology,EDP Services
FABC,Fabric.AI Inc. Common Stock,$2.45,-0.17,-6.489%,17158852.00,United States,,228948,Consumer Discretionary,Telecommunications Equipment
FAC,Factorial Energy Inc. Class A Common Stock,$4.76,-0.24,-4.80%,509430646.00,United States,2025,239252,Miscellaneous,Industrial Machinery/Components
FACT,FACT II Acquisition Corp. Class A Ordinary Shares,$10.70,0.00,0.00%,0.00,United States,2024,4679,,
FACWW,Factorial Energy Inc. Warrant,$0.665,-0.0309,-4.44%,71170458.00,United States,2025,1626,Miscellaneous,Industrial Machinery/Components
FAMI,Farmmi Inc. Class A Ordinary Shares,$0.1187,-0.0043,-3.496%,3800653.00,China,2018,5298158,Consumer Staples,Packaged Foods
FANG,Diamondback Energy Inc. Common Stock,$203.16,2.68,1.337%,56889747555.00,United States,2012,2573716,Energy,Oil & Gas Production
FAST,Fastenal Company Common Stock,$48.75,-0.56,-1.136%,55940506684.00,United States,1987,5626997,Consumer Discretionary,RETAIL: Building Materials
FATE,Fate Therapeutics Inc. Common Stock,$2.43,0.04,1.674%,291163849.00,United States,2013,1041324,Health Care,Biotechnology: Biological Products (No Diagnostic Substances)
FATN,FatPipe Inc. Common Stock,$6.15,0.08,1.318%,86890078.00,United States,2025,47418,Technology,Computer Software: Prepackaged Software
FBDT,First Breach Inc. Common Stock,$0.7443,0.0393,5.574%,41514226.00,United States,,2595238,Industrials,Ordnance And Accessories
FBGL,FBS Global Limited Ordinary Shares,$0.396,-0.0041,-1.025%,5295822.00,Singapore,2025,46053,Consumer Discretionary,Homebuilding
FBIO,Fortress Biotech Inc. Common Stock,$2.68,-0.055,-2.011%,89380661.00,United States,,605791,Health Care,Biotechnology: Pharmaceutical Preparations
FBIOP,Fortress Biotech Inc. 9.375% Series A Cumulative Redeemable Perpetual Preferred Stock,$18.50,-0.23,-1.228%,616993371.00,United States,,4588,Health Care,Biotechnology: Pharmaceutical Preparations
FBIZ,First Business Financial Services Inc. Common Stock,$69.80,-0.07,-0.10%,584108736.00,United States,,95220,Finance,Major Banks
FBLA,FB Bancorp Inc. Common Stock,$15.59,-0.09,-0.574%,248632095.00,United States,2024,123276,Finance,Banks
FBLG,FibroBiologics Inc. Common Stock,$2.11,0.39,22.674%,14048787.00,United States,,1536118,Health Care,Biotechnology: Pharmaceutical Preparations
FBNC,First Bancorp Common Stock,$62.28,-1.15,-1.813%,2576786484.00,United States,1987,185821,Finance,Major Banks
FBYD,Falcon's Beyond Global Inc. Class A Common Stock,$7.49,-1.45,-16.219%,908231768.00,United States,,188405,Consumer Discretionary,Services-Misc. Amusement & Recreation
FBYDW,Falcon's Beyond Global Inc. Warrants,$0.9399,-0.1301,-12.159%,113971567.00,United States,,2081,Consumer Discretionary,Services-Misc. Amusement & Recreation
FCAP,First Capital Inc. Common Stock,$61.46,-0.67,-1.078%,205560653.00,United States,,11846,Finance,Savings Institutions
FCBC,First Community Bankshares Inc. (VA) Common Stock,$48.12,-0.37,-0.763%,909965031.00,United States,,87692,Finance,Major Banks
FCCO,First Community Corporation Common Stock,$32.96,-0.14,-0.423%,309815134.00,United States,,31312,Finance,Major Banks
FCEL,FuelCell Energy Inc. Common Stock,$17.08,-0.15,-0.871%,1365617668.00,United States,,6235537,Energy,Industrial Machinery/Components
FCFS,FirstCash Holdings Inc. Common Stock,$215.56,1.09,0.508%,9349225208.00,United States,1991,424521,Consumer Discretionary,Other Specialty Stores
FCHL,Fitness Champs Holdings Limited Common Stock,$1.06,0.02,1.923%,1397867.00,Singapore,2025,8707,Consumer Discretionary,Services-Misc. Amusement & Recreation
FCNCA,First Citizens BancShares Inc. Class A Common Stock,$2141.16,-23.24,-1.074%,24180376819.00,United States,,71705,Finance,Major Banks
FCNCN,First Citizens BancShares Inc. Depositary Shares each representing a 1/40th interest in a share of 6.625% Non-Cumulative Perpetual Preferred Stock Series E,$24.87,0.02,0.08%,280859894.00,United States,,8248,Finance,Major Banks
FCNCO,First Citizens BancShares Inc. 5.625% Non-Cumulative Perpetual Preferred Stock Series C,$20.51,0.005,0.024%,231621891.00,United States,,58076,Finance,Major Banks
FCNCP,First Citizens BancShares Inc. Depositary Shares,$19.845,0.055,0.278%,224111966.00,United States,,15227,Finance,Major Banks
FCUV,Focus Universal Inc. Common Stock,$11.35,1.50,15.228%,7976156.00,United States,,363897,Industrials,Industrial Machinery/Components
FDBC,Fidelity D & D Bancorp Inc. Common Stock,$53.03,-0.54,-1.008%,308025179.00,United States,,7080,Finance,Major Banks
FDMM,Freedom Metals Acquisition Corp. Class A Ordinary Shares,$9.80,0.00,0.00%,0.00,United States,2026,13,Finance,Blank Checks
FDMMU,Freedom Metals Acquisition Corp. Units,$9.98,0.00,0.00%,0.00,United States,2026,1,Finance,Blank Checks
FDMMW,Freedom Metals Acquisition Corp. Warrants,$0.37,-0.0003,-0.081%,0.00,United States,2026,117,Finance,Blank Checks
FDMT,4D Molecular Therapeutics Inc. Common Stock,$14.35,0.24,1.701%,792754428.00,United States,2020,707999,Health Care,Biotechnology: Biological Products (No Diagnostic Substances)
FDSB,Fifth District Bancorp Inc. Common Stock,$18.40,0.13,0.712%,96336107.00,United States,2024,2104,Finance,Savings Institutions
FDUS,Fidus Investment Corporation Common Stock,$19.64,-0.16,-0.808%,745423709.00,United States,2011,278133,Finance,Finance/Investors Services
FEAM,5E Advanced Materials Inc. Common Stock,$1.50,-0.10,-6.25%,62272835.00,United States,,214361,Industrials,Mining & Quarrying of Nonmetallic Minerals (No Fuels)
FEBO,Fenbo Holdings Limited Class A Ordinary Shares,$0.715,0.00,0.00%,7909688.00,Hong Kong,2023,213,Consumer Discretionary,Home Furnishings
FEED,ENvue Medical Inc. Common Stock,$4.31,0.1088,2.59%,47774691.00,United States,,111515,Health Care,Industrial Specialties
FEIM,Frequency Electronics Inc. Common Stock,$58.98,-1.27,-2.108%,659250719.00,United States,,218239,Industrials,Electrical Products
FELE,Franklin Electric Co. Inc. Common Stock,$98.43,-1.66,-1.659%,4351734402.00,United States,,153426,Consumer Discretionary,Metal Fabrications
FEMY,Femasys Inc. Common Stock,$3.26,-0.17,-4.956%,27302588.00,United States,2021,66815,Health Care,Medical/Dental Instruments
FENC,Fennec Pharmaceuticals Inc. Common Stock,$12.03,-0.32,-2.591%,421459020.00,United States,,348068,Health Care,Biotechnology: Biological Products (No Diagnostic Substances)
FER,Ferrovial N.V. Ordinary Shares,$57.70,-0.85,-1.452%,41512712290.00,Netherlands,,1042444,Industrials,Military/Government/Technical
FERA,Fifth Era Acquisition Corp I Class A Ordinary Shares,$10.51,0.01,0.095%,0.00,Cayman Islands,2025,81734,,
FFAI,Faraday Future Intelligent Electric Inc. Class A Common Stock,$2.11,-0.15,-6.637%,8134685.00,United States,2020,494259,Industrials,Auto Manufacturing
FFBC,First Financial Bancorp. Common Stock,$32.02,-0.35,-1.081%,3361105459.00,United States,,788041,Finance,Major Banks
FFIN,First Financial Bankshares Inc. Common Stock,$32.60,-0.63,-1.896%,4672476728.00,United States,,545573,Finance,Major Banks
FFIV,F5 Inc. Common Stock,$395.72,-11.41,-2.803%,22408508461.00,United States,1999,477660,Telecommunications,Computer Communications Equipment
FGBI,First Guaranty Bancshares Inc. Common Stock,$8.31,-0.18,-2.12%,137439871.00,United States,,10393,Finance,Savings Institutions
FGBIP,First Guaranty Bancshares Inc. 6.75% Series A Fixed-Rate Non-Cumulative Perpetual Preferred Stock,$18.79,-0.16,-0.844%,310769576.00,United States,,2789,Finance,Savings Institutions
FGI,FGI Industries Ltd. Ordinary Shares,$7.18,0.11,1.556%,13866526.00,United States,2022,39015,Industrials,Industrial Specialties
FGII,FG Imperii Acquisition Corp. Class A Ordinary Shares,$10.00,0.00,0.00%,0.00,United States,2026,28,Finance,Blank Checks
FGIIW,FG Imperii Acquisition Corp. Warrants,$0.1802,-0.0001,-0.055%,0.00,United States,2026,3541,Finance,Blank Checks
FGIWW,FGI Industries Ltd. Warrant,$0.04,-0.0131,-24.67%,77251.00,United States,2022,100,Industrials,Industrial Specialties
FGL,Founder Group Limited Class A Ordinary Shares,$17.23,2.03,13.355%,19739722.00,Malaysia,2024,309848,Consumer Discretionary,Engineering & Construction
FGNX,FG Nexus Inc. Common Stock ,$7.99,-0.16,-1.963%,40714547.00,United States,2014,107666,Finance,Property-Casualty Insurers
FGNXP,FG Nexus Inc. 8.00% Cumulative Preferred Stock,$24.85,0.31,1.263%,126627847.00,United States,,476,Finance,Property-Casualty Insurers
FHB,First Hawaiian Inc. Common Stock,$25.25,-0.36,-1.406%,3072436009.00,United States,2016,2000699,Finance,Major Banks
FHTX,Foghorn Therapeutics Inc. Common Stock,$5.69,-0.05,-0.871%,337902442.00,United States,2020,218799,Health Care,Biotechnology: Pharmaceutical Preparations
FIBK,First Interstate BancSystem Inc. Common Stock (DE),$36.315,-0.495,-1.345%,3460986803.00,United States,2010,1216121,Finance,Major Banks
FIEE,FiEE Inc Common Stock,$4.10,0.12,3.015%,34967252.00,United States,,14752,Utilities,Telecommunications Equipment
FIGR,Figure Technology Solutions Inc. Class A Common Stock,$33.70,-2.99,-8.149%,7561534286.00,U.S. Virgin Islands,2025,3772933,Finance,Finance: Consumer Services
FIGX,FIGX Capital Acquisition Corp. Class A Ordinary Share,$10.32,-0.01,-0.097%,0.00,United States,2025,23130,Finance,Blank Checks
FIGXU,FIGX Capital Acquisition Corp. Units,$10.3501,0.00,0.00%,0.00,United States,2025,6,Finance,Blank Checks
FIGXW,FIGX Capital Acquisition Corp. Warrant,$0.18,0.00,0.00%,0.00,United States,2025,22,,
FINW,FinWise Bancorp Common Stock,$13.98,0.075,0.539%,194079866.00,United States,2021,23525,Finance,Major Banks
FIP,FTAI Infrastructure Inc. Common Stock ,$3.38,-0.10,-2.874%,399454271.00,United States,,1030571,Industrials,Railroads
FISI,Financial Institutions Inc. Common Stock,$40.04,-0.48,-1.185%,789042654.00,United States,1999,96061,Finance,Major Banks
FISN,Deep Fission Inc. Common Stock,$6.39,-0.32,-4.769%,376408944.00,United States,2026,366329,Utilities,Electric Utilities: Central
FISV,Fiserv Inc. Common Stock,$51.67,-1.64,-3.076%,27476386474.00,United States,1986,5751047,Consumer Discretionary,Business Services
FIVE,Five Below Inc. Common Stock,$245.08,-1.76,-0.713%,13551784623.00,United States,2012,1189871,Consumer Discretionary,Department/Specialty Retail Stores
FIVN,Five9 Inc. Common Stock,$34.03,-0.53,-1.534%,2542841760.00,United States,2014,1672545,Technology,EDP Services
FIZZ,National Beverage Corp. Common Stock,$31.69,0.06,0.19%,2966668920.00,United States,,340836,Consumer Staples,Beverages (Production/Distribution)
FJDIU,ARC Group Securities Acquisition I Units,$9.98,0.00,0.00%,0.00,United States,2026,4953,,
FKWL,Franklin Wireless Corp. Common Stock,$2.49,-0.02,-0.797%,29342857.00,United States,,16711,Utilities,Telecommunications Equipment
FLD,Fold Holdings Inc. Class A Common Stock,$0.4622,-0.0374,-7.486%,25456676.00,United States,2025,224722,Finance,Finance: Consumer Services
FLDDW,Fold Holdings Inc. Warrant,$0.0676,0.00,0.00%,3723218.00,United States,2025,56,Finance,Finance: Consumer Services
FLEX,Flex Ltd. Ordinary Shares,$106.86,-2.39,-2.188%,39474402229.00,Singapore,1994,2455632,Technology,Electrical Products
FLGT,Fulgent Genetics Inc. Common Stock,$19.59,0.22,1.136%,539024590.00,United States,2016,285580,Health Care,Medical Specialities
FLL,Full House Resorts Inc. Common Stock,$2.07,0.04,1.97%,75854074.00,United States,,167582,Consumer Discretionary,Hotels/Resorts
FLNA,Filana Therapeutics Inc. Common Stock,$0.8573,-0.0407,-4.532%,41414359.00,United States,,217062,Health Care,Biotechnology: Pharmaceutical Preparations
FLNC,Fluence Energy Inc. Class A Common Stock,$10.42,-0.39,-3.608%,1923494165.00,United States,2021,4395608,Miscellaneous,Industrial Machinery/Components
FLNT,Fluent Inc. Common Stock,$3.23,-0.21,-6.105%,102090888.00,United States,,41470,Consumer Discretionary,Advertising
FLUX,Flux Power Holdings Inc. Common Stock,$0.526,-0.0473,-8.25%,11372984.00,United States,,294726,Miscellaneous,Industrial Machinery/Components
FLWS,1-800-FLOWERS.COM Inc. Common Stock,$3.44,-0.21,-5.753%,220498782.00,United States,1999,211132,Consumer Discretionary,Other Specialty Stores
FLX,BingEx Limited American Depositary Shares,$1.87,-0.11,-5.556%,136752932.00,China,2024,183166,Industrials,Trucking Freight/Courier Services
FLXS,Flexsteel Industries Inc. Common Stock,$79.22,-0.32,-0.402%,324147722.00,United States,,59885,Consumer Discretionary,Home Furnishings
FLY,Firefly Aerospace Inc. Common Stock,$20.67,-0.45,-2.131%,3460254012.00,United States,2025,2092177,Industrials,Military/Government/Technical
FLYE,Fly-E Group Inc. Common Stock,$2.20,0.84,61.765%,3591249.00,United States,2024,81602290,Industrials,Aerospace
FLYW,Flywire Corporation Voting Common Stock,$18.185,-0.705,-3.732%,2212526652.00,United States,2021,1336630,Consumer Discretionary,Business Services
FMAC,Future Money Acquisition Corporation Ordinary Shares,$10.06,0.00,0.00%,0.00,United States,2026,136,Finance,Blank Checks
FMAO,Farmers & Merchants Bancorp Inc. Common Stock,$33.89,-0.06,-0.177%,466772460.00,United States,,38835,Finance,Savings Institutions
FMBH,First Mid Bancshares Inc. Common Stock,$49.79,0.03,0.06%,1324509198.00,United States,,153986,Finance,Major Banks
FMFC,Kandal M Venture Limited Class A Ordinary Shares,$0.2298,-0.0018,-0.777%,4894740.00,Cambodia,2025,32524257,Consumer Discretionary,Apparel
FMNB,Farmers National Banc Corp. Common Stock,$15.37,-0.24,-1.537%,910635182.00,United States,,369939,Finance,Major Banks
FMST,Foremost Clean Energy Ltd. Common Shares,$1.025,-0.105,-9.292%,30836759.00,Canada,,86793,Basic Materials,Other Metals and Minerals
FMSTW,Foremost Clean Energy Ltd. Warrant,$0.3499,0.02,6.062%,10526617.00,Canada,,200,Basic Materials,Other Metals and Minerals
FNGR,FingerMotion Inc. Common Stock,$0.2064,-0.0166,-7.444%,12654459.00,United States,,18196928,Technology,Computer Software: Prepackaged Software
FNKO,Funko Inc. Class A Common Stock,$6.20,-0.52,-7.738%,347173749.00,United States,2017,2356807,Consumer Discretionary,Recreational Games/Products/Toys
FNLC,First Bancorp Inc  (ME) Common Stock,$33.95,-0.31,-0.905%,383035443.00,United States,,15796,Finance,Major Banks
FNRN,First Northern Community Bancorp Common stock,$16.63,-0.04,-0.24%,272653889.00,United States,,154338,Finance,Savings Institutions
FNUC,Frontier Nuclear and Minerals Inc. Common Shares,$1.57,0.03,1.948%,56361502.00,Canada,2021,335047,Basic Materials,Other Metals and Minerals
FNWB,First Northwest Bancorp Common Stock,$11.10,-0.16,-1.421%,105578927.00,United States,2015,33184,Finance,Banks
FNWD,Finward Bancorp Common Stock,$42.56,-0.47,-1.092%,184412565.00,United States,,3877,Finance,Savings Institutions
FOCL,EDAP TMS S.A. American Depositary Shares,$4.31,0.04,0.937%,161745465.00,France,,71247,Health Care,Biotechnology: Electromedical & Electrotherapeutic Apparatus
FOFO,Hang Feng Technology Innovation Co. Ltd. Ordinary Shares,$2.47,0.035,1.437%,18700563.00,Hong Kong,2025,11436,Consumer Discretionary,Professional Services
FORM,FormFactor Inc. FormFactor Inc. Common Stock,$95.41,-5.20,-5.168%,7453498372.00,United States,2003,1134169,Technology,Semiconductors
FORR,Forrester Research Inc. Common Stock,$12.23,-0.07,-0.569%,232846970.00,United States,1996,79049,Industrials,Diversified Commercial Services
FORTY,Formula Systems (1985) Ltd. American Depositary Shares,$125.72,0.00,0.00%,1925737095.00,Israel,,102,Technology,EDP Services
FOSL,Fossil Group Inc. Common Stock,$4.88,-0.09,-1.811%,288593694.00,United States,1993,953252,Consumer Discretionary,Consumer Specialties
FOX,Fox Corporation Class B Common Stock,$59.03,-1.19,-1.976%,24771948295.00,United States,,1228546,Industrials,Broadcasting
FOXA,Fox Corporation Class A Common Stock,$65.93,-1.42,-2.108%,27667534324.00,United States,,4929746,Industrials,Broadcasting
FOXF,Fox Factory Holding Corp. Common Stock,$20.04,-0.39,-1.909%,842301260.00,United States,2013,416223,Consumer Discretionary,Motor Vehicles
FOXX,Foxx Development Holdings Inc. Common Stock,$2.695,0.045,1.698%,18976012.00,United States,,5749,Telecommunications,Computer Communications Equipment
FRAF,Franklin Financial Services Corporation Common Stock,$61.24,-0.71,-1.146%,275554402.00,United States,,60384,Finance,Major Banks
FRBA,First Bank Common Stock,$17.70,-0.10,-0.562%,444878933.00,United States,2013,77599,Finance,Major Banks
FRBT,Forbright Inc. Class A Common Stock,$17.96,-0.30,-1.643%,911728265.00,United States,2026,92438,Finance,Major Banks
FRD,Friedman Industries Inc. Common Stock,$43.95,0.70,1.618%,317002164.00,United States,,46385,Industrials,Steel/Iron Ore
FRGT,Freight Technologies Inc. Ordinary Shares,$1.33,-0.01,-0.746%,760926.00,United States,2017,45512,Industrials,Integrated Freight & Logistics
FRHC,Freedom Holding Corp. Common Stock,$171.87,-3.14,-1.794%,10963186155.00,Kazakhstan,,149709,Finance,Investment Bankers/Brokers/Service
FRME,First Merchants Corporation Common Stock,$40.91,-0.56,-1.35%,2569206215.00,United States,,326782,Finance,Major Banks
FRMEP,First Merchants Corporation Depository Shares,$24.89,-0.36,-1.426%,1563127418.00,United States,,5249,Finance,Major Banks
FRMI,Fermi Inc. Common Stock,$4.63,-0.34,-6.841%,2965363821.00,United States,2025,16367708,Real Estate,Real Estate Investment Trusts
FRMM,Forum Markets Incorporated Common Stock,$5.28,-0.39,-6.878%,69690445.00,United States,2017,118559,Finance,Finance: Consumer Services
FRNM,Freenome Inc. Common stock,$15.25,0.46,3.11%,1638563914.00,United States,,1945553,Health Care,Medical Specialities
FROG,JFrog Ltd. Ordinary Shares,$91.78,-8.29,-8.284%,11316594324.00,United States,2020,2738212,Technology,Computer Software: Prepackaged Software
FRPH,FRP Holdings Inc. Common Stock,$22.07,-0.07,-0.316%,423706503.00,United States,,97132,Finance,Real Estate
FRPT,Freshpet Inc. Common Stock,$70.31,0.45,0.644%,3378963183.00,United States,2014,1000415,Consumer Staples,Packaged Foods
FRSH,Freshworks Inc. Class A Common Stock,$13.46,-0.46,-3.305%,3511993591.00,United States,2021,3731480,Technology,Computer Software: Prepackaged Software
FRST,Primis Financial Corp. Common Stock,$15.63,-0.27,-1.698%,387609495.00,United States,2006,118747,Finance,Major Banks
FRSX,Foresight Autonomous Holdings Ltd. American Depositary Shares,$1.09,-0.0101,-0.918%,3248540.00,Israel,,22642,Technology,Computer Software: Prepackaged Software
FRTT,Fort Technology Inc. Common Shares,$0.9601,0.0364,3.941%,14442383.00,Canada,,117402,Industrials,Agricultural Chemicals
FRVO,Fervo Energy Company Class A common stock,$19.75,4.37,28.414%,5821573180.00,United States,2026,35175485,Utilities,Electric Utilities: Central
FSBC,Five Star Bancorp Common Stock,$45.34,-0.48,-1.048%,1112490079.00,United States,2021,200245,Finance,Major Banks
FSBW,FS Bancorp Inc. Common Stock,$42.43,0.13,0.307%,333590940.00,United States,2012,17462,Finance,Banks
FSEA,First Seacoast Bancorp Inc. Common Stock,$17.18,-0.01,-0.058%,80822022.00,United States,2019,4309,Finance,Savings Institutions
FSHP,Flag Ship Acquisition Corp. Ordinary Shares,$11.54,0.00,0.00%,0.00,United States,2024,99,,
FSHPR,Flag Ship Acquisition Corp. Right,$0.0501,0.00,0.00%,0.00,United States,2024,84,,
FSLR,First Solar Inc. Common Stock,$199.65,-2.25,-1.114%,21456343174.00,United States,2006,1690689,Technology,Semiconductors
FSLY,Fastly Inc. Class A Common Stock,$20.77,-2.02,-8.864%,3308661000.00,United States,,4076677,Technology,Computer Software: Prepackaged Software
FSTR,L.B. Foster Company Common Stock,$36.88,-0.63,-1.68%,387968859.00,United States,,49200,Industrials,Metal Fabrications
FSUN,FirstSun Capital Bancorp Common Stock,$39.38,-0.63,-1.575%,1834476857.00,United States,,348850,Finance,Major Banks
FSV,FirstService Corporation Common Shares,$139.47,0.13,0.093%,6090622822.00,Canada,,223156,Finance,Real Estate
FTAI,FTAI Aviation Ltd. Common Stock,$189.29,-0.81,-0.426%,19441425255.00,United States,,1260739,Industrials,Misc Corporate Leasing Services
FTAIM,FTAI Aviation Ltd. 9.500% Fixed-Rate Reset Series D Cumulative Perpetual Redeemable Preferred Shares,$27.21,0.2566,0.952%,2794659946.00,United States,,759,Industrials,Misc Corporate Leasing Services
FTCI,FTC Solar Inc. Common Stock,$2.30,-0.05,-2.128%,37999211.00,United States,2021,379604,Technology,Semiconductors
FTDR,Frontdoor Inc. Common Stock,$79.51,-1.36,-1.682%,5477707555.00,United States,,490860,Consumer Discretionary,Diversified Commercial Services
FTEK,Fuel Tech Inc. Common Stock,$1.36,-0.06,-4.225%,42454833.00,United States,,149261,Industrials,Pollution Control Equipment
FTFT,Future FinTech Group Inc. Common Stock,$1.82,-0.13,-6.667%,17062500.00,China,,821887,Consumer Discretionary,Business Services
FTH,Faeth Therapeutics Inc. Common Stock,$34.51,1.74,5.31%,891753067.00,United States,2021,276725,Health Care,Biotechnology: Pharmaceutical Preparations
FTHA,Forefront Tech Holdings Acquisition Corp Class A Ordinary Shares,$9.97,0.00,0.00%,0.00,Cayman Islands,2026,564,Finance,Blank Checks
FTHAU,Forefront Tech Holdings Acquisition Corp Unit,$10.08,-0.12,-1.176%,0.00,Cayman Islands,2026,507,Finance,Blank Checks
FTHAW,Forefront Tech Holdings Acquisition Corp Warrant,$0.30,0.00,0.00%,0.00,Cayman Islands,2026,15396,Finance,Blank Checks
FTHM,Fathom Holdings Inc. Common Stock,$0.6222,-0.0538,-7.959%,21283743.00,United States,2020,326185,Finance,Real Estate
FTLF,FitLife Brands Inc. Common Stock,$9.69,-0.36,-3.582%,90999488.00,United States,,9519,Health Care, Medicinal Chemicals and Botanical Products 
FTNT,Fortinet Inc. Common Stock,$161.85,-9.08,-5.312%,118751554738.00,United States,2009,5491965,Technology,Computer peripheral equipment
FTRE,Fortrea Holdings Inc. Common Stock,$17.72,-0.65,-3.538%,1685172000.00,United States,,1186300,Health Care,Medical Specialities
FUFU,BitFuFu Inc. Class A Ordinary Shares,$1.24,-0.09,-6.767%,206650462.00,Singapore,,102309,Finance,Finance: Consumer Services
FUFUW,BitFuFu Inc. Warrant,$0.153,0.00,0.00%,25498000.00,Singapore,,3,Finance,Finance: Consumer Services
FULC,Fulcrum Therapeutics Inc. Common Stock,$3.87,-0.02,-0.514%,295270385.00,United States,2019,1681877,Health Care,Biotechnology: Pharmaceutical Preparations
FULT,Fulton Financial Corporation Common Stock,$23.21,-0.25,-1.066%,4431127007.00,United States,,1225461,Finance,Major Banks
FULTP,Fulton Financial Corporation Depositary Shares Each Representing a 1/40th Interest in a Share of Fixed Rate Non-Cumulative Perpetual Preferred Stock Series A,$17.73,-0.05,-0.281%,3384915202.00,United States,,8625,Finance,Major Banks
FUNC,First United Corporation Common Stock,$42.16,-0.74,-1.725%,272093726.00,United States,,17162,Finance,Major Banks
FUND,Sprott Focus Trust Inc. Common Stock,$10.67,0.05,0.471%,316190053.00,United States,,40024,Finance,Investment Managers
FUSB,First US Bancshares Inc. Common Stock,$16.40,0.00,0.00%,90277228.00,United States,,9851,Finance,Major Banks
FUSE,Fusemachines Inc. Common stock,$0.6375,-0.0526,-7.622%,18478130.00,United States,,151037,Technology,EDP Services
FUSEW,Fusemachines Inc. Warrants,$0.0602,0.00,0.00%,1744915.00,United States,,7,Technology,EDP Services
FUTU,Futu Holdings Limited American Depositary Shares,$119.28,-2.86,-2.342%,16719194549.00,Hong Kong,2019,1418577,Finance,Investment Bankers/Brokers/Service
FVAV,Fortress Value Acquisition Corp. V Class A Ordinary Shares,$10.21,0.00,0.00%,0.00,United States,2026,6,,
FVCB,FVCBankcorp Inc. Common Stock,$18.10,-0.16,-0.876%,326419111.00,United States,,48841,Finance,Major Banks
FVN,Future Vision II Acquisition Corporation Ordinary shares,$10.31,-0.10,-0.961%,0.00,China,2024,58005,,
FVNNR,Future Vision II Acquisition Corporation Right,$0.23,0.01,4.545%,0.00,China,2024,236,Finance,Blank Checks
FVNNU,Future Vision II Acquisition Corporation Units,$11.20,0.00,0.00%,0.00,China,2024,1,,
FWAC,Futurewave Acquisition Corporation Ordinary Shares,$9.9106,0.0006,0.006%,0.00,United States,2026,1210,,
FWACR,Futurewave Acquisition Corporation Rights,$0.1698,-0.0202,-10.632%,0.00,United States,2026,88357,,
FWACU,Futurewave Acquisition Corporation Units,$10.24,0.00,0.00%,0.00,United States,2026,2,,
FWACW,Futurewave Acquisition Corporation Warrants,$0.05,0.00,0.00%,0.00,United States,2026,52000,,
FWDI,Forward Industries Inc. Common Stock,$6.21,-0.13,-2.05%,458589143.00,United States,,1446154,Finance,Finance: Consumer Services
FWONA,Liberty Media Corporation Series A Liberty Formula One Common Stock,$89.69,-2.37,-2.574%,22486044020.00,United States,,128711,Industrials,Broadcasting
FWONK,Liberty Media Corporation Series C Liberty Formula One Common Stock,$96.95,-3.00,-3.002%,24306187621.00,United States,,2354009,Industrials,Broadcasting
FWRD,Forward Air Corporation Common Stock,$16.38,-0.62,-3.647%,553330520.00,United States,,447018,Industrials,Integrated Freight & Logistics
FWRG,First Watch Restaurant Group Inc. Common Stock,$12.075,-0.605,-4.771%,745177653.00,United States,2021,1031879,Consumer Discretionary,Restaurants
FXAC,FortuneX Acquisition Corporation Ordinary shares,$10.0506,-0.0094,-0.093%,0.00,United States,2026,621,Finance,Blank Checks
FXACU,FortuneX Acquisition Corporation Units,$10.20,0.01,0.098%,0.00,United States,2026,161,Finance,Blank Checks
FXHO,UTime Limited Class A Ordinary Shares,$12.44,0.12,0.974%,326877558.00,China,2021,123559,Technology,Consumer Electronics/Appliances
FXNC,First National Corporation Common Stock,$30.30,-0.25,-0.818%,273991659.00,United States,,16645,Finance,Major Banks
GABC,German American Bancorp Inc. Common Stock,$48.86,-0.46,-0.933%,1836100559.00,United States,,121998,Finance,Major Banks
GAIA,Gaia Inc. Class A Common Stock,$1.53,-0.03,-1.923%,38901463.00,United States,1999,12081,Consumer Discretionary,Movies/Entertainment
GAIN,Gladstone Investment Corporation Business Development Company,$16.37,-0.19,-1.147%,651885600.00,United States,2005,141076,Finance,Finance: Consumer Services
GAING,Gladstone Investment Corporation 7.125% Notes due 2031,$24.97,-0.15,-0.597%,0.00,United States,,23899,Finance,Finance: Consumer Services
GAINI,Gladstone Investment Corporation 7.875% Notes due 2030,$25.455,0.015,0.059%,0.00,United States,,6835,Finance,Finance: Consumer Services
GAINZ,Gladstone Investment Corporation 4.875% Notes due 2028,$24.16,-0.01,-0.041%,923376597.00,United States,,3825,Finance,Finance: Consumer Services
GALT,Galectin Therapeutics Inc. Common Stock,$4.17,0.22,5.57%,420543015.00,United States,,479514,Health Care,Biotechnology: Pharmaceutical Preparations
GAME,GameSquare Holdings Inc. Common Stock,$3.03,0.18,6.316%,38735468.00,United States,,214063,Consumer Discretionary,Services-Misc. Amusement & Recreation
GANX,Gain Therapeutics Inc. Common Stock,$1.77,-0.03,-1.667%,77249206.00,United States,2021,197917,Health Care,Biotechnology: Pharmaceutical Preparations
GASS,StealthGas Inc. Common Stock,$9.61,0.05,0.523%,357354442.00,Greece,2005,256769,Consumer Discretionary,Marine Transportation
GAUZ,Gauzy Ltd. Ordinary Shares,$0.3641,-0.0189,-4.935%,8369797.00,Israel,2024,61920,Miscellaneous,Industrial Machinery/Components
GBDC,Golub Capital BDC Inc. Common Stock,$12.89,-0.27,-2.052%,3346908982.00,United States,2010,1377466,Finance,Finance: Consumer Services
GBFH,GBank Financial Holdings Inc. Common Stock,$19.43,-0.14,-0.715%,282054760.00,United States,,86838,Finance,Major Banks
GBLI,Global Indemnity Group LLC Class A Common Stock ,$29.00,-0.57,-1.928%,424577806.00,United States,,10624,Finance,Property-Casualty Insurers
GCBC,Greene County Bancorp Inc. Common Stock,$34.28,-0.11,-0.32%,583633626.00,United States,,12355,Finance,Banks
GCGR,General Catalyst Global Resilience Merger Corp. Class A Ordinary Shares,$10.18,0.00,0.00%,0.00,United States,2026,8,,
GCGRU,General Catalyst Global Resilience Merger Corp. Units,$10.34,0.00,0.00%,0.00,United States,2026,10,,
GCGRW,General Catalyst Global Resilience Merger Corp. Warrants,$0.72,0.005,0.699%,0.00,United States,2026,225,,
GCL,GCL Global Holdings Ltd Ordinary Shares,$0.5144,0.0081,1.60%,66941666.00,Singapore,,229350,Technology,Computer Software: Prepackaged Software
GCLWW,GCL Global Holdings Ltd Warrants,$0.0198,-0.0057,-22.353%,2576682.00,Singapore,,13469,Technology,Computer Software: Prepackaged Software
GCMG,GCM Grosvenor Inc. Class A Common Stock,$13.30,-0.37,-2.707%,2697134930.00,United States,,353990,Finance,Investment Managers
GCT,GigaCloud Technology Inc Class A Ordinary Shares,$47.37,-1.16,-2.39%,1691593927.00,United States,2022,622915,Consumer Discretionary,Catalog/Specialty Distribution
GCTK,GlucoTrack Inc. Common Stock,$3.68,-0.57,-13.412%,2937170.00,United States,,77676,Health Care,Medical/Dental Instruments
GDC,GD Culture Group Limited Common Stock,$1.50,-0.03,-1.961%,6243750.00,United States,2015,219949,Industrials,Steel/Iron Ore
GDEV,GDEV Inc. Ordinary Shares,$11.90,0.30,2.586%,215990819.00,Cyprus,,1936,Technology,EDP Services
GDHG,Golden Heaven Group Holdings Ltd. Class A Ordinary Shares,$1.2701,-0.0299,-2.30%,59856181.00,China,2023,115821,Consumer Discretionary,Services-Misc. Amusement & Recreation
GDRX,GoodRx Holdings Inc. Class A Common Stock,$3.46,-0.03,-0.86%,1180363042.00,United States,2020,1591304,Technology,EDP Services
GDS,GDS Holdings Limited ADS,$31.24,-0.61,-1.915%,6259796630.00,China,2016,1147527,Technology,Computer Software: Programming Data Processing
GDTC,CytoMed Therapeutics Limited Ordinary Shares,$0.9087,0.00,0.00%,10748499.00,Singapore,2023,169,Health Care,Biotechnology: Pharmaceutical Preparations
GDYN,Grid Dynamics Holdings Inc. Class A Common Stock,$7.85,-0.13,-1.629%,636846016.00,United States,2018,704738,Technology,Computer Software: Prepackaged Software
GECC,Great Elm Capital Corp. Common Stock,$6.00,-0.115,-1.881%,83338500.00,United States,,39403,Finance,Finance: Consumer Services
GECCG,Great Elm Capital Corp. 7.75% Notes Due 2030,$24.76,0.00,0.00%,0.00,United States,,336,Finance,Finance: Consumer Services
GECCH,Great Elm Capital Corp. 8.125% Notes Due 2029,$25.32,0.00,0.00%,0.00,United States,,65,,
GECCI,Great Elm Capital Corp. 8.50% NOTES DUE 2029,$25.29,0.00,0.00%,0.00,United States,,79,Finance,Finance Companies
GEG,Great Elm Group Inc. Common Stock,$2.19,-0.01,-0.455%,68097809.00,United States,,3164,Technology,Computer Software: Prepackaged Software
GEGGL,Great Elm Group Inc.  7.25% Notes due 2027,$24.8099,0.00,0.00%,719407386.00,United States,,20,Technology,Computer Software: Prepackaged Software
GEHC,GE HealthCare Technologies Inc. Common Stock ,$70.42,-0.81,-1.137%,31807745866.00,United States,,2775930,Health Care,Medical Electronics
GELS,Gelteq Limited Ordinary Shares,$0.532,-0.0137,-2.511%,5698283.00,Australia,2024,16684,Health Care,Biotechnology: Pharmaceutical Preparations
GEMI,Gemini Space Station Inc. Class A Common Stock,$4.16,-0.34,-7.556%,539353160.00,United States,2025,1668223,Finance,Finance: Consumer Services
GEN,Gen Digital Inc. Common Stock,$30.02,-0.98,-3.161%,17969582701.00,United States,,5592873,Technology,Computer Software: Prepackaged Software
GENB,Generate Biomedicines Inc. Common Stock,$15.79,0.52,3.405%,2026684964.00,United States,2026,1047953,Health Care,Biotechnology: Pharmaceutical Preparations
GENK,GEN Restaurant Group Inc. Class A Common Stock,$1.90,-0.01,-0.524%,62632774.00,United States,2023,22227,Consumer Discretionary,Restaurants
GENVR,Gen Digital Inc. Contingent Value Rights,$4.55,-0.65,-12.50%,2723570996.00,United States,,52998,Technology,Computer Software: Prepackaged Software
GEOS,Geospace Technologies Corporation Common Stock (Texas),$5.19,-0.08,-1.518%,67135780.00,United States,,73598,Industrials,Industrial Machinery/Components
GERN,Geron Corporation Common Stock,$1.48,-0.01,-0.671%,950860645.00,United States,1996,7886243,Health Care,Biotechnology: Pharmaceutical Preparations
GEVO,Gevo Inc. Common Stock,$1.64,-0.02,-1.205%,405468851.00,United States,2011,2380776,Industrials,Major Chemicals
GFAI,Guardforce AI Co. Limited Ordinary Shares,$0.3875,0.01,2.649%,12164918.00,Singapore,,100359,Consumer Discretionary,Diversified Commercial Services
GFAIW,Guardforce AI Co. Limited Warrant,$0.0144,0.0119,476.00%,452064.00,Singapore,,116182,Consumer Discretionary,Diversified Commercial Services
GFS,GlobalFoundries Inc. Ordinary Shares,$43.93,-0.76,-1.701%,24443410056.00,United States,2021,4063297,Technology,Semiconductors
GFUZ,General Fusion Group Ltd. Common Shares,$7.78,-0.32,-3.951%,494378482.00,United States,2025,187721,Utilities,Electric Utilities: Central
GFUZW,General Fusion Group Ltd. Warrant,$1.36,0.00,0.00%,86420917.00,United States,2025,17013,Utilities,Electric Utilities: Central
GGAL,Grupo Financiero Galicia S.A. American Depositary Shares,$44.29,0.54,1.234%,7114097770.00,Argentina,,752842,Finance,Commercial Banks
GGR,Gogoro Inc. Ordinary Shares,$2.72,0.01,0.369%,40183955.00,Taiwan,,36468,Industrials,Auto Manufacturing
GH,Guardant Health Inc. Common Stock,$164.41,5.39,3.39%,22063192310.00,United States,2018,2437775,Health Care,Medical Specialities
GHRS,GH Research PLC Ordinary Shares,$27.36,0.38,1.408%,1875724281.00,Ireland,2021,464927,Health Care,Biotechnology: Pharmaceutical Preparations
GHXI,Gores Holdings XI Inc. Class A Ordinary Shares,$10.02,0.03,0.30%,0.00,United States,2026,2075211,,
GHXIU,Gores Holdings XI Inc. Units,$10.145,0.00,0.00%,0.00,United States,2026,34,,
GHXIW,Gores Holdings XI Inc. Warrant,$0.6003,-0.0397,-6.203%,0.00,United States,2026,63325,,
GIBO,GIBO Holdings Limited Class A Ordinary Shares,$31.53,0.00,0.00%,82126349.00,Hong Kong,,47,Technology,Computer Software: Prepackaged Software
GIBOW,GIBO Holdings Limited Warrants,$0.0175,0.00,0.00%,45582.00,Hong Kong,,34,Technology,Computer Software: Prepackaged Software
GIFT,Giftify Inc. Common Stock,$0.80,-0.015,-1.84%,28340141.00,United States,,49683,Consumer Discretionary,Catalog/Specialty Distribution
GIGM,GigaMedia Limited Ordinary Shares,$1.465,0.00,0.00%,16191524.00,Taiwan,,207,Technology,Computer Software: Programming Data Processing
GIII,G-III Apparel Group LTD. Common Stock,$32.17,-0.42,-1.289%,1357270733.00,United States,1989,700801,Consumer Discretionary,Apparel
GILD,Gilead Sciences Inc. Common Stock,$149.92,3.58,2.446%,185894076838.00,United States,1992,4868061,Health Care,Biotechnology: Biological Products (No Diagnostic Substances)
GILT,Gilat Satellite Networks Ltd. Ordinary Shares,$10.06,0.16,1.616%,759237737.00,Israel,,662945,Technology,Radio And Television Broadcasting And Communications Equipment
GIPR,Generation Income Properties Inc. Common Stock,$0.365,-0.0069,-1.855%,1108921.00,United States,,318460,Real Estate,Real Estate Investment Trusts
GIPRW,Generation Income Properties Inc Warrant,$0.007,-0.0031,-30.693%,21267.00,United States,,52830,Real Estate,Real Estate Investment Trusts
GITS,Global Interactive Technologies Inc. Common Stock,$2.14,0.095,4.645%,7862805.00,South Korea,2023,48627,Technology,Computer Software: Programming Data Processing
GIW,GigCapital8 Corp. Class A Ordinary Shares,$10.16,0.01,0.099%,0.00,United States,2025,10011,Finance,Blank Checks
GIWWR,GigCapital8 Corp. Rights,$0.2461,-0.0205,-7.689%,0.00,United States,2025,4153,,
GIWWU,GigCapital8 Corp. Units,$10.35,0.00,0.00%,0.00,United States,2025,1,,
GIX,GigCapital9 Corp. Class A Ordinary Share,$9.99,0.00,0.00%,0.00,United States,2026,8,Finance,Blank Checks
GIXXR,GigCapital9 Corp. Rights,$0.2999,0.0344,12.957%,0.00,United States,2026,100,Finance,Blank Checks
GLAD,Gladstone Capital Corporation Common Stock,$19.93,-0.22,-1.092%,450279865.00,United States,2001,191194,Consumer Discretionary,Textiles
GLBE,Global-E Online Ltd. Ordinary Shares,$36.99,-0.36,-0.964%,6198350973.00,Israel,2021,1391043,Technology,Computer Software: Prepackaged Software
GLBS,Globus Maritime Limited Common Stock,$3.82,0.13,3.523%,82444390.00,Greece,,180960,Consumer Discretionary,Marine Transportation
GLE,Global Engine Group Holding Limited Class A Ordinary Shares,$0.50,-0.0017,-0.339%,9150000.00,Hong Kong,2024,72661,Technology,EDP Services
GLIBA,Liberty Capital Corporation Series A GCI Group Common Stock,$26.46,-0.24,-0.899%,1055886141.00,United States,,31386,Telecommunications,Cable & Other Pay Television Services
GLIBK,Liberty Capital Corporation Series C GCI Group Common Stock,$25.80,-0.23,-0.884%,1029548845.00,United States,,243473,Telecommunications,Cable & Other Pay Television Services
GLMD,Galmed Pharmaceuticals Ltd. Ordinary Shares,$3.925,-0.195,-4.733%,4088143.00,Israel,2014,24031,Health Care,Biotechnology: Pharmaceutical Preparations
GLND,Greenland Energy Company Common Stock,$1.39,0.015,1.091%,60784970.00,United States,,342052,Energy,Oil & Gas Production
GLNDW,Greenland Energy Company Warrant,$0.4399,-0.0101,-2.244%,19236912.00,United States,,13968,Energy,Oil & Gas Production
GLNG,Golar Lng Ltd,$52.33,0.84,1.631%,5316166394.00,Bermuda,,1254039,Consumer Discretionary,Marine Transportation
GLOO,Gloo Holdings Inc. Class A Common Stock,$3.12,-0.19,-5.74%,299778024.00,United States,2025,174912,Technology,EDP Services
GLPI,Gaming and Leisure Properties Inc. Common Stock,$41.80,-0.27,-0.642%,12160457797.00,United States,,4322869,Real Estate,Real Estate Investment Trusts
GLRE,Greenlight Capital Re Ltd. Class A Ordinary Shares,$15.26,0.10,0.66%,498106909.00,Cayman Islands,2007,99737,Finance,Property-Casualty Insurers
GLSI,Greenwich LifeSciences Inc. Common Stock,$15.01,0.06,0.401%,220319902.00,United States,2020,98659,Health Care,Biotechnology: Pharmaceutical Preparations
GLUE,Monte Rosa Therapeutics Inc. Common Stock,$14.31,0.37,2.654%,1220834768.00,United States,2021,796312,Health Care,Biotechnology: Biological Products (No Diagnostic Substances)
GLXG,Galaxy Payroll Group Limited Class A Ordinary Shares,$1.01,-0.05,-4.717%,6021130.00,Hong Kong,2024,9839,Industrials,Diversified Commercial Services
GLXY,Galaxy Digital Inc. Class A Common Stock,$23.43,-1.17,-4.756%,9158531379.00,United States,,4671400,Finance,Investment Bankers/Brokers/Service
GMAB,Genmab A/S ADS,$33.29,0.13,0.392%,4276993205.00,Denmark,2019,1563289,Health Care,Biotechnology: Pharmaceutical Preparations
GMEX,GMEX ROBOTICS CORPORATION Class A Ordinary Shares,$0.8497,-0.1061,-11.101%,768504.00,Australia,2023,295781,Consumer Discretionary,Recreational Games/Products/Toys
GMHS,Gamehaus Holdings Inc. Class A Ordinary Shares,$0.8352,-0.0131,-1.544%,47440320.00,China,,186056,Technology,EDP Services
GMM,Global Mofy AI Limited Class A Ordinary Shares,$2.38,-0.17,-6.667%,10599092.00,China,2023,46204,Technology,Computer Software: Programming Data Processing
GNLN,Greenlane Holdings Inc. Class A Common Stock,$2.77,-0.03,-1.071%,1923887.00,United States,2019,24779,Consumer Discretionary,Durable Goods
GNLX,Genelux Corporation Common Stock,$2.60,-0.015,-0.574%,117637871.00,United States,2023,194995,Health Care,Biotechnology: Pharmaceutical Preparations
GNPX,Genprex Inc. Common Stock,$3.55,-0.16,-4.313%,2909967.00,United States,2018,41282,Health Care,Biotechnology: Pharmaceutical Preparations
GNSS,Genasys Inc. Common Stock,$1.41,-0.04,-2.759%,64214233.00,United States,,42465,Consumer Staples,Consumer Electronics/Appliances
GNTA,Genenta Science S.p.A. American Depositary Shares,$1.01,-0.01,-0.98%,48699027.00,Italy,2021,30080,Health Care,Biotechnology: Biological Products (No Diagnostic Substances)
GNTX,Gentex Corporation Common Stock,$22.13,-0.24,-1.073%,4662422115.00,United States,,2307990,Consumer Discretionary,Auto Parts:O.E.M.
GO,Grocery Outlet Holding Corp. Common Stock,$12.11,0.16,1.339%,1199913198.00,United States,2019,2216409,Consumer Staples,Food Chains
GOAI,Eva Live Inc. Common Stock,$2.58,0.28,12.174%,103184881.00,United States,,267211,Technology,Computer Software: Programming Data Processing
GOGO,Gogo Inc. Common Stock,$2.55,0.03,1.19%,345545048.00,United States,2013,3176130,Consumer Discretionary,Telecommunications Equipment
GOOD,Gladstone Commercial Corporation Real Estate Investment Trust,$12.99,0.02,0.154%,628813438.00,United States,2003,319333,Real Estate,Real Estate
GOODN,Gladstone Commercial Corporation 6.625% Series E Cumulative Redeemable Preferred Stock,$23.1604,-0.4423,-1.874%,1121137086.00,United States,,2231,Real Estate,Real Estate
GOODO,Gladstone Commercial Corporation 6.00% Series G Cumulative Redeemable Preferred Stock par value $0.001 per share,$20.96,-0.195,-0.922%,1014621221.00,United States,,2417,Real Estate,Real Estate
GOOG,Alphabet Inc. Class C Capital Stock,$332.03,-3.38,-1.008%,4060726900000.00,United States,2004,16281676,Technology,Computer Software: Programming Data Processing
GOOGL,Alphabet Inc. Class A Common Stock,$335.02,-4.33,-1.276%,4097294600000.00,United States,2004,23277646,Technology,Computer Software: Programming Data Processing
GOOGM,Alphabet Inc. Depositary Shares representing a 1/20th Interest in a Share of Series A Mandatory Convertible Preferred Stock,$47.77,-0.69,-1.424%,584227100000.00,United States,,481233,Technology,Computer Software: Programming Data Processing
GOOGN,Alphabet Inc. Depositary Shares representing a 1/20th Interest in a Share of Series B Mandatory Convertible Preferred Stock,$47.47,-0.53,-1.104%,580558100000.00,United States,,446026,Technology,Computer Software: Programming Data Processing
GOSS,Gossamer Bio Inc. Common Stock,$0.1674,-0.0026,-1.529%,81832941.00,United States,2019,7306969,Health Care,Biotechnology: Pharmaceutical Preparations
GOVX,GeoVax Labs Inc. Common Stock,$0.6056,-0.0268,-4.238%,4462814.00,United States,,287741,Health Care,Biotechnology: Pharmaceutical Preparations
GP,GreenPower Motor Company Inc. Common Shares,$0.9526,-0.0774,-7.515%,8375072.00,Canada,,372483,Consumer Discretionary,Construction/Ag Equipment/Trucks
GPAC,General Purpose Acquisition Corp. Class A Ordinary Shares,$10.06,0.00,0.00%,0.00,United States,2026,1213,,
GPACU,General Purpose Acquisition Corp. Units,$10.17,0.00,0.00%,0.00,United States,2025,10,,
GPACW,General Purpose Acquisition Corp. Warrant,$0.286,0.00,0.00%,0.00,United States,2026,598,Industrials,Major Chemicals
GPAT,GP-Act III Acquisition Corp. Class A Ordinary Share,$10.93,0.00,0.00%,0.00,United States,2024,75,,
GPATW,GP-Act III Acquisition Corp. Warrants,$0.1735,0.00,0.00%,0.00,United States,2024,13,,
GPCR,Structure Therapeutics Inc. American Depositary Shares,$47.13,1.22,2.657%,3360833560.00,United States,2023,815704,Health Care,Biotechnology: Pharmaceutical Preparations
GPRE,Green Plains Inc. Common Stock,$14.75,0.30,2.076%,1033906088.00,United States,,1734512,Industrials,Major Chemicals
GPRO,GoPro Inc. Class A Common Stock,$1.23,0.3538,40.379%,226940423.00,United States,2014,497317043,Consumer Discretionary,Industrial Machinery/Components
GRAB,Grab Holdings Limited Class A Ordinary Shares,$3.46,-0.08,-2.26%,14187666969.00,Singapore,,39839532,Consumer Discretionary,Business Services
GRABW,Grab Holdings Limited Warrant,$0.0206,-0.0034,-14.167%,84469925.00,Singapore,,7404,Consumer Discretionary,Business Services
GRAL,GRAIL Inc. Common Stock ,$79.79,0.42,0.529%,3563918811.00,United States,,467170,Health Care,Medical Specialities
GRAN,Grande Group Limited Class A Ordinary Shares,$1.18,-0.0201,-1.675%,29389375.00,Hong Kong,2025,10437,Finance,Finance: Consumer Services
GRCE,Grace Therapeutics Inc. Common Stock,$2.10,-0.03,-1.408%,44175453.00,Canada,,77718,Health Care,Biotechnology: Pharmaceutical Preparations
GRDX,GridAI Technologies Corp. Common Stock,$3.58,-0.14,-3.763%,25529420.00,United States,2016,20962,Health Care,Biotechnology: Pharmaceutical Preparations
GREEL,Vulcan Infrastructure and Power Inc. 8.50% Senior Notes due 2026,$24.67,-0.13,-0.524%,386663197.00,United States,,319,Finance,Finance: Consumer Services
GRFS,Grifols S.A. American Depositary Shares,$7.73,0.01,0.13%,5314799439.00,Spain,,284258,Health Care,Biotechnology: Pharmaceutical Preparations
GRI,GRI Bio Inc. Common Stock,$1.91,-0.01,-0.521%,4175480.00,United States,2021,40302,Health Care,Biotechnology: Pharmaceutical Preparations
GRML,Greenland Mines Ltd. Common Stock,$4.65,-0.20,-4.124%,22365551.00,United States,2022,412672,Health Care,Biotechnology: Biological Products (No Diagnostic Substances)
GRMLW,Greenland Mines Ltd Warrant,$0.1574,-0.0023,-1.44%,757062.00,United States,2022,12895,Health Care,Biotechnology: Biological Products (No Diagnostic Substances)
GRNQ,Greenpro Capital Corp. Common Stock,$14.49,0.59,4.245%,26267269.00,China,,90783,Consumer Discretionary,Professional Services
GROW,U.S. Global Investors Inc. Class A Common Stock,$3.36,0.09,2.752%,41678099.00,United States,,20394,Finance,Investment Managers
GRPN,Groupon Inc. Common Stock,$18.46,-0.72,-3.754%,750681364.00,United States,2011,1100600,Consumer Discretionary,Advertising
GRRR,Gorilla Technology Group Inc. Ordinary shares,$14.09,-0.95,-6.316%,391102809.00,Taiwan,,772184,Technology,Computer Software: Prepackaged Software
GRRRW,Gorilla Technology Group Inc. Warrant,$0.17,-0.0565,-24.945%,4718771.00,Taiwan,,41790,Technology,Computer Software: Prepackaged Software
GRSD,Grandstand Limited Ordinary Shares,$1.80,-0.05,-2.703%,63174942.00,Jersey,2021,283992,Consumer Discretionary,Services-Misc. Amusement & Recreation
GRVY,GRAVITY Co. Ltd. American Depository Shares,$72.90,-0.70,-0.951%,506574810.00,South Korea,2005,23388,Technology,EDP Services
GRWG,GrowGeneration Corp. Common Stock,$1.61,0.00,0.00%,94861923.00,United States,,243876,Consumer Discretionary,RETAIL: Building Materials
GSAT,Globalstar Inc. Common Stock,$81.37,-0.18,-0.221%,10542573044.00,United States,2025,811914,Consumer Discretionary,Telecommunications Equipment
GSBC,Great Southern Bancorp Inc. Common Stock,$77.98,-0.29,-0.371%,849787596.00,United States,1989,102693,Finance,Major Banks
GSHD,Goosehead Insurance Inc. Class A Common Stock,$68.45,-0.20,-0.291%,2431063697.00,United States,2018,209045,Finance,Specialty Insurers
GSHR,Gesher Acquisition Corp. II Class A Ordinary Shares,$10.54,0.00,0.00%,0.00,United States,2025,6,,
GSHRU,Gesher Acquisition Corp. II Units,$10.61,0.00,0.00%,0.00,United States,2025,7,Finance,Blank Checks
GSHRW,Gesher Acquisition Corp. II Warrants,$0.35,0.01,2.941%,0.00,United States,2025,100,Finance,Blank Checks
GSIT,GSI Technology Common Stock,$5.34,-0.20,-3.61%,205230031.00,United States,2007,312989,Technology,Semiconductors
GSIW,Garden Stage Limited Class A Ordinary Shares,$16.65,0.10,0.604%,178361443.00,Hong Kong,2023,36830,Finance,Investment Bankers/Brokers/Service
GSM,Ferroglobe PLC Ordinary Shares,$4.03,-0.08,-1.946%,753047884.00,United Kingdom,,849041,Basic Materials,Metal Mining
GSRF,GSR IV Acquisition Corp. Class A ordinary share,$10.22,0.00,0.00%,0.00,United States,2025,141,,
GSRFR,GSR IV Acquisition Corp. Rights,$1.50,-0.19,-11.243%,0.00,United States,2025,400,,
GSRFU,GSR IV Acquisition Corp. Units,$10.58,0.00,0.00%,0.00,United States,2025,2,,
GSRV,GSR V Acquisition Corp. Class A ordinary shares,$9.89,0.0001,0.001%,0.00,United States,2026,1005,Finance,Blank Checks
GSRVR,GSR V Acquisition Corp. Rights,$1.52,0.02,1.333%,0.00,United States,2026,100,Finance,Blank Checks
GSUN,Golden Sun Technology Group Limited Class A Ordinary Shares,$0.266,-0.024,-8.276%,2667679.00,China,2022,1535805,Real Estate,Other Consumer Services
GT,The Goodyear Tire & Rubber Company Common Stock,$5.99,-0.28,-4.466%,1724513435.00,United States,,6698859,Consumer Discretionary,Automotive Aftermarket
GTBP,GT Biopharma Inc. Common Stock,$0.2889,0.0029,1.014%,13032134.00,United States,,251660,Health Care,Biotechnology: Pharmaceutical Preparations
GTEC,Greenland Technologies Holding Corporation Class A Ordinary Shares,$0.8649,-0.0229,-2.579%,22958098.00,China,2018,50060,Industrials,Industrial Machinery/Components
GTEN,Gores Holdings X Inc. Class A ordinary shares,$10.68,0.01,0.094%,0.00,United States,2025,3048,,
GTERA,Globa Terra Acquisition Corporation Class A Ordinary Shares,$10.42,0.01,0.096%,0.00,Mexico,2025,117820,Finance,Blank Checks
GTERU,Globa Terra Acquisition Corporation Units,$10.49,0.00,0.00%,0.00,Mexico,2025,76,Finance,Blank Checks
GTERW,Globa Terra Acquisition Corporation Warrants,$0.0727,0.00,0.00%,0.00,Mexico,2025,18,Finance,Blank Checks
GTIM,Good Times Restaurants Inc. Common Stock,$1.49,-0.05,-3.247%,15731265.00,United States,,17044,Consumer Discretionary,Restaurants
GTLB,GitLab Inc. Class A Common Stock,$45.09,-1.45,-3.116%,7615701000.00,United States,2021,10686930,Technology,Computer Software: Prepackaged Software
GTM,ZoomInfo Technologies Inc Common Stock,$4.12,-0.12,-2.83%,1199373390.00,United States,2020,4970503,Technology,Computer Software: Prepackaged Software
GTX,Garrett Motion Inc. Common Stock,$26.60,-0.27,-1.005%,4960724812.00,Switzerland,,4497539,Consumer Discretionary,Auto Parts:O.E.M.
GUAC,Berto Acquisition Corp. II Ordinary Shares,$9.9306,-0.0094,-0.095%,0.00,United States,2026,1706,Finance,Blank Checks
GUACW,Berto Acquisition Corp. II Warrants,$0.6586,0.0786,13.552%,0.00,United States,2026,3511,Finance,Blank Checks
GURE,Gulf Resources Inc. (NV) Common Stock,$3.60,0.10,2.857%,6528712.00,China,,2543,Industrials,Major Chemicals
GUTS,Fractyl Health Inc. Common Stock,$0.7081,-0.0027,-0.38%,112715250.00,United States,2024,5076637,Health Care,Medical/Dental Instruments
GVH,Globavend Holdings Limited Ordinary Shares,$1.01,0.00,0.00%,4347218.00,Australia,2023,72313,Industrials,Integrated Freight & Logistics
GWAV,Greenwave Technology Solutions Inc. Common Stock,$5.85,0.95,19.388%,4853341.00,United States,,59039,Industrials,Metal Fabrications
GWRS,Global Water Resources Inc. Common Stock,$8.93,-0.265,-2.882%,267232893.00,United States,2016,92950,Utilities,Water Supply
GXAI,Gaxos.ai Inc. Common Stock,$0.7979,-0.0315,-3.798%,8573143.00,United States,2023,145089,Technology,Computer Software: Prepackaged Software
GYGY,Game Your Game Inc. Common Stock,$1.38,0.19,15.966%,19860960.00,United States,,19872061,Technology,Computer Software: Prepackaged Software
GYRE,Gyre Therapeutics Inc. Common Stock,$6.47,-0.10,-1.522%,721468723.00,United States,2006,54553,Health Care,Biotechnology: Pharmaceutical Preparations
GYRO,Gyrodyne LLC Common Stock,$5.06,0.06,1.20%,11128498.00,United States,,2917,Real Estate,Building operators
HACQ,HCM IV Acquisition Corp. Class A Ordinary Share,$10.06,0.00,0.00%,0.00,United States,2026,11480,Finance,Blank Checks
HACQU,HCM IV Acquisition Corp. Unit,$10.14,0.00,0.00%,0.00,United States,2026,5000,,
HACQW,HCM IV Acquisition Corp. Warrants,$0.43,-0.0001,-0.023%,0.00,United States,2026,2149,Finance,Blank Checks
HAFC,Hanmi Financial Corporation Common Stock,$30.86,-0.14,-0.452%,914976009.00,United States,,203250,Finance,Major Banks
HAIN,Hain Celestial Group Inc. (The) Common Stock,$0.73,-0.0154,-2.066%,65885043.00,United States,,273152,Consumer Staples,Packaged Foods
HALO,Halozyme Therapeutics Inc. Common Stock,$107.72,1.23,1.155%,12226004560.00,United States,,1058810,Health Care,Biotechnology: Biological Products (No Diagnostic Substances)
HAO,Haoxi Health Technology Limited Class A Ordinary Shares,$3.05,-0.03,-0.974%,1116684.00,China,2024,22258,Consumer Discretionary,Advertising
HAPN,Happen Inc. Common Stock,$16.77,-0.81,-4.608%,1935383171.00,United States,,1358556,Finance,Finance: Consumer Services
HAS,Hasbro Inc. Common Stock,$93.20,-0.90,-0.956%,13145344324.00,United States,,1295830,Consumer Discretionary,Recreational Games/Products/Toys
HAVA,Harvard Ave Acquisition Corporation Class A Ordinary Share,$10.21,0.00,0.00%,0.00,South Korea,2025,6,,
HBAN,Huntington Bancshares Incorporated Common Stock,$16.42,-0.265,-1.588%,33175211443.00,United States,,25911367,Finance,Major Banks
HBANL,Huntington Bancshares Incorporated Depositary Shares Each Representing a 1/40th Interest in a Share of 6.875% Series J Non-Cumulative Perpetual Preferred Stock,$25.20,0.00,0.00%,50914453615.00,United States,,21878,Finance,Major Banks
HBANM,Huntington Bancshares Incorporated Depositary Shares each representing a 1/1000th interest in a share of Huntington Series I Preferred Stock,$20.51,-0.315,-1.513%,41438708081.00,United States,,16200,Finance,Major Banks
HBANP,Huntington Bancshares Incorporated Depositary Shares 4.500% Series H Non-Cumulative Perpetual Preferred Stock,$16.25,-0.27,-1.634%,32831740923.00,United States,,47809,Finance,Major Banks
HBANZ,Huntington Bancshares Incorporated Depositary Shares Each Representing a 1/1000th Interest in a Share of 5.50% Series L Non-Cumulative Perpetual Preferred Stock,$19.23,0.06,0.313%,38852577104.00,United States,,18617,Finance,Major Banks
HBCP,Home Bancorp Inc. Common Stock,$67.97,-0.52,-0.759%,534974878.00,United States,2008,60716,Finance,Banks
HBIO,Harvard Bioscience Inc. Common Stock,$8.04,-0.07,-0.863%,36600532.00,United States,2000,20905,Industrials,Biotechnology: Laboratory Analytical Instruments
HBNB,Hotel101 Global Holdings Corp. Class A Ordinary Shares,$5.43,-0.14,-2.513%,1270795856.00,Singapore,,398,Consumer Discretionary,Hotels/Resorts
HBNC,Horizon Bancorp Inc. Common Stock,$19.25,-0.17,-0.875%,988381991.00,United States,,453467,Finance,Major Banks
HBT,HBT Financial Inc. Common Stock,$35.32,-0.16,-0.451%,1284433416.00,United States,2019,144166,Finance,Major Banks
HCAC,Hall Chadwick Acquisition Corp Class A Ordinary Shares,$10.095,-0.005,-0.05%,0.00,Cayman Islands,2026,14861,Consumer Discretionary,Auto Parts:O.E.M.
HCACR,Hall Chadwick Acquisition Corp Rights,$0.2501,-0.0199,-7.37%,0.00,Cayman Islands,2026,89022,,
HCACU,Hall Chadwick Acquisition Corp. Unit,$10.32,0.02,0.194%,0.00,Cayman Islands,2025,9394,Consumer Discretionary,Auto Parts:O.E.M.
HCAI,Huachen AI Parking Management Technology Holding Co. Ltd. Class A Ordinary Shares,$4.45,-0.25,-5.319%,36326578.00,China,2025,2331,Consumer Discretionary,Miscellaneous manufacturing industries
HCAT,Health Catalyst Inc Common Stock,$1.71,0.07,4.268%,128688412.00,United States,2019,496690,Technology,Computer Software: Programming Data Processing
HCIC,Hennessy Capital Investment Corp. VIII Class A Ordinary Shares,$9.99,-0.02,-0.20%,0.00,United States,2026,2889,,
HCICR,Hennessy Capital Investment Corp. VIII Share Rights,$0.1351,-0.0049,-3.50%,0.00,United States,2026,3906,,
HCKT,Hackett Group Inc (The). Common Stock,$10.97,-0.24,-2.141%,272910267.00,United States,,166313,Consumer Discretionary,Professional Services
HCM,HUTCHMED (China) Limited American Depositary Shares,$11.91,-0.21,-1.733%,2077884391.00,Hong Kong,2016,74515,Health Care,Biotechnology: Pharmaceutical Preparations
HCMA,HCM III Acquisition Corp. Class A Ordinary Share,$10.29,0.00,0.00%,399380625.00,United States,2025,155099,Consumer Discretionary,Hotels/Resorts
HCMAU,HCM III Acquisition Corp. Units,$10.47,0.00,0.00%,0.00,United States,2025,1,,
HCSG,Healthcare Services Group Inc. Common Stock,$21.82,-0.17,-0.773%,1497554648.00,United States,1983,536804,Health Care,Hospital/Nursing Management
HCTI,Healthcare Triangle Inc. Common Stock,$0.8097,-0.0153,-1.855%,12124709.00,United States,2021,139173,Technology,EDP Services
HCWB,HCW Biologics Inc. Common Stock,$3.45,-0.14,-3.90%,6335318.00,United States,2021,544035,Health Care,Biotechnology: Pharmaceutical Preparations
HDL,SUPER HI INTERNATIONAL HOLDING LTD. American Depositary Shares,$13.00,-0.275,-2.072%,845388700.00,Singapore,2024,1055,Consumer Discretionary,Restaurants
HDRN,Hadron Energy Inc. Common Stock  ,$1.99,0.01,0.505%,142282696.00,United States,2024,32546,Utilities,Electric Utilities: Central
HDRNW,Hadron Energy Inc. Warrant,$0.1402,-0.0027,-1.889%,10024138.00,United States,2024,965,Utilities,Electric Utilities: Central
HDSN,Hudson Technologies Inc. Common Stock,$5.14,-0.20,-3.745%,216335132.00,United States,,468204,Consumer Discretionary,Industrial Specialties
HELE,Helen of Troy Limited Common Stock,$28.51,-1.59,-5.282%,664056659.00,Bermuda,,388269,Consumer Discretionary,Home Furnishings
HELP,Cybin Inc. Common Stock,$11.60,-0.16,-1.361%,719015305.00,Canada,,1140725,Health Care,Biotechnology: Pharmaceutical Preparations
HEPS,D-Market Electronic Services & Trading American Depositary Shares,$2.62,-0.04,-1.504%,935930024.00,Turkey,2021,108726,Consumer Discretionary,Catalog/Specialty Distribution
HERE,Here Group Limited American Depositary Shares,$1.85,0.01,0.543%,100611538.00,China,2023,12538,Consumer Discretionary,Recreational Games/Products/Toys
HERZ,Herzfeld Credit Income Fund Inc. Common Stock,$16.20,0.225,1.408%,0.00,United States,,5786,Finance,Investment Managers
HFBL,Home Federal Bancorp Inc. of Louisiana Common Stock,$24.30,0.00,0.00%,74209503.00,United States,2010,179,Finance,Savings Institutions
HFFG,HF Foods Group Inc. Common Stock,$1.80,0.01,0.559%,97021701.00,United States,2017,109122,Consumer Discretionary,Food Distributors
HFWA,Heritage Financial Corporation Common Stock,$28.56,-0.01,-0.035%,1168548336.00,United States,,616960,Finance,Banks
HGBL,Heritage Global Inc. Common Stock,$1.26,-0.03,-2.326%,43645701.00,United States,,97789,Consumer Discretionary,Business Services
HHS,Harte Hanks Inc. Common Stock,$4.28,-0.03,-0.696%,31904147.00,United States,,85098,Consumer Discretionary,Advertising
HIFS,Hingham Institution for Savings Common Stock,$282.21,-6.06,-2.102%,606017754.00,United States,,50504,Finance,Banks
HIHO,Highway Holdings Limited Common Stock,$0.9035,-0.0129,-1.408%,4180202.00,Hong Kong,,29014,Industrials,Metal Fabrications
HIMX,Himax Technologies Inc. American Depositary Shares,$13.41,-0.31,-2.259%,2339051507.00,Taiwan,2006,730148,Technology,Semiconductors
HIND,Vyome Holdings Inc. Common Stock,$2.17,0.0098,0.454%,15230206.00,United States,2016,5947,Health Care,Biotechnology: Pharmaceutical Preparations
HIT,Health In Tech Inc. Class A Common Stock,$0.968,0.008,0.833%,63437549.00,United States,2024,37310,Finance,Specialty Insurers
HITI,High Tide Inc. Common Shares,$2.48,-0.03,-1.195%,217986735.00,Canada,,482967,Consumer Discretionary,Other Specialty Stores
HIVE,HIVE Digital Technologies Ltd. Common Shares,$2.64,-0.14,-5.036%,724092172.00,Canada,,12671804,Finance,Finance: Consumer Services
HKIT,Hitek Global Inc. Class A Ordinary Share,$2.81,-0.20,-6.645%,25267127.00,China,2023,35424,Technology,Computer Software: Prepackaged Software
HKPD,Cellyan Biotechnology Co. Ltd Class A Ordinary Shares,$0.1815,-0.1518,-45.545%,8802742.00,Hong Kong,2025,97915470,Health Care,Other Pharmaceuticals
HLIT,Harmonic Inc. Common Stock,$11.72,-0.26,-2.17%,1278258735.00,United States,1995,1084839,Technology,Radio And Television Broadcasting And Communications Equipment
HLMN,Hillman Solutions Corp. Common Stock,$7.32,-0.38,-4.935%,1424069393.00,United States,2020,1098445,Consumer Discretionary,Industrial Machinery/Components
HLNE,Hamilton Lane Incorporated Class A Common Stock,$102.99,-5.83,-5.357%,5675844608.00,United States,2017,737335,Finance,Investment Managers
HLP,Hongli Group Inc. Class A Ordinary Shares,$1.38,0.01,0.73%,103139475.00,China,2023,76036,Industrials,Industrial Machinery/Components
HLXC,Helix Acquisition Corp. III Class A Ordinary Shares,$10.75,0.00,0.00%,0.00,United States,2026,62,,
HMH,HMH Holding Inc. Class A Common Stock,$19.17,-0.09,-0.467%,842220090.00,United States,2026,167458,Consumer Discretionary,Oil and Gas Field Machinery
HMR,Heidmar Maritime Holdings Corp. Common Stock,$1.24,-0.15,-10.791%,73150076.00,Greece,,321937,Consumer Discretionary,Marine Transportation
HNNA,Hennessy Advisors Inc. Common Stock,$10.115,0.04,0.397%,79953107.00,United States,,3110,Finance,Investment Managers
HNRG,Hallador Energy Company Common Stock,$16.37,-0.21,-1.267%,771736754.00,United States,,454600,Utilities,Electric Utilities: Central
HNST,The Honest Company Inc. Common Stock,$5.63,-0.09,-1.573%,604011054.00,United States,2021,1874051,Consumer Discretionary,Catalog/Specialty Distribution
HNVR,Hanover Bancorp Inc. Common Stock,$26.69,-0.03,-0.112%,188309267.00,United States,2022,28427,Finance,Major Banks
HODO,House of Doge Inc. Common Stock,$0.239,-0.0107,-4.285%,20291813.00,United States,2025,549176,Finance,Finance: Consumer Services
HOFT,Hooker Furnishings Corporation Common Stock,$12.80,-0.30,-2.29%,137493120.00,United States,,30342,Consumer Discretionary,Home Furnishings
HOLO,MicroCloud Hologram Inc. Ordinary Shares,$1.72,-0.05,-2.825%,39409259.00,United States,2021,175653,Technology,Computer Software: Programming Data Processing
HOLOW,MicroCloud Hologram Inc. Warrant,$0.0402,-0.0038,-8.636%,921077.00,United States,2021,21938,Technology,Computer Software: Programming Data Processing
HON,Honeywell International Inc. Common Stock,$209.98,-3.55,-1.663%,66551063300.00,United States,,2345362,Industrials,Aerospace
HONA,Honeywell Aerospace Inc. Common Stock ,$154.24,-3.87,-2.448%,48886788304.00,United States,,2668193,Industrials,Aerospace
HOOD,Robinhood Markets Inc. Class A Common Stock,$103.51,-1.30,-1.24%,93064006078.00,United States,2021,22595573,Finance,Investment Bankers/Brokers/Service
HOPE,Hope Bancorp Inc. Common Stock,$13.63,-0.16,-1.16%,1741121225.00,United States,,755703,Finance,Major Banks
HOUR,Hour Loop Inc. Common Stock,$1.85,-0.04,-2.116%,65119667.00,United States,2022,2238,Consumer Discretionary,Catalog/Specialty Distribution
HOVNP,Hovnanian Enterprises Inc Dep Shr Srs A Pfd,$19.71,-0.19,-0.955%,117469432.00,United States,,1601,Consumer Discretionary,Homebuilding
HOVR,New Horizon Aircraft Ltd. Class A Ordinary Share,$1.595,-0.075,-4.491%,107062686.00,United States,2023,690920,Industrials,Aerospace
HOVRW,New Horizon Aircraft Ltd. Warrant,$0.2901,-0.0199,-6.419%,19472655.00,United States,2023,44564,Industrials,Aerospace
HOWL,Werewolf Therapeutics Inc. Common Stock,$0.9575,0.0165,1.753%,46533606.00,United States,2021,971066,Health Care,Biotechnology: Pharmaceutical Preparations
HPAI,Helport AI Limited Ordinary Shares,$0.4119,0.0214,5.48%,15506762.00,Singapore,,72098,Technology,Computer Software: Prepackaged Software
HPK,HighPeak Energy Inc. Common Stock,$8.11,-0.08,-0.977%,1025532240.00,United States,,388364,Energy,Oil & Gas Production
HQ,Horizon Quantum Holdings Ltd. Class A Ordinary Shares,$14.59,-0.22,-1.485%,787452647.00,Singapore,,171536,Technology,EDP Services
HQI,HireQuest Inc. Common Stock (DE),$16.07,0.17,1.069%,223373000.00,United States,,13821,Consumer Discretionary,Professional Services
HQWWW,Horizon Quantum Holdings Ltd. Warrant,$7.40,0.19,2.635%,399393392.00,Singapore,,34865,Technology,EDP Services
HQY,HealthEquity Inc. Common Stock,$97.00,0.46,0.476%,8023383712.00,United States,2014,870797,Consumer Discretionary,Business Services
HRMY,Harmony Biosciences Holdings Inc. Common Stock,$41.25,1.87,4.749%,2402251211.00,United States,2020,894596,Health Care,Biotechnology: Pharmaceutical Preparations
HROW,Harrow Inc. Common Stock,$36.97,0.06,0.163%,1385925815.00,United States,,359635,Health Care,Biotechnology: Pharmaceutical Preparations
HRTX,Heron Therapeutics Inc. Common Stock,$0.315,-0.003,-0.943%,59803477.00,United States,,2374246,Health Care,Biotechnology: Pharmaceutical Preparations
HRZN,Horizon Technology Finance Corporation Common Stock,$4.51,-0.15,-3.219%,302322930.00,United States,2010,867350,Finance,Finance: Consumer Services
HSAI,Hesai Group American Depositary Share,$16.78,0.66,4.094%,2636846301.00,China,2023,2205684,Industrials,Industrial Machinery/Components
HSCS,HeartSciences Inc. Common Stock,$3.12,-0.03,-0.952%,12166412.00,United States,2022,69726,Health Care,Industrial Specialties
HSCSW,HeartSciences Inc. Warrant,$0.0403,0.00,0.00%,157149.00,United States,2022,8,Health Care,Industrial Specialties
HSDT,Solana Company Class A Common Stock (DE),$2.09,-0.12,-5.43%,126358689.00,United States,,309796,Health Care,Biotechnology: Electromedical & Electrotherapeutic Apparatus
HSIC,Henry Schein Inc. Common Stock,$88.52,-1.28,-1.425%,9865247898.00,United States,1995,718045,Health Care,Medical Specialities
HST,Host Hotels & Resorts Inc. Common Stock,$21.64,-0.29,-1.322%,14826091994.00,United States,,6181150,Real Estate,Real Estate Investment Trusts
HSTM,HealthStream Inc. Common Stock,$29.67,0.62,2.134%,867549465.00,United States,2000,226549,Technology,Computer Software: Programming Data Processing
HTCO,High-Trend International Group Class A Ordinary Shares,$2.63,0.01,0.382%,17766502.00,Singapore,,16862,Consumer Discretionary,Marine Transportation
HTCR,Heartcore Enterprises Inc. Common Stock,$2.5234,0.1134,4.705%,3823779.00,Japan,2022,7031,Technology,EDP Services
HTFL,Heartflow Inc. Common Stock,$50.43,0.04,0.079%,4385071410.00,United States,2025,1678943,Health Care,Medical/Dental Instruments
HTHT,H World Group Limited American Depositary Shares,$46.97,-0.35,-0.74%,14444393778.00,China,2010,1388912,Consumer Discretionary,Hotels/Resorts
HTLD,Heartland Express Inc. Common Stock,$11.91,-0.45,-3.641%,921031397.00,United States,1986,584002,Industrials,Trucking Freight/Courier Services
HTLM,HomesToLife Ltd Ordinary Shares,$1.7656,-0.0061,-0.344%,158352250.00,Singapore,2024,3424,Consumer Discretionary,Other Specialty Stores
HTO,H2O America Common Stock,$63.80,0.43,0.679%,2670464095.00,United States,,376081,Utilities,Water Supply
HTOO,Fusion Fuel Green PLC Class A Ordinary Shares,$2.26,0.01,0.444%,16142111.00,Ireland,,17447,Technology,Industrial Machinery/Components
HTZ,Hertz Global Holdings Inc Common Stock,$2.24,-0.03,-1.322%,798451120.00,United States,,15294143,Consumer Discretionary,Rental/Leasing Companies
HTZWW,Hertz Global Holdings Inc Warrant,$1.0472,-0.0228,-2.131%,373275899.00,United States,,10054,Consumer Discretionary,Rental/Leasing Companies
HUBC,Hub Cyber Security Ltd. Ordinary Shares,$0.7451,0.0076,1.031%,24905832.00,Israel,,46879,Telecommunications,Computer Communications Equipment
HUBCW,Hub Cyber Security Ltd. Warrant 2/27/28,$0.0095,0.0024,33.803%,317549.00,Israel,,9211,Telecommunications,Computer Communications Equipment
HUBCZ,Hub Cyber Security Ltd. Warrant ,$0.0146,0.0061,71.765%,488022.00,Israel,,61884,Telecommunications,Computer Communications Equipment
HUBG,Hub Group Inc. Class A Common Stock,$37.94,-1.93,-4.841%,2320164169.00,United States,1996,1225640,Industrials,Integrated Freight & Logistics
HUDI,Huadi International Group Co. Ltd. Ordinary Shares,$0.7554,-0.0097,-1.268%,10816710.00,China,2021,15419,Industrials,Steel/Iron Ore
HUHU,HUHUTECH International Group Inc. Ordinary Shares,$4.23,-0.005,-0.118%,107838558.00,China,2024,30443,Telecommunications,Metal Fabrications
HUIZ,Huize Holding Limited American Depositary Shares,$1.525,-0.055,-3.481%,15411766.00,China,2020,54239,Finance,Specialty Insurers
HUMA,Humacyte Inc. Common Stock,$0.5704,-0.031,-5.155%,158456039.00,United States,2020,16524701,Health Care,Biotechnology: Biological Products (No Diagnostic Substances)
HURA,TuHURA Biosciences Inc. Common Stock,$2.03,-0.10,-4.695%,129365033.00,United States,,152913,Health Care,Biotechnology: Pharmaceutical Preparations
HURC,Hurco Companies Inc. Common Stock,$20.85,-0.63,-2.933%,135031314.00,United States,,21300,Industrials,Industrial Machinery/Components
HURN,Huron Consulting Group Inc. Common Stock,$157.46,-2.43,-1.52%,2505199937.00,United States,2004,215290,Consumer Discretionary,Professional Services
HUT,Hut 8 Corp. Common Stock,$77.57,-1.07,-1.361%,9561236933.00,United States,,3673854,Finance,Finance: Consumer Services
HVII,Hennessy Capital Investment Corp. VII Ordinary Shares,$7.81,-0.08,-1.014%,,United States,2025,109538,,
HVIIR,Hennessy Capital Investment Corp. VII Rights,$0.2799,-0.0201,-6.70%,0.00,United States,2025,37087,Finance,Blank Checks
HVMC,Highview Merger Corp. Class A Ordinary Share,$10.26,0.00,0.00%,0.00,United States,2025,7,,
HVMCU,Highview Merger Corp. Units,$10.35,0.00,0.00%,0.00,United States,2025,2,Finance,Blank Checks
HWBK,Hawthorn Bancshares Inc. Common Stock,$38.74,-0.17,-0.437%,267332266.00,United States,,14228,Finance,Major Banks
HWC,Hancock Whitney Corporation Common Stock,$73.24,-1.25,-1.678%,5875536768.00,United States,,484374,Finance,Major Banks
HWCPZ,Hancock Whitney Corporation 6.25% Subordinated Notes due 2060,$21.34,-0.0194,-0.091%,1808671231.00,United States,,12225,Finance,Major Banks
HWH,HWH International Inc. Common Stock,$1.86,-0.01,-0.535%,55291104.00,United States,2022,1980,Health Care,Other Pharmaceuticals
HWKN,Hawkins Inc. Common Stock,$124.58,4.31,3.584%,2600622076.00,United States,,227838,Consumer Discretionary,Specialty Chemicals
HXHX,Haoxin Holdings Limited Class A Ordinary Shares,$0.4756,-0.0132,-2.70%,6539500.00,China,2025,15318,Industrials,Trucking Freight/Courier Services
HYFM,Hydrofarm Holdings Group Inc. Common Stock,$0.9382,0.0243,2.659%,4521489.00,United States,2020,587109,Consumer Discretionary,Consumer Specialties
HYFT,MindWalk Holdings Corp. Common Stock,$1.30,-0.04,-2.985%,60725426.00,Canada,,80513,Health Care,Biotechnology: Pharmaceutical Preparations
HYMC,Hycroft Mining Holding Corporation Class A Common Stock,$21.63,-1.80,-7.682%,2015519760.00,United States,2018,2018399,Basic Materials,Precious Metals
HYNE,Hoyne Bancorp Inc. Common Stock,$16.51,-0.01,-0.061%,133680446.00,United States,2025,5793,Finance,Banks
HYPD,Hyperion DeFi Inc. Common Stock,$3.085,-0.335,-9.795%,47939154.00,United States,2018,369005,Health Care,Biotechnology: Pharmaceutical Preparations
HYPR,Hyperfine Inc. Class A Common Stock,$0.8107,-0.0136,-1.65%,85973656.00,United States,2021,241985,Health Care,Biotechnology: Electromedical & Electrotherapeutic Apparatus
IA,Innovative Solutions and Support Inc. Common Stock,$18.51,-0.49,-2.579%,331313692.00,United States,,252334,Technology,EDP Services
IACO,Idea Acquisition Corp. Class A Ordinary Shares,$9.99,0.00,0.00%,0.00,United States,2026,1028,Finance,Blank Checks
IACOU,Idea Acquisition Corp. Units,$10.05,0.00,0.00%,0.00,United States,2026,10,Finance,Blank Checks
IACOW,Idea Acquisition Corp. Warrants,$0.29,-0.0001,-0.034%,0.00,United States,2026,72848,Finance,Blank Checks
IACQ,Irenic Acquisition Corp. Class A Ordinary Shares,$9.93,-0.04,-0.401%,0.00,United States,2026,815,Finance,Blank Checks
IACQW,Irenic Acquisition Corp. Warrants,$0.4561,0.0161,3.659%,0.00,United States,2026,11477,Finance,Blank Checks
IART,Integra LifeSciences Holdings Corporation Common Stock,$16.62,-0.30,-1.773%,1292579050.00,United States,,559697,Health Care,Medical/Dental Instruments
IBAC,IB Acquisition Corp. Common Stock,$10.89,0.00,0.00%,0.00,United States,2024,1110,Finance,Blank Checks
IBACR,IB Acquisition Corp. Right,$0.115,0.00,0.00%,0.00,United States,2024,100,Finance,Blank Checks
IBCP,Independent Bank Corporation Common Stock,$36.11,-0.38,-1.041%,801616542.00,United States,,160171,Finance,Major Banks
IBEX,IBEX Limited Common Shares,$38.25,-0.21,-0.546%,512133687.00,Bermuda,2020,92713,Technology,EDP Services
IBG,Innovation Beverage Group Limited Ordinary Shares,$0.9544,-0.0756,-7.34%,1733077.00,Australia,2024,5453,Consumer Staples,Beverages (Production/Distribution)
IBIO,iBio Inc. Common Stock,$1.26,-0.01,-0.787%,81027143.00,United States,,2232804,Health Care,Biotechnology: Pharmaceutical Preparations
IBKR,Interactive Brokers Group Inc. Class A Common Stock,$90.39,-6.8125,-7.009%,40953735877.00,United States,2019,5136703,Finance,Investment Bankers/Brokers/Service
IBOC,International Bancshares Corporation Common Stock,$69.64,-0.52,-0.741%,4331017035.00,United States,,320511,Finance,Major Banks
IBRX,ImmunityBio Inc. Common Stock,$7.87,-0.08,-1.006%,8340911469.00,United States,2015,6460160,Health Care,Biotechnology: Biological Products (No Diagnostic Substances)
ICCC,ImmuCell Corporation Common Stock,$9.92,0.13,1.328%,90095394.00,United States,1987,6994,Health Care,Biotechnology: In Vitro & In Vivo Diagnostic Substances
ICCM,IceCure Medical Ltd. Ordinary Shares,$2.28,0.00,0.00%,7812135.00,Israel,,49318,Health Care,Medical/Dental Instruments
ICFI,ICF International Inc. Common Stock,$88.81,-0.29,-0.325%,1592708238.00,United States,2006,195695,Consumer Discretionary,Professional Services
ICG,Intchains Group Limited American Depositary Shares,$0.9659,-0.0341,-3.41%,116664205.00,China,2023,7879,Technology,Semiconductors
ICHR,Ichor Holdings Ordinary Shares,$51.76,-1.81,-3.379%,1938630893.00,United States,2016,735690,Technology,Semiconductors
ICLR,ICON plc Ordinary Shares,$161.40,-3.59,-2.176%,12357966255.00,Ireland,1998,604647,Health Care,Biotechnology: Commercial Physical & Biological Resarch
ICMB,Investcorp Credit Management BDC Inc. Common Stock,$0.823,-0.0173,-2.059%,11877924.00,United States,2014,50099,Finance,Finance: Consumer Services
ICON,Icon Energy Corp. Common stock,$0.9818,0.0042,0.43%,3690894.00,Greece,2024,5319,Consumer Discretionary,Marine Transportation
ICU,SeaStar Medical Holding Corporation Common Stock,$2.99,-0.14,-4.473%,13176455.00,United States,2021,67902,Health Care,Medical/Dental Instruments
ICUCW,SeaStar Medical Holding Corporation Warrant,$0.0169,0.00,0.00%,74476.00,United States,2021,9017,Health Care,Medical/Dental Instruments
ICUI,ICU Medical Inc. Common Stock,$170.81,-2.14,-1.237%,4271452161.00,United States,1992,326413,Health Care,Medical/Dental Instruments
IDAC,Iron Dome Acquisition I Corp. Class A Ordinary Shares,$10.00,0.00,0.00%,0.00,United States,2026,526,,
IDACU,Iron Dome Acquisition I Corp. Units,$10.10,0.00,0.00%,0.00,United States,2026,6,,
IDACW,Iron Dome Acquisition I Corp. Warrant,$0.28,0.00,0.00%,0.00,United States,2026,9306,,
IDAI,T Stamp Inc. Class A Common Stock,$3.05,0.00,0.00%,17199838.00,United States,,23081,Technology,Computer Software: Prepackaged Software
IDCC,InterDigital Inc. Common Stock,$319.90,-15.13,-4.516%,8255341639.00,United States,,210757,Miscellaneous,Multi-Sector Companies
IDN,Intellicheck Inc. Common Stock,$2.72,-0.045,-1.627%,55125541.00,United States,1999,233756,Technology,Computer Software: Prepackaged Software
IDXX,IDEXX Laboratories Inc. Common Stock,$545.16,-11.53,-2.071%,42948313199.00,United States,1991,458284,Health Care,Biotechnology: In Vitro & In Vivo Diagnostic Substances
IDYA,IDEAYA Biosciences Inc. Common Stock,$39.95,-0.15,-0.374%,3854754886.00,United States,2019,587840,Health Care,Biotechnology: Pharmaceutical Preparations
IEAG,Infinite Eagle Acquisition Corp. Class A Ordinary Shares,$10.2301,0.0051,0.05%,0.00,United States,2026,11231,Finance,Blank Checks
IEAGR,Infinite Eagle Acquisition Corp. Rights,$0.1701,-0.0099,-5.50%,0.00,United States,2026,2506,Finance,Blank Checks
IEAGU,Infinite Eagle Acquisition Corp. Unit,$10.37,0.01,0.097%,0.00,United States,2026,101,,
IEP,Icahn Enterprises L.P. Common Stock,$6.81,0.01,0.147%,4841331783.00,United States,,490535,Energy,Integrated oil Companies
IESC,IES Holdings Inc. Common Stock,$300.59,-2.41,-0.795%,5989062170.00,United States,,263022,Industrials,Engineering & Construction
IFBD,Infobird Co. Ltd Ordinary Shares,$0.8975,0.0225,2.571%,7349245.00,China,2021,15777,Technology,Computer Software: Prepackaged Software
IFRX,InflaRx N.V. Common Stock,$2.16,0.03,1.408%,318315357.00,Germany,2017,472916,Health Care,Biotechnology: Pharmaceutical Preparations
IGAC,Invest Green Acquisition Corporation Class A Ordinary Shares,$10.05,0.00,0.00%,0.00,United States,2025,11,Finance,Blank Checks
IGACR,Invest Green Acquisition Corporation Rights,$0.145,0.0142,10.856%,0.00,United States,2025,3700,,
IGIC,International General Insurance Holdings Ltd. Ordinary Share,$26.23,-0.26,-0.982%,1123751326.00,Jordan,2018,40107,Finance,Property-Casualty Insurers
IHRT,iHeartMedia Inc. Class A Common Stock,$2.70,-0.02,-0.735%,360987643.00,United States,,317338,Consumer Discretionary,Broadcasting
III,Information Services Group Inc. Common Stock,$5.06,-0.06,-1.172%,244972118.00,United States,,284289,Consumer Discretionary,Professional Services
IIIV,i3 Verticals Inc. Class A Common Stock,$16.00,-0.05,-0.312%,421152144.00,United States,2018,368823,Technology,Computer Software: Prepackaged Software
IKT,Inhibikase Therapeutics Inc. Common Stock,$2.38,0.07,3.03%,332095442.00,United States,2020,523241,Health Care,Biotechnology: Biological Products (No Diagnostic Substances)
ILAG,Intelligent Living Application Group Inc. Ordinary Shares,$2.90,-0.05,-1.695%,6023149.00,Hong Kong,2022,753,Consumer Discretionary,Office Equipment/Supplies/Services
ILLR,Triller Group Inc. Common Stock,$0.98,0.0233,2.435%,20077634.00,United States,2019,103409,Finance,Investment Managers
ILLRW,Triller Group Inc. Warrant,$0.0574,-0.0011,-1.88%,1175976.00,United States,2019,1412,Finance,Investment Managers
ILLU,Illumination Acquisition Corp I Class A Ordinary Shares,$9.96,-0.005,-0.05%,0.00,United States,2026,7599,Finance,Blank Checks
ILLUW,Illumination Acquisition Corp I Warrant,$0.415,-0.005,-1.19%,0.00,United States,2026,372,,
ILMN,Illumina Inc. Common Stock,$207.13,-6.50,-3.043%,31276630000.00,United States,2000,1500821,Health Care,Medical Specialities
ILPT,Industrial Logistics Properties Trust Common Shares of Beneficial Interest,$8.25,-0.005,-0.061%,550653518.00,United States,2018,287789,Real Estate,Real Estate Investment Trusts
IMA,ImageneBio Inc. Common Stock,$5.02,-0.08,-1.569%,56984309.00,United States,2021,12459,Health Care,Biotechnology: Biological Products (No Diagnostic Substances)
IMCC,IM Cannabis Corp. Common Shares,$2.89,-0.17,-5.556%,1745335.00,Canada,,27182,Health Care, Medicinal Chemicals and Botanical Products 
IMCR,Immunocore Holdings plc American Depositary Shares,$36.86,0.54,1.487%,1898239023.00,United Kingdom,2021,790824,Health Care,Biotechnology: Biological Products (No Diagnostic Substances)
IMDX,Insight Molecular Diagnostics Inc. Common Stock,$3.84,-0.08,-2.041%,125661251.00,United States,,128122,Health Care,Biotechnology: In Vitro & In Vivo Diagnostic Substances
IMKTA,Ingles Markets Incorporated Class A Common Stock,$80.59,-1.21,-1.479%,1530756762.00,United States,1987,94323,Consumer Staples,Food Chains
IMMP,Immutep Limited American Depositary Shares,$0.3712,0.0052,1.421%,54637683.00,Australia,,91791,Health Care,Biotechnology: Pharmaceutical Preparations
IMMR,Immersion Corporation Common Stock,$7.40,-0.18,-2.375%,245620067.00,United States,1999,311972,Technology,Computer peripheral equipment
IMMX,Immix Biopharma Inc. Common Stock,$14.01,-0.02,-0.143%,1002265789.00,United States,2021,1277427,Health Care,Biotechnology: Pharmaceutical Preparations
IMNM,Immunome Inc. Common Stock,$27.065,-0.345,-1.259%,3073978529.00,United States,2020,700198,Health Care,Biotechnology: Pharmaceutical Preparations
IMNN,Imunon Inc. Common Stock,$1.60,-0.03,-1.84%,8978245.00,United States,,33862,Health Care,Biotechnology: Pharmaceutical Preparations
IMOS,ChipMOS TECHNOLOGIES INC. American Depositary Shares,$57.27,2.63,4.813%,2004401664.00,Taiwan,,78738,Technology,Semiconductors
IMPP,Imperial Petroleum Inc. Common Shares,$5.46,0.21,4.00%,246866573.00,Greece,,466033,Consumer Discretionary,Marine Transportation
IMPPP,Imperial Petroleum Inc. 8.75% Series A Cumulative Redeemable Perpetual Preferred Shares,$25.70,0.00,0.00%,1161991011.00,Greece,,112,Consumer Discretionary,Marine Transportation
IMRN,Immuron Limited American Depositary Shares,$1.07,-0.04,-3.604%,8636186.00,Australia,2017,14006,Health Care,Biotechnology: Pharmaceutical Preparations
IMRX,Immuneering Corporation Class A Common Stock,$4.85,-0.14,-2.806%,313782400.00,United States,2021,435010,Health Care,Biotechnology: Pharmaceutical Preparations
IMSR,Terrestrial Energy Inc. Common Stock  ,$4.98,-0.20,-3.861%,527557565.00,United States,2024,1060412,Industrials,Metal Fabrications
IMSRW,Terrestrial Energy Inc. Warrant,$2.0999,-0.0501,-2.33%,222453440.00,United States,2024,7182,Industrials,Metal Fabrications
IMTE,Integrated Media Technology Limited Ordinary Shares,$0.4832,-0.0055,-1.125%,1665317.00,Australia,,1230,Consumer Staples,Consumer Electronics/Appliances
IMTX,Immatics N.V. Ordinary Shares,$9.43,-0.10,-1.049%,1411026705.00,Germany,,607162,Health Care,Biotechnology: Biological Products (No Diagnostic Substances)
IMUX,Immunic Inc. Common Stock,$14.58,-1.22,-7.722%,198936329.00,United States,2014,230249,Health Care,Biotechnology: Pharmaceutical Preparations
IMVT,Immunovant Inc. Common Stock,$39.90,-0.92,-2.254%,8241452012.00,United States,2019,1585488,Health Care,Biotechnology: Biological Products (No Diagnostic Substances)
IMXI,International Money Express Inc. Common Stock,$14.41,-0.06,-0.415%,435349545.00,United States,2017,309825,Consumer Discretionary,Business Services
INAB,IN8bio Inc. Common Stock,$1.09,-0.01,-0.909%,10745637.00,United States,2021,19952,Health Care,Biotechnology: Biological Products (No Diagnostic Substances)
INAC,Indigo Acquisition Corp. Ordinary Shares,$10.31,0.00,0.00%,0.00,United States,2025,7,,
INBK,First Internet Bancorp Common Stock,$27.50,0.16,0.585%,240173285.00,United States,,53824,Finance,Major Banks
INBKZ,First Internet Bancorp 6.0% Fixed-to-Floating Rate Subordinated Notes Due 2029,$25.175,-0.025,-0.099%,219352141.00,United States,,2057,Finance,Major Banks
INBS,Intelligent Bio Solutions Inc. Common Stock,$2.43,0.03,1.25%,7356752.00,United States,2020,5030508,Health Care,Medical/Dental Instruments
INBX,Inhibrx Biosciences Inc. Common Stock,$124.66,-2.04,-1.61%,1834703496.00,United States,,275628,Health Care,Biotechnology: Biological Products (No Diagnostic Substances)
INCR,Intercure Ltd. Ordinary Shares,$5.51,-0.25,-4.34%,65269868.00,Israel,,10817,Health Care,Biotechnology: Pharmaceutical Preparations
INCY,Incyte Corp. Common Stock,$125.01,1.79,1.453%,25339245227.00,United States,,1192232,Health Care,Biotechnology: Commercial Physical & Biological Resarch
INDB,Independent Bank Corp. Common Stock,$79.94,-1.24,-1.527%,3786685774.00,United States,,185408,Finance,Major Banks
INDI,indie Semiconductor Inc. Class A Common Stock,$3.55,-0.165,-4.441%,822921535.00,United States,,4218603,Technology,Semiconductors
INDP,Indaptus Therapeutics Inc. Common Stock,$1.13,-0.015,-1.31%,150563826.00,United States,,73150,Health Care,Biotechnology: Pharmaceutical Preparations
INDV,Indivior Pharmaceuticals Inc. Common Stock,$34.56,-0.37,-1.059%,4079130278.00,United Kingdom,,2094858,Health Care,Biotechnology: Pharmaceutical Preparations
INEO,INNEOVA Holdings Limited Class A Ordinary Shares,$0.5222,-0.0684,-11.581%,8444300.00,Singapore,2024,51618,Consumer Discretionary,Motor Vehicles
INGN,Inogen Inc Common Stock,$5.33,-0.04,-0.745%,141449336.00,United States,2014,247047,Health Care,Industrial Specialties
INHD,Inno Holdings Inc. Common Stock,$5.17,-0.27,-4.963%,13031404.00,United States,2023,99358,Industrials,Steel/Iron Ore
INIO,INNIO N.V. Ordinary Shares,$19.47,-0.73,-3.614%,14602500000.00,Germany,2026,4045157,Consumer Discretionary,Metal Fabrications
INKT,MiNK Therapeutics Inc. Common Stock,$10.95,-0.14,-1.262%,55877872.00,United States,2021,2319,Health Care,Biotechnology: Biological Products (No Diagnostic Substances)
INLF,INLIF LIMITED Class A Ordinary Shares,$4.03,0.03,0.75%,4393901.00,China,2025,29518,Industrials,Industrial Machinery/Components
INM,InMed Pharmaceuticals Inc. Common Shares,$1.32,-0.03,-2.222%,4374563.00,Canada,,96745,Health Care,Biotechnology: Pharmaceutical Preparations
INMB,INmune Bio Inc. Common stock,$2.24,-0.06,-2.609%,62168487.00,United States,2019,205795,Health Care,Biotechnology: Biological Products (No Diagnostic Substances)
INMD,InMode Ltd. Ordinary Shares,$15.03,0.07,0.468%,863936003.00,Israel,2019,799952,Health Care,Biotechnology: Electromedical & Electrotherapeutic Apparatus
INNV,InnovAge Holding Corp. Common Stock,$10.83,0.03,0.278%,1470025136.00,United States,2021,184817,Health Care,Medical/Nursing Services
INO,Inovio Pharmaceuticals Inc. Common Stock,$1.33,0.06,4.724%,137518699.00,United States,,2630383,Health Care,Biotechnology: Pharmaceutical Preparations
INOD,Innodata Inc. Common Stock,$54.64,-1.78,-3.155%,1878668051.00,United States,1993,669202,Technology,EDP Services
INSE,Inspired Entertainment Inc. Common Stock,$5.45,-0.38,-6.518%,143653127.00,United States,2014,173734,Technology,Computer Software: Prepackaged Software
INSG,Inseego Corp. Common Stock,$4.06,-0.12,-2.871%,66667604.00,United States,,219461,Telecommunications,Telecommunications Equipment
INSM,Insmed Incorporated Common Stock,$121.51,-0.31,-0.254%,26535536430.00,United States,,1419262,Health Care,Biotechnology: Pharmaceutical Preparations
INTA,Intapp Inc. Common Stock,$42.22,-1.15,-2.652%,3230300669.00,United States,2021,632474,Technology,Computer Software: Prepackaged Software
INTC,Intel Corporation Common Stock,$88.97,-0.54,-0.603%,470212634394.00,United States,,73775129,Technology,Semiconductors
INTG,Intergroup Corporation (The) Common Stock,$34.62,-0.82,-2.314%,74391871.00,United States,,98204,Real Estate,Building operators
INTJ,Intelligent Group Limited Class A Ordinary Shares ,$2.85,-0.25,-8.065%,4381869.00,Hong Kong,2024,19304,Consumer Discretionary,Professional Services
INTR,Inter & Co. Inc. Class A Common Shares,$5.59,0.18,3.327%,2466988096.00,Brazil,,3254428,Finance,Commercial Banks
INTS,Intensity Therapeutics Inc. Common stock,$4.07,-0.14,-3.325%,13288058.00,United States,2023,23697,Health Care,Biotechnology: Biological Products (No Diagnostic Substances)
INTU,Intuit Inc. Common Stock,$344.93,-14.37,-3.999%,94351117410.00,United States,1993,2672458,Technology,Computer Software: Prepackaged Software
INTZ,Intrusion Inc. Common Stock,$0.855,-0.045,-5.00%,20953445.00,United States,,166588,Telecommunications,Computer Communications Equipment
INV,Innventure Inc. Common Stock,$1.19,-0.10,-7.752%,100689062.00,United States,,5765927,Finance,Blank Checks
INVA,Innoviva Inc. Common Stock,$21.08,0.31,1.493%,1522934824.00,United States,2004,798764,Health Care,Biotechnology: Pharmaceutical Preparations
INVE,Identiv Inc. Common Stock,$2.76,-0.05,-1.779%,66890678.00,United States,,141414,Technology,Computer peripheral equipment
INVZ,Innoviz Technologies Ltd. Ordinary shares,$0.3355,-0.01,-2.894%,119001403.00,Israel,,2088841,Consumer Discretionary,Auto Parts:O.E.M.
IOND,Ionic Digital Inc. Class A Common Stock,$72.15,0.33,0.459%,3241080958.00,United States,,300099,Finance,Finance: Consumer Services
IONR,ioneer Ltd American Depositary Shares,$3.11,-0.05,-1.582%,239052790.00,Australia,,34713,Industrials,Mining & Quarrying of Nonmetallic Minerals (No Fuels)
IONS,Ionis Pharmaceuticals Inc. Common Stock,$59.88,-0.48,-0.795%,9951117201.00,United States,,1872591,Health Care,Biotechnology: Pharmaceutical Preparations
IOSP,Innospec Inc. Common Stock,$92.61,-1.25,-1.332%,2281081263.00,United States,,122299,Industrials,Major Chemicals
IOTR,iOThree Limited Ordinary Shares,$2.52,0.06,2.439%,12256962.00,Singapore,2025,62367,Consumer Discretionary,Telecommunications Equipment
IOVA,Iovance Biotherapeutics Inc. Common Stock,$8.28,0.11,1.346%,3750603457.00,United States,,6754513,Health Care,Biotechnology: Biological Products (No Diagnostic Substances)
IPAR,Interparfums Inc. Common Stock,$117.11,-0.32,-0.273%,3750539213.00,United States,,187277,Consumer Discretionary,Package Goods/Cosmetics
IPDN,Professional Diversity Network Inc. Common Stock,$0.124,-0.002,-1.587%,1791840.00,United States,2013,350635,Technology,Computer Software: Programming Data Processing
IPEX,Inflection Point Acquisition Corp. V Class A Ordinary Shares,$10.60,0.00,0.00%,,United States,2025,1509,Health Care,Biotechnology: Pharmaceutical Preparations
IPEXR,Inflection Point Acquisition Corp. V Rights,$0.4933,-0.0559,-10.178%,0.00,United States,2025,297171,Finance,Blank Checks
IPFX,Inflection Point Acquisition Corp. VI Class A Ordinary Shares,$10.105,-0.005,-0.049%,0.00,United States,2026,23272,Finance,Blank Checks
IPFXU,Inflection Point Acquisition Corp. VI Units,$10.50,0.00,0.00%,0.00,United States,2026,12,Finance,Blank Checks
IPFXW,Inflection Point Acquisition Corp. VI Warrant,$0.9201,-0.0799,-7.99%,0.00,United States,2026,3730,Finance,Blank Checks
IPGP,IPG Photonics Corporation Common Stock,$75.20,-0.88,-1.157%,3198597333.00,United States,2006,682859,Technology,Semiconductors
IPHA,Innate Pharma S.A. ADS,$2.12,-0.05,-2.304%,198834891.00,France,2019,16667,Health Care,Biotechnology: Biological Products (No Diagnostic Substances)
IPHXU,Inflection Point Acquisition Corp. VIII Unit,$10.13,0.005,0.049%,0.00,United States,2026,267941,,
IPM,Intelligent Protection Management Corp. Common Stock ,$1.86,0.00,0.00%,16806456.00,United States,,3150,Technology,Computer Software: Programming Data Processing
IPSC,Century Therapeutics Inc. Common Stock,$2.03,-0.02,-0.976%,367582902.00,United States,2021,320472,Health Care,Biotechnology: Biological Products (No Diagnostic Substances)
IPST,IP Strategy Holdings Inc. Common Stock,$4.25,0.31,7.868%,3066707.00,United States,2024,178558,Consumer Staples,Beverages (Production/Distribution)
IPVV,InterPrivate Investment Partners V Inc. Class A Ordinary Shares,$9.84,0.01,0.102%,0.00,United States,2026,2171,Finance,Blank Checks
IPVVU,InterPrivate Investment Partners V Inc. Units,$9.92,0.00,0.00%,0.00,United States,2026,478,Finance,Blank Checks
IPW,iPower Inc. Common Stock,$1.81,-0.15,-7.653%,1700450.00,United States,2021,46273,Consumer Discretionary,RETAIL: Building Materials
IPWR,Ideal Power Inc. Common Stock,$4.74,-0.16,-3.265%,77900265.00,United States,2013,76130,Technology,Semiconductors
IPX,IperionX Limited American Depositary Share,$20.73,-1.14,-5.213%,703543177.00,United States,,289930,Basic Materials,Other Metals and Minerals
IPXG,Inflection Point Acquisition Corp. VII Class A Ordinary Shares,$10.065,-0.015,-0.149%,0.00,United States,2026,20849,Finance,Blank Checks
IPXGW,Inflection Point Acquisition Corp. VII Warrant,$0.70,-0.05,-6.667%,0.00,United States,2026,3178,Finance,Blank Checks
IQ,iQIYI Inc. American Depositary Shares,$0.9039,-0.03,-3.212%,872285858.00,China,2018,9485082,Consumer Discretionary,Consumer Electronics/Video Chains
IQMX,IQM Quantum Computers Oyj American Depositary Shares,$10.48,-0.01,-0.095%,1985920365.00,Finland,,95268,Technology,Computer Software: Prepackaged Software
IQMXW,IQM Quantum Computers Oyj Warrants to purchase American Depositary Shares,$2.06,-0.19,-8.444%,390362209.00,Finland,,114095,Finance,Blank Checks
IQST,iQSTEL Inc. Common Stock,$0.9201,-0.0561,-5.747%,10043682.00,United States,,73573,Telecommunications,Telecommunications Equipment
IRD,Opus Genetics Inc. Common Stock,$3.83,0.21,5.801%,318640002.00,United States,,868623,Health Care,Biotechnology: Pharmaceutical Preparations
IRDM,Iridium Communications Inc Common Stock,$46.72,-0.26,-0.553%,4950469094.00,United States,,535330,Consumer Discretionary,Telecommunications Equipment
IREN,IREN Limited Ordinary Shares,$36.82,-0.295,-0.795%,14509239419.00,Australia,2021,33462197,Finance,Finance: Consumer Services
IRHO,Iron Horse Acquisitions II Corp. Common Stock,$10.04,-0.01,-0.10%,0.00,United States,2026,3533,Finance,Blank Checks
IRHOR,Iron Horse Acquisitions Corp. II Rights,$0.151,-0.044,-22.564%,0.00,United States,2026,2749,Finance,Blank Checks
IRHOU,Iron Horse Acquisitions II Corp. Units,$10.16,0.00,0.00%,0.00,United States,2025,876,Finance,Blank Checks
IRIX,IRIDEX Corporation Common Stock,$0.7298,0.0062,0.857%,12818873.00,United States,1996,26841,Health Care,Biotechnology: Electromedical & Electrotherapeutic Apparatus
IRMD,iRadimed Corporation Common Stock,$86.38,0.00,0.00%,1104540283.00,United States,2014,68473,Health Care,Medical/Dental Instruments
IRON,Disc Medicine Inc. Common Stock,$78.67,0.02,0.025%,3020365037.00,United States,,549460,Health Care,Biotechnology: Pharmaceutical Preparations
IRTC,iRhythm Holdings Inc. Common Stock,$122.35,3.41,2.867%,4033023417.00,United States,2016,597819,Health Care,Medical/Dental Instruments
IRWD,Ironwood Pharmaceuticals Inc. Class A Common Stock,$4.27,0.02,0.471%,705574574.00,United States,2010,1449824,Health Care,Biotechnology: Pharmaceutical Preparations
ISBA,Isabella Bank Corporation Common stock,$38.55,0.31,0.811%,294093054.00,United States,,143925,Finance,Major Banks
ISNR,Snow Rothschild Acquisition Corp. Class A Ordinary Shares,$9.80,-0.075,-0.759%,0.00,United States,2026,906,Finance,Blank Checks
ISNRU,Snow Rothschild Acquisition Corp. Units,$9.98,0.00,0.00%,0.00,United States,2026,2,Finance,Blank Checks
ISPC,iSpecimen Inc. Common Stock,$1.50,-0.04,-2.597%,3777885.00,United States,2021,52047,Health Care,Biotechnology: Commercial Physical & Biological Resarch
ISPR,Ispire Technology Inc. Common Stock,$1.45,-0.02,-1.361%,83229124.00,United States,2023,7852,Health Care, Medicinal Chemicals and Botanical Products 
ISRG,Intuitive Surgical Inc. Common Stock,$369.25,-7.61,-2.019%,130447915532.00,United States,2000,1848711,Health Care,Industrial Specialties
ISTR,Investar Holding Corporation Common Stock,$29.76,-0.37,-1.228%,410004294.00,United States,2014,80555,Finance,Major Banks
ITG,ITG Inc. Class A Common Stock,$11.99,-0.18,-1.479%,1488645056.00,United States,2026,176715,Industrials,Water Sewer Pipeline Comm & Power Line Construction
ITHA,ITHAX Acquisition Corp III Class A Ordinary Shares,$10.07,0.03,0.299%,0.00,United States,2026,186,,
ITHAU,ITHAX Acquisition Corp III Units,$10.13,0.03,0.297%,0.00,United States,2025,135,,
ITHAW,ITHAX Acquisition Corp III Warrants,$0.18,-0.0001,-0.056%,0.00,United States,2026,1310,,
ITIC,Investors Title Company Common Stock,$293.51,-0.43,-0.146%,554145706.00,United States,,79792,Finance,Specialty Insurers
ITOC,iTonic Holdings Ltd Class A Ordinary Shares,$0.2919,-0.0018,-0.613%,4976895.00,China,2024,103234,Health Care,Biotechnology: Electromedical & Electrotherapeutic Apparatus
ITRI,Itron Inc. Common Stock,$95.10,-1.91,-1.969%,4164120210.00,United States,1993,382114,Industrials,Electrical Products
ITRN,Ituran Location and Control Ltd. Ordinary Shares,$51.06,0.10,0.196%,1015766195.00,Israel,2005,100647,Technology,Electronic Components
IVA,Inventiva S.A. American Depository Shares,$4.77,0.09,1.923%,1127056564.00,France,2020,840976,Health Care,Biotechnology: Pharmaceutical Preparations
IVDA,Iveda Solutions Inc. Common Stock,$0.27,-0.017,-5.923%,3380137.00,United States,,310911,Technology,Computer Software: Prepackaged Software
IVDAW,Iveda Solutions Inc. Warrant,$0.0327,-0.003,-8.403%,409372.00,United States,,6001,Technology,Computer Software: Prepackaged Software
IVF,INVO Fertility Inc. Common Stock,$1.01,-0.02,-1.942%,2532039.00,United States,,242829,Health Care,Medical/Dental Instruments
IVVD,Invivyd Inc. Common Stock,$0.8799,-0.075,-7.854%,259358221.00,United States,2021,12570719,Health Care,Biotechnology: Biological Products (No Diagnostic Substances)
IXHL,Incannex Healthcare Inc. Common Stock,$3.18,-0.17,-5.075%,38047282.00,Australia,,157257,Health Care,Biotechnology: Pharmaceutical Preparations
IZEA,IZEA Worldwide Inc. Common Stock,$2.99,-0.05,-1.645%,52074695.00,United States,,86285,Consumer Discretionary,Advertising
IZM,ICZOOM Group Inc. Class A Ordinary Shares,$0.234,-0.011,-4.49%,2812238.00,China,2023,7483,Consumer Discretionary,Consumer Electronics/Video Chains
JACK,Jack In The Box Inc. Common Stock,$15.63,-0.88,-5.33%,299772928.00,United States,,580571,Consumer Discretionary,Restaurants
JAGX,Jaguar Health Inc. Common Stock,$0.731,-0.0601,-7.597%,3778027.00,United States,2015,106170,Health Care,Biotechnology: Pharmaceutical Preparations
JAKK,JAKKS Pacific Inc. Common Stock,$24.71,-0.40,-1.593%,282806247.00,United States,1996,63299,Consumer Discretionary,Recreational Games/Products/Toys
JANX,Janux Therapeutics Inc. Common Stock,$18.89,0.67,3.677%,1154873642.00,United States,2021,980567,Health Care,Biotechnology: Pharmaceutical Preparations
JATT,JATT II Acquisition Corp Ordinary Shares,$12.00,-0.125,-1.031%,0.00,United States,2026,5610,Finance,Blank Checks
JAZZ,Jazz Pharmaceuticals plc Common Stock (Ireland),$243.71,-6.97,-2.78%,15820331561.00,Ireland,2007,1072984,Health Care,Biotechnology: Pharmaceutical Preparations
JBDI,JBDI Holdings Limited Ordinary Shares,$1.34,0.08,6.349%,12749473.00,Singapore,2024,2453,,
JBHT,J.B. Hunt Transport Services Inc. Common Stock,$256.48,-8.99,-3.386%,24087303555.00,United States,,701062,Industrials,Trucking Freight/Courier Services
JBIO,Jade Biosciences Inc. Common Stock,$21.02,-0.34,-1.592%,1336817075.00,United States,2021,516653,Health Care,Biotechnology: Pharmaceutical Preparations
JBLU,JetBlue Airways Corporation Common Stock,$4.47,-0.13,-2.826%,1686585449.00,United States,2002,17575197,Consumer Discretionary,Air Freight/Delivery Services
JBSS,John B. Sanfilippo & Son Inc. Common Stock,$73.88,0.19,0.258%,863914376.00,United States,1991,150171,Consumer Staples,Specialty Foods
JCAP,Jefferson Capital Inc. Common Stock,$20.67,-0.14,-0.673%,1186985829.00,United States,2025,220836,Finance,Finance Companies
JCSE,JE Cleantech Holdings Limited Ordinary Shares,$1.42,-0.105,-6.885%,7458862.00,Singapore,2022,29374,Consumer Discretionary,Miscellaneous manufacturing industries
JCTC,Jewett-Cameron Trading Company Common Shares,$2.94,-0.02,-0.676%,10349132.00,United States,,8934,Consumer Discretionary,RETAIL: Building Materials
JD,JD.com Inc. American Depositary Shares,$27.90,-0.34,-1.204%,37497600000.00,China,2014,6635915,Consumer Discretionary,Other Specialty Stores
JDZG,JIADE LIMITED Class A Ordinary Shares,$2.83,-0.38,-11.838%,15371097.00,China,2024,86530,Real Estate,Other Consumer Services
JEM,707 Cayman Holdings Limited Ordinary Shares,$4.28,-0.14,-3.167%,2871662.00,China,2025,53514,Consumer Discretionary,Clothing/Shoe/Accessory Stores
JF,J and Friends Holdings Limited American Depositary Shares,$0.92,-0.0004,-0.043%,16872942.00,China,2018,9300,Technology,Computer Software: Programming Data Processing
JFB,JFB Construction Holdings Class A Common Stock,$4.84,0.09,1.895%,97915151.00,United States,2025,567625,Consumer Discretionary,General Bldg Contractors - Nonresidential Bldgs
JFIN,Jiayin Group Inc. American Depositary Shares,$1.90,-0.11,-5.473%,99426137.00,China,2019,87118,Finance,Finance: Consumer Services
JFU,9F Inc. American Depositary Shares,$2.79,-0.13,-4.452%,32847599.00,China,2019,5413,Finance,Finance: Consumer Services
JG,Aurora Mobile Limited American Depositary Shares,$6.00,-0.3839,-6.014%,35769498.00,China,2018,4798,Technology,Computer Software: Programming Data Processing
JJSF,J & J Snack Foods Corp. Common Stock,$87.01,-1.17,-1.327%,1625486712.00,United States,1986,193744,Consumer Staples,Specialty Foods
JKHY,Jack Henry & Associates Inc. Common Stock,$168.10,0.19,0.113%,11785929405.00,United States,1985,901045,Technology,EDP Services
JL,J-Long Group Limited Class A Ordinary Shares,$4.88,-0.04,-0.813%,17398181.00,Hong Kong,2024,50473,Consumer Discretionary,Clothing/Shoe/Accessory Stores
JLHL,Julong Holding Limited Class A Ordinary Shares,$5.62,-0.38,-6.333%,120541312.00,China,2025,96971,Consumer Discretionary,Military/Government/Technical
JMSB,John Marshall Bancorp Inc. Common Stock,$22.56,-0.28,-1.226%,318369743.00,United States,,31961,Finance,Major Banks
JOUT,Johnson Outdoors Inc. Class A Common Stock,$44.32,-0.68,-1.511%,464458974.00,United States,,30741,Consumer Discretionary,Recreational Games/Products/Toys
JOYY,JOYY Inc. American Depositary Shares,$74.04,-0.60,-0.804%,3829496288.00,Singapore,2012,303192,Technology,EDP Services
JRSH,Jerash Holdings (US) Inc. Common Stock,$5.52,-0.11,-1.954%,70103669.00,United States,2018,112015,Consumer Discretionary,Apparel
JRVR,James River Group Holdings Inc. Common Stock,$4.02,0.01,0.249%,185880901.00,Bermuda,2014,177125,Finance,Property-Casualty Insurers
JSM,Navient Corporation 6% Senior Notes due December 15 2043,$18.23,-0.16,-0.87%,1812627823.00,United States,,6752,Finance,Investment Bankers/Brokers/Service
JSPR,Jasper Therapeutics Inc. Common Stock,$0.6976,-0.0138,-1.94%,23212334.00,United States,2020,854275,Health Care,Biotechnology: Biological Products (No Diagnostic Substances)
JSPRW,Japer Therapeutics Inc. Warrants,$0.0092,0.0002,2.222%,306126.00,United States,2020,7241,Health Care,Biotechnology: Biological Products (No Diagnostic Substances)
JTAI,Jet.AI Inc. Common Stock,$1.45,-0.045,-3.01%,5158405.00,United States,2021,49918,Consumer Discretionary,Transportation Services
JTTT,JATT III Acquisition Corp Ordinary Shares,$11.12,0.13,1.183%,0.00,United States,2026,53636,Finance,Blank Checks
JUNS,Jupiter Neurosciences Inc. Common Stock,$3.35,-0.19,-5.367%,4417045.00,United States,2024,59858,Health Care,Biotechnology: Pharmaceutical Preparations
JVA,Coffee Holding Co. Inc. Common Stock,$3.43,0.01,0.292%,19580495.00,United States,2005,12707,Consumer Staples,Packaged Foods
JWEL,Jowell Global Ltd. Ordinary Shares,$2.36,-0.08,-3.279%,5607669.00,China,2021,11415,Consumer Discretionary,Other Consumer Services
JXG,JX Luxventure Group Inc. Common Stock,$8.59,-0.42,-4.661%,103594343.00,China,2013,11935,Industrials,Office Equipment/Supplies/Services
JYD,Jayud Global Logistics Limited Class A Ordinary Shares,$0.8307,-0.0396,-4.55%,6893896.00,China,2023,12253,Industrials,Integrated Freight & Logistics
JYNT,The Joint Corp. Common Stock,$8.36,-0.08,-0.948%,118236767.00,United States,2014,68489,Miscellaneous,Multi-Sector Companies
JZ,Jianzhi Education Technology Group Company Limited American Depositary Shs,$1.16,-0.12,-9.375%,2793643.00,China,2022,294465,Real Estate,Other Consumer Services
JZXN,Jiuzi Holdings Inc. Ordinary Shares,$1.13,-0.03,-2.586%,58209418.00,China,2021,46295,Consumer Discretionary,Retail-Auto Dealers and Gas Stations
KALA,KALA BIO Inc. Common Stock,$0.5322,-0.1405,-20.886%,10292634.00,United States,2017,9036669,Health Care,Biotechnology: Pharmaceutical Preparations
KALU,Kaiser Aluminum Corporation Common Stock,$163.31,4.53,2.853%,2669970215.00,United States,,289933,Industrials,Metal Fabrications
KARD,Kardigan Inc. Common Stock,$19.60,-0.56,-2.778%,1832672500.00,United States,2026,327093,Health Care,Biotechnology: Pharmaceutical Preparations
KARO,Karooooo Ltd. Ordinary Shares,$65.00,-1.51,-2.27%,2008064500.00,Singapore,2021,56934,Technology,Computer Software: Prepackaged Software
KAZR,Skyline Builders Group Holding Limited Class A Ordinary Shares,$2.11,0.03,1.442%,37857818.00,Hong Kong,2025,55792,Consumer Discretionary,Engineering & Construction
KBON,Karbon Capital Partners Corp. Class A Ordinary Shares,$10.10,-0.02,-0.198%,0.00,United States,2026,45576,Finance,Blank Checks
KBONU,Karbon Capital Partners Corp. Units,$10.30,0.00,0.00%,0.00,United States,2025,2,Finance,Blank Checks
KBONW,Karbon Capital Partners Corp. Warrant,$0.60,0.00,0.00%,0.00,United States,2026,292,Finance,Blank Checks
KBSX,FST Corp. Ordinary Shares,$0.9994,0.0024,0.241%,44739143.00,Taiwan,,10607,Consumer Discretionary,Recreational Games/Products/Toys
KC,Kingsoft Cloud Holdings Limited American Depositary Shares,$10.24,0.00,0.00%,3065545359.00,China,2020,803588,Technology,Computer Software: Prepackaged Software
KCHV,Kochav Defense Acquisition Corp. Class A Ordinary Shares,$10.44,0.00,0.00%,0.00,United States,2025,14,,
KCHVR,Kochav Defense Acquisition Corp. Right,$0.10,0.00,0.00%,0.00,United States,2025,11109,Finance,Blank Checks
KCHVU,Kochav Defense Acquisition Corp. Units,$10.48,0.00,0.00%,0.00,United States,2025,3,,
KDK,Kodiak AI Inc. Common Stock ,$3.50,-0.28,-7.407%,702163595.00,United States,,1117909,Technology,EDP Services
KDKRW,Kodiak AI Inc. Warrants,$0.5799,-0.0402,-6.483%,116338477.00,United States,,32367,Technology,EDP Services
KDP,Keurig Dr Pepper Inc. Common Stock,$31.89,0.03,0.094%,43396742352.00,United States,,7101314,Consumer Staples,Beverages (Production/Distribution)
KE,Kimball Electronics Inc. Common Stock,$23.90,0.28,1.185%,572811181.00,United States,,236819,Technology,Electrical Products
KEEL,Keel Infrastructure Corp. Common Stock,$3.07,-0.08,-2.54%,1895949761.00,Canada,,22649278,Finance,Finance: Consumer Services
KELYA,Kelly Services Inc. Class A Common Stock,$16.69,-0.51,-2.965%,579676129.00,United States,,457598,Consumer Discretionary,Professional Services
KELYB,Kelly Services Inc. Class B Common Stock,$24.19,0.00,0.00%,840165701.00,United States,,304,Consumer Discretionary,Professional Services
KEQU,Kewaunee Scientific Corporation Common Stock,$37.67,0.00,0.00%,108128345.00,United States,,2481,Industrials,Medical Specialities
KEYY,Keystone Acquisition Corp. Class A Ordinary Shares,$9.895,0.00,0.00%,0.00,United States,2026,500019,Finance,Blank Checks
KEYYU,Keystone Acquisition Corp. Unit,$10.05,0.00,0.00%,0.00,United States,2026,17,Finance,Blank Checks
KEYYW,Keystone Acquisition Corp. Warrants,$0.35,0.00,0.00%,0.00,United States,2026,43917,Finance,Blank Checks
KFFB,Kentucky First Federal Bancorp Common Stock,$5.5547,-0.1453,-2.549%,44919276.00,United States,2005,800,Finance,Savings Institutions
KFII,K&F Growth Acquisition Corp. II Class A Ordinary shares,$10.65,0.00,0.00%,0.00,United States,2025,6044,,
KFIIR,K&F Growth Acquisition Corp. II Rights,$0.1198,0.00,0.00%,0.00,United States,2025,11,,
KG,Kestrel Group Ltd.,$7.61,0.54,7.638%,59540868.00,Bermuda,2008,16447,Finance,Property-Casualty Insurers
KGEI,Kolibri Global Energy Inc. Common stock,$6.22,0.19,3.151%,222515512.00,United States,,205475,Energy,Oil & Gas Production
KHC,The Kraft Heinz Company Common Stock,$25.87,0.20,0.779%,30677260619.00,United States,,14092999,Consumer Staples,Packaged Foods
KIDS,OrthoPediatrics Corp. Common Stock,$23.00,-0.31,-1.33%,600525124.00,United States,2017,139818,Health Care,Medical/Dental Instruments
KIDZ,KIDZ AI Inc. Class B Common Stock,$4.05,-0.48,-10.596%,3485742.00,United States,,76437,Real Estate,Other Consumer Services
KIDZW,KIDZ AI Inc. Warrants,$0.0081,-0.0038,-31.933%,6971.00,United States,,136488,Real Estate,Other Consumer Services
KINS,Kingstone Companies Inc. Common Stock,$19.60,-0.05,-0.254%,283732207.00,United States,,52848,Finance,Property-Casualty Insurers
KITT,Nauticus Robotics Inc. Common stock,$0.796,-0.0151,-1.862%,5947680.00,United States,2021,8195118,Industrials,Industrial Machinery/Components
KITTW,Nauticus Robotics Inc. Warrant,$0.0129,-0.0006,-4.444%,96388.00,United States,2021,61181,Industrials,Industrial Machinery/Components
KLAC,KLA Corporation Common Stock,$170.89,-4.56,-2.599%,223275779747.00,United States,1980,10462415,Technology,Electronic Components
KLIC,Kulicke and Soffa Industries Inc. Common Stock,$78.04,-2.02,-2.523%,4083764135.00,Singapore,,564999,Technology,Semiconductors
KLRA,Kailera Therapeutics Inc. Common Stock,$16.41,1.01,6.558%,2127452723.00,United States,2026,1200816,Health Care,Biotechnology: Pharmaceutical Preparations
KLRS,Kalaris Therapeutics Inc. Common Stock,$3.92,-0.12,-2.97%,93315526.00,United States,2020,62314,Health Care,Biotechnology: Biological Products (No Diagnostic Substances)
KLTR,Kaltura Inc. Common Stock,$1.54,-0.04,-2.532%,234928883.00,United States,2021,133183,Technology,Computer Software: Prepackaged Software
KLXE,KLX Energy Services Holdings Inc. Common Stock,$1.55,0.01,0.649%,32973241.00,United States,,824652,Energy,Oilfield Services/Equipment
KLXER,KLX Energy Services Holdings Inc.  Rights ,$0.1375,-0.0023,-1.645%,2946449.00,United States,,258658,Energy,Oilfield Services/Equipment
KMB,Kimberly-Clark Corporation Common Stock,$107.08,-0.87,-0.806%,35612563389.00,United States,,3623183,Consumer Discretionary,Containers/Packaging
KMDA,Kamada Ltd. Ordinary Shares,$8.38,0.15,1.823%,483409149.00,Israel,2013,172130,Health Care,Biotechnology: Pharmaceutical Preparations
KMRK,K-Tech Solutions Company Limited Class A Ordinary Shares,$1.11,-0.04,-3.478%,23421000.00,Hong Kong,2025,15473,Consumer Discretionary,Recreational Games/Products/Toys
KMTS,Kestra Medical Technologies Ltd. Common Stock,$25.12,-0.63,-2.447%,1472110400.00,United States,2025,319354,Health Care,Medical/Dental Instruments
KNDI,Kandi Technologies Group Inc. Ordinary Shares,$0.6051,-0.0062,-1.014%,60761337.00,China,,25088,Industrials,Auto Manufacturing
KNSA,Kiniksa Pharmaceuticals International plc Class A Ordinary Shares,$79.28,0.65,0.827%,6185743751.00,United States,2018,387272,Health Care,Biotechnology: Pharmaceutical Preparations
KOD,Kodiak Sciences Inc Common Stock,$37.06,-0.29,-0.776%,2329200876.00,United States,2018,391635,Health Care,Biotechnology: Biological Products (No Diagnostic Substances)
KOPN,Kopin Corporation Common Stock,$4.21,-0.23,-5.18%,782523705.00,United States,1992,2789682,Technology,Semiconductors
KOSS,Koss Corporation Common Stock,$3.44,-0.02,-0.578%,32564547.00,United States,,20342,Consumer Staples,Consumer Electronics/Appliances
KOYN,CSLM Digital Asset Acquisition Corp III Class A Ordinary Shares,$10.235,0.005,0.049%,0.00,United States,2025,261,,
KOYNU,CSLM Digital Asset Acquisition Corp III Units,$10.29,0.00,0.00%,0.00,United States,2025,1,,
KOYNW,CSLM Digital Asset Acquisition Corp III Warrants,$0.155,-0.025,-13.889%,0.00,United States,2025,5580,,
KPLT,Katapult Holdings Inc. Common Stock,$5.48,0.07,1.294%,27248779.00,United States,2019,60660,Consumer Discretionary,Diversified Commercial Services
KPRX,Kiora Pharmaceuticals Inc.  Common Stock,$2.51,0.00,0.00%,11105211.00,United States,,14483,Health Care,Biotechnology: Pharmaceutical Preparations
KPTI,Karyopharm Therapeutics Inc. Common Stock,$1.85,-0.21,-10.194%,41960701.00,United States,2013,1598021,Health Care,Biotechnology: Pharmaceutical Preparations
KRAQ,KRAKacquisition Corp Class A Ordinary Shares,$10.02,0.03,0.30%,0.00,United States,2026,239791,,
KRAQU,KRAKacquisition Corp Unit,$10.1196,0.0196,0.194%,0.00,United States,2026,1788,,
KRAQW,KRAKacquisition Corp Warrants,$0.45,0.00,0.00%,0.00,United States,2026,1493,,
KRKR,36Kr Holdings Inc. American Depositary Shares,$3.1791,0.0392,1.248%,6274939.00,China,2019,626,Consumer Discretionary,Business Services
KRMD,KORU Medical Systems Inc. Common Stock (DE),$3.30,0.00,0.00%,152367277.00,United States,,132744,Health Care,Medical/Dental Instruments
KRNT,Kornit Digital Ltd. Ordinary Shares,$16.07,-0.77,-4.572%,690472201.00,Israel,2015,276111,Industrials,Industrial Machinery/Components
KRNY,Kearny Financial Corp Common Stock,$9.77,-0.10,-1.013%,634360062.00,United States,2005,781554,Finance,Savings Institutions
KROS,Keros Therapeutics Inc. Common Stock,$11.07,-0.01,-0.09%,219486971.00,United States,2020,96256,Health Care,Biotechnology: Pharmaceutical Preparations
KRRO,Korro Bio Inc. Common Stock,$12.24,-0.25,-2.002%,180241907.00,United States,2019,58983,Health Care,Biotechnology: Pharmaceutical Preparations
KRT,Karat Packaging Inc. Common Stock,$47.45,-0.19,-0.399%,945760161.00,United States,2021,114639,Industrials,Plastic Products
KRUS,Kura Sushi USA Inc. Class A Common Stock,$44.18,-1.48,-3.241%,536779754.00,United States,2019,171662,Consumer Discretionary,Restaurants
KRYS,Krystal Biotech Inc. Common Stock,$363.84,4.48,1.247%,10769240490.00,United States,2017,197530,Health Care,Biotechnology: Biological Products (No Diagnostic Substances)
KSCP,Knightscope Inc. Class A Common Stock,$1.35,-0.04,-2.878%,31884782.00,United States,2022,544493,Telecommunications,Telecommunications Equipment
KSPI,Joint Stock Company Kaspi.kz American Depository Shares,$104.08,-1.06,-1.008%,19705827037.00,Kazakhstan,2024,554883,,
KTCC,Key Tronic Corporation Common Stock,$2.49,-0.02,-0.797%,27039580.00,United States,1983,34174,Technology,Electrical Products
KTOS,Kratos Defense & Security Solutions Inc. Common Stock,$49.34,-1.64,-3.217%,9262170274.00,United States,,3695916,Industrials,Military/Government/Technical
KTTA,Pasithea Therapeutics Corp. Common Stock,$0.563,-0.011,-1.916%,18812334.00,United States,2021,216372,Health Care,Biotechnology: Pharmaceutical Preparations
KTTAW,Pasithea Therapeutics Corp. Warrant,$0.0027,-0.0048,-64.00%,90219.00,United States,2021,30000,Health Care,Biotechnology: Pharmaceutical Preparations
KTWO,K2 Capital Acquisition Corporation Class A Ordinary Share,$10.09,0.00,0.00%,202215304.00,Cayman Islands,2026,3913,Health Care,Medical/Dental Instruments
KTWOR,K2 Capital Acquisition Corporation Rights,$0.24,0.00,0.00%,4809878.00,Cayman Islands,2026,20,,
KTWOU,K2 Capital Acquisition Corporation Units,$10.25,0.04,0.392%,0.00,Cayman Islands,2026,1459,,
KURA,Kura Oncology Inc. Common Stock,$12.89,0.24,1.897%,1146702379.00,United States,,1513401,Health Care,Biotechnology: Pharmaceutical Preparations
KUST,Kustom Entertainment Inc. Common Stock,$0.923,0.0387,4.376%,6005832.00,United States,,8928615,Technology,Radio And Television Broadcasting And Communications Equipment
KVHI,KVH Industries Inc. Common Stock,$6.93,-0.63,-8.333%,125716867.00,United States,1996,119339,Consumer Discretionary,Telecommunications Equipment
KWM,K Wave Media Ltd. Ordinary Shares,$1.25,-0.12,-8.759%,3387816.00,Cayman Islands,,195520,Consumer Discretionary,Movies/Entertainment
KWMWW,K Wave Media Ltd. Warrant,$0.0081,-0.0032,-28.319%,21953.00,Cayman Islands,,5997,Consumer Discretionary,Movies/Entertainment
KXIN,Kaixin Holdings Ordinary Shares,$1.42,-0.07,-4.698%,42648115.00,China,2017,267638,Consumer Discretionary,Retail-Auto Dealers and Gas Stations
KYIV,Kyivstar Group Ltd. Common Shares,$13.08,-0.33,-2.461%,3019696202.00,United Arab Emirates,,862958,Telecommunications,Telecommunications Equipment
KYIVW,Kyivstar Group Ltd. Warrant,$5.10,0.00,0.00%,1177404482.00,United Arab Emirates,,1,Telecommunications,Telecommunications Equipment
KYMR,Kymera Therapeutics Inc. Common Stock,$119.05,0.24,0.202%,9899081073.00,United States,2020,576669,Health Care,Biotechnology: Biological Products (No Diagnostic Substances)
KYNB,Kyntra Bio Inc. Common Stock,$7.95,0.17,2.185%,32190536.00,United States,2014,27586,Health Care,Biotechnology: Pharmaceutical Preparations
KYTX,Kyverna Therapeutics Inc. Common Stock,$8.35,-0.125,-1.475%,516392757.00,United States,2024,1782340,Health Care,Biotechnology: Biological Products (No Diagnostic Substances)
KZIA,Kazia Therapeutics Limited American Depositary Shares,$12.63,-1.14,-8.279%,144321734.00,Australia,,612124,Health Care,Biotechnology: Pharmaceutical Preparations
LAB,Standard BioTools Inc. Common Stock,$0.6505,-0.0082,-1.245%,255372515.00,United States,2011,1973140,Industrials,Biotechnology: Laboratory Analytical Instruments
LABT,Lakewood-Amedex Biotherapeutics Inc. Common Stock,$2.76,0.26,10.40%,6540339.00,United States,,3531977,Health Care,Biotechnology: Pharmaceutical Preparations
LAES,SEALSQ Corp Ordinary Shares,$2.39,-0.10,-4.016%,532429858.00,Switzerland,,7049948,Technology,Semiconductors
LAFA,LaFayette Acquisition Corp. Ordinary Share,$10.15,0.00,0.00%,0.00,France,2025,6,,
LAFAU,LaFayette Acquisition Corp. Unit,$10.22,0.00,0.00%,0.00,France,2025,68,,
LAKE,Lakeland Industries Inc. Common Stock,$11.74,0.11,0.946%,115863985.00,United States,1986,23318,Health Care,Industrial Specialties
LAMR,Lamar Advertising Company Class A Common Stock,$151.08,2.07,1.389%,15342126259.00,United States,1996,619181,Real Estate,Real Estate Investment Trusts
LAND,Gladstone Land Corporation Common Stock,$9.56,0.38,4.139%,412385638.00,United States,2013,1118848,Real Estate,Real Estate Investment Trusts
LANDO,Gladstone Land Corporation 6.00% Series B Cumulative Redeemable Preferred Stock,$20.98,-0.06,-0.285%,905005302.00,United States,,3655,Real Estate,Real Estate Investment Trusts
LANDP,Gladstone Land Corporation 6.00% Series C Cumulative Redeemable Preferred Stock,$20.5619,-0.0181,-0.088%,886969900.00,United States,,30494,Real Estate,Real Estate Investment Trusts
LARK,Landmark Bancorp Inc. Common Stock,$31.535,-0.245,-0.771%,192380340.00,United States,,9616,Finance,Major Banks
LASE,Laser Photonics Corporation Common Stock,$1.41,-0.03,-2.083%,70750580.00,United States,2022,735607,Miscellaneous,Industrial Machinery/Components
LASR,nLIGHT Inc. Common Stock,$40.32,-1.95,-4.613%,2326068743.00,United States,2018,2701300,Technology,Semiconductors
LATA,Galata Acquisition Corp. II Class A Ordinary Shares,$10.18,0.00,0.00%,0.00,United States,2025,11,Finance,Blank Checks
LATAU,Galata Acquisition Corp. II Units,$10.21,0.00,0.00%,0.00,United States,2025,3,,
LAUR,Laureate Education Inc. Common Stock,$37.26,-0.27,-0.719%,5132541154.00,United States,2017,1137255,Real Estate,Other Consumer Services
LBGJ,Li Bang International Corporation Class A Ordinary Shares,$3.15,0.12,3.96%,2164759.00,China,2024,131728,Industrials,Industrial Machinery/Components
LBRX,LB Pharmaceuticals Inc Common Stock,$47.10,-0.16,-0.339%,1519407143.00,United States,2025,201998,Health Care,Biotechnology: Pharmaceutical Preparations
LBTYA,Liberty Global Ltd. Class A Common Shares,$10.54,-0.21,-1.953%,3595062946.00,United Kingdom,,1542438,Telecommunications,Cable & Other Pay Television Services
LBTYB,Liberty Global Ltd. Class B Common Shares,$12.55,0.00,0.00%,4280648953.00,United Kingdom,,175,Telecommunications,Cable & Other Pay Television Services
LBTYK,Liberty Global Ltd. Class C Common Shares,$10.35,-0.14,-1.335%,3530256308.00,United Kingdom,,939312,Telecommunications,Cable & Other Pay Television Services
LCCC,Lakeshore Acquisition III Corp. Ordinary Shares,$10.49,0.00,0.00%,0.00,United States,2025,6,Finance,Blank Checks
LCFY,Locafy Limited Ordinary Share,$2.56,0.04,1.587%,4684035.00,Australia,2022,10682,Technology,Computer Software: Programming Data Processing
LCFYW,Locafy Limited Warrant,$3.95,0.00,0.00%,7227319.00,Australia,2022,8,Technology,Computer Software: Programming Data Processing
LCID,Lucid Group Inc. Common Stock,$4.55,-0.30,-6.186%,1793019301.00,United States,,11682800,Industrials,Auto Manufacturing
LCNB,LCNB Corporation Common Stock,$18.84,-0.27,-1.413%,268563974.00,United States,,18834,Finance,Major Banks
LCUT,Lifetime Brands Inc. Common Stock,$8.99,-0.46,-4.868%,206669636.00,United States,1991,117724,Consumer Discretionary,Industrial Machinery/Components
LE,Lands' End Inc. Common Stock,$11.81,-0.02,-0.169%,363049639.00,United States,,272678,Consumer Discretionary,Clothing/Shoe/Accessory Stores
LECO,Lincoln Electric Holdings Inc. Common Shares,$268.68,-12.55,-4.463%,14644606791.00,United States,,458625,Industrials,Industrial Machinery/Components
LEDS,SemiLEDS Corporation Common Stock,$2.00,0.09,4.712%,16546806.00,Taiwan,2010,6630,Technology,Semiconductors
LEE,Lee Enterprises Incorporated Common Stock,$7.81,-0.19,-2.375%,174100864.00,United States,,46248,Consumer Discretionary,Newspapers/Magazines
LEGH,Legacy Housing Corporation Common Stock (TX),$27.67,-0.46,-1.635%,658036900.00,United States,2018,54997,Consumer Discretionary,Homebuilding
LEGN,Legend Biotech Corporation American Depositary Shares,$21.13,0.35,1.684%,4109540167.00,United States,2020,1463419,Health Care,Biotechnology: Pharmaceutical Preparations
LENZ,LENZ Therapeutics Inc. Common Stock,$5.23,0.02,0.384%,164328394.00,United States,2021,604005,Health Care,Biotechnology: Biological Products (No Diagnostic Substances)
LESL,Leslie's Inc. Common Stock,$0.5028,-0.0126,-2.445%,4708961.00,United States,2020,350605,Consumer Discretionary,Other Specialty Stores
LEXX,Lexaria Bioscience Corp. Common Stock,$12.475,1.195,10.594%,20615162.00,Canada,,65428,Health Care,Biotechnology: Pharmaceutical Preparations
LFAC,Leapfrog Acquisition Corporation Class A Ordinary Shares,$10.07,0.00,0.00%,0.00,United States,2026,19,Finance,Blank Checks
LFACU,Leapfrog Acquisition Corporation Units,$10.18,0.00,0.00%,0.00,United States,2025,1,,
LFCR,Lifecore Biomedical Inc. Common Stock,$4.39,-0.07,-1.57%,166174933.00,United States,,81276,Health Care,Biotechnology: Pharmaceutical Preparations
LFMD,LifeMD Inc. Common Stock,$3.10,0.01,0.324%,149422595.00,United States,,748967,Health Care,Medical/Nursing Services
LFMDP,LifeMD Inc. 8.875% Series A Cumulative Perpetual Preferred Stock,$23.612,0.462,1.996%,1138118163.00,United States,,4447,Health Care,Medical/Nursing Services
LFS,LEIFRAS Co. Ltd. American Depositary Shares  ,$2.20,-0.04,-1.786%,57553362.00,Japan,2025,108125,Real Estate,Other Consumer Services
LFST,LifeStance Health Group Inc. Common Stock,$12.60,0.24,1.942%,4813900673.00,United States,2021,3465863,Health Care,Medical/Nursing Services
LFTO,Liftoff Mobile Inc. Common Stock,$18.73,0.15,0.807%,3171579501.00,United States,2026,815243,Technology,EDP Services
LFUS,Littelfuse Inc. Common Stock,$408.91,-3.27,-0.793%,10385801636.00,United States,,207409,Energy,Electrical Products
LFVN,Lifevantage Corporation Common Stock (Delaware),$6.23,-0.05,-0.796%,78045378.00,United States,,62646,Health Care,Biotechnology: Pharmaceutical Preparations
LFWD,Lifeward Ltd. Ordinary Shares,$7.20,-0.45,-5.882%,20390515.00,Israel,2014,5574,Health Care,Industrial Specialties
LGCL,Lucas GC Limited Class A Ordinary Shares,$4.35,-0.0375,-0.855%,186138257.00,China,2024,780093,Technology,Computer Software: Programming Data Processing
LGHL,Lion Group Holding Ltd. American Depositary Share,$0.4735,-0.0338,-6.663%,436983.00,China,,900347,Finance,Investment Bankers/Brokers/Service
LGIH,LGI Homes Inc. Common Stock,$53.74,-2.20,-3.933%,1249362137.00,United States,2013,345712,Consumer Discretionary,Homebuilding
LGN,Legence Corp. Class A Common stock,$51.60,-1.97,-3.677%,5576694768.00,United States,2025,831923,Consumer Discretionary,Engineering & Construction
LGND,Ligand Pharmaceuticals Incorporated Common Stock,$284.27,0.17,0.06%,5667095570.00,United States,,185057,Health Care,Biotechnology: Pharmaceutical Preparations
LGO,Largo Inc. Common Shares,$0.687,-0.0372,-5.137%,70853058.00,Canada,,436085,Industrials,Mining & Quarrying of Nonmetallic Minerals (No Fuels)
LGVN,Longeveron Inc. Class A Common Stock,$6.75,-0.15,-2.174%,21520343.00,United States,2021,32558,Health Care,Biotechnology: Pharmaceutical Preparations
LHAI,Linkhome Holdings Inc. Common stock,$0.8208,-0.0284,-3.344%,13567824.00,United States,2025,40863,Finance,Real Estate
LHSW,Lianhe Sowell International Group Ltd Class A Ordinary Shares,$2.88,-1.01,-25.964%,9409758.00,China,2025,472512,Technology,Computer Software: Prepackaged Software
LI,Li Auto Inc. American Depositary Shares,$11.90,-0.20,-1.653%,10819034405.00,China,2020,2612813,Industrials,Auto Manufacturing
LICN,Lichen International Limited Class A Ordinary Shares,$1.17,-0.06,-4.878%,19231085.00,China,2023,7405,Consumer Discretionary,Professional Services
LIDR,AEye Inc. Class A Common Stock,$1.47,0.32,27.826%,68337819.00,United States,2021,129391409,Consumer Discretionary,Auto Parts:O.E.M.
LIEN,Chicago Atlantic BDC Inc. Common Stock,$10.27,-0.07,-0.677%,234367459.00,United States,2022,11010,Finance,Finance: Consumer Services
LIF,Life360 Inc. Common Stock,$41.87,-0.99,-2.31%,3411583050.00,United States,2024,562174,Technology,EDP Services
LIFE,Ethos Technologies Inc. Class A Common Stock,$35.00,-1.33,-3.661%,2231580890.00,United States,2026,1074897,Finance,Specialty Insurers
LILA,Liberty Latin America Ltd. Class A Common Stock,$8.56,-0.05,-0.581%,1676904000.00,United States,,278246,Telecommunications,Cable & Other Pay Television Services
LILAK,Liberty Latin America Ltd. Class C Common Stock,$8.47,-0.08,-0.936%,1659273000.00,United States,,914402,Telecommunications,Cable & Other Pay Television Services
LILAP,Liberty Latin America Ltd. 9.0% Fixed Rate Cumulative Perpetual Redeemable Series A Preference Shares,$20.79,0.2125,1.033%,4072761000.00,United States,,67100,Telecommunications,Cable & Other Pay Television Services
LIME,Neutron Holdings Inc. Common Stock,$39.99,-0.39,-0.966%,2598717758.00,United States,2026,252693,Technology,Computer Software: Prepackaged Software
LIMN,Liminatus Pharma Inc. Class A Common Stock,$3.645,-0.215,-5.57%,4895993.00,United States,,53351,Health Care,Biotechnology: Biological Products (No Diagnostic Substances)
LIMNW,Liminatus Pharma Inc. Warrants,$0.0552,0.0117,26.897%,74145.00,United States,,2050,Health Care,Biotechnology: Biological Products (No Diagnostic Substances)
LIN,Linde plc Ordinary Shares,$486.76,-2.82,-0.576%,224386704142.00,United States,,1641641,Basic Materials,Major Chemicals
LINC,Lincoln Educational Services Corporation Common Stock,$24.30,-0.86,-3.418%,770831940.00,United States,2005,1476862,Real Estate,Other Consumer Services
LIND,Lindblad Expeditions Holdings Inc. Common Stock,$25.60,-0.96,-3.614%,1679864038.00,United States,2013,1987004,Consumer Discretionary,Transportation Services
LINE,Lineage Inc. Common Stock,$38.79,-0.46,-1.172%,8832871365.00,United States,2024,695167,Real Estate,Real Estate Investment Trusts
LINK,Interlink Electronics Inc. Common Stock,$5.48,-0.34,-5.842%,86328681.00,United States,,23506,Technology,Computer peripheral equipment
LIQT,LiqTech International Inc. Common Stock,$0.5757,-0.0097,-1.657%,18968072.00,Denmark,,21123,Technology,Industrial Machinery/Components
LITE,Lumentum Holdings Inc. Common Stock,$868.95,-45.81,-5.008%,77944815000.00,United States,,3834909,Telecommunications,Telecommunications Equipment
LITS,Lite Strategy Inc. Common Stock,$0.994,0.0085,0.863%,31691352.00,United States,2003,82992,Health Care,Biotechnology: Pharmaceutical Preparations
LIVE,Live Ventures Incorporated Common Stock,$9.21,-0.13,-1.392%,28289952.00,United States,,15461,Consumer Discretionary,Other Specialty Stores
LIVN,LivaNova PLC Ordinary Shares,$80.16,0.35,0.439%,4416295521.00,United Kingdom,,585446,Health Care,Biotechnology: Electromedical & Electrotherapeutic Apparatus
LKFN,Lakeland Financial Corporation Common Stock,$58.82,-0.27,-0.457%,1462138149.00,United States,,134391,Finance,Major Banks
LKFT,Lakefront Biotherapeutics American Depositary Shares,$28.55,0.05,0.175%,1881361377.00,Belgium,2015,149044,Health Care,Biotechnology: Pharmaceutical Preparations
LKQ,LKQ Corporation Common Stock,$24.71,-0.39,-1.554%,6251681545.00,United States,2003,2782078,Consumer Discretionary,Motor Vehicles
LKSP,Lake Superior Acquisition Corp. Class A Ordinary Shares,$10.20,0.00,0.00%,0.00,United States,2025,53,,
LKSPR,Lake Superior Acquisition Corp. Rights,$1.10,0.00,0.00%,0.00,United States,2025,100,,
LLYVA,Liberty Live Holdings Inc. Series A Liberty Live Group Common Stock,$97.38,-2.10,-2.111%,8959483515.00,United States,,117389,Consumer Discretionary,Services-Misc. Amusement & Recreation
LLYVK,Liberty Live Holdings Inc. Series C Liberty Live Group Common Stock,$101.08,-2.44,-2.357%,9299903406.00,United States,,243124,Consumer Discretionary,Services-Misc. Amusement & Recreation
LMAT,LeMaitre Vascular Inc. Common Stock,$81.08,0.80,0.997%,1854239358.00,United States,2006,346575,Health Care,Medical/Dental Instruments
LMB,Limbach Holdings Inc. Common Stock,$44.79,3.57,8.661%,534120436.00,United States,,885354,Consumer Discretionary,Engineering & Construction
LMNR,Limoneira Co Common Stock,$14.21,0.45,3.27%,257655819.00,United States,,68332,Consumer Staples,Farming/Seeds/Milling
LMRI,Lumexa Imaging Holdings Inc. Common Stock,$11.64,-0.03,-0.257%,1118312721.00,United States,2025,196749,Health Care,Medical Specialities
LNAI,Lunai Bioworks Inc. Common Stock,$2.15,-0.125,-5.495%,9747864.00,United States,,22611,Health Care,Biotechnology: Pharmaceutical Preparations
LNKS,Linkers Industries Limited Class A Ordinary Shares,$0.8399,0.0266,3.271%,1349394.00,Malaysia,2024,28785,Technology,Electrical Products
LNSR,LENSAR Inc. Common Stock,$8.46,0.07,0.834%,103938418.00,United States,,60487,Health Care,Medical/Dental Instruments
LNT,Alliant Energy Corporation Common Stock,$67.92,-0.06,-0.088%,17610616756.00,United States,,2843913,Utilities,Power Generation
LNTH,Lantheus Holdings Inc. Common Stock,$100.88,-0.08,-0.079%,6584676585.00,United States,2015,1380373,Health Care,Biotechnology: In Vitro & In Vivo Diagnostic Substances
LNZA,LanzaTech Global Inc. Common Stock,$6.29,-0.05,-0.789%,82330835.00,United States,2021,89236,Industrials,Major Chemicals
LOAN,Manhattan Bridge Capital Inc,$4.08,0.08,2.00%,46616077.00,United States,,16443,Real Estate,Real Estate Investment Trusts
LOBO,LOBO TECHNOLOGIES LTD. Class A Ordinary Shares,$0.5817,-0.0001,-0.017%,8051855.00,China,2024,25687,Consumer Discretionary,Motor Vehicles
LOCO,El Pollo Loco Holdings Inc. Common Stock,$14.99,-0.28,-1.834%,456189726.00,United States,2014,154933,Consumer Discretionary,Restaurants
LOGI,Logitech International S.A. Ordinary Shares,$98.07,-0.62,-0.628%,14042479719.00,United States,1997,718557,Technology,Computer peripheral equipment
LONA,LeonaBio Inc. Common Stock,$7.59,-0.33,-4.167%,71510422.00,United States,2020,154391,Health Care,Biotechnology: Biological Products (No Diagnostic Substances)
LOOP,Loop Industries Inc. Common Stock,$0.4969,0.0149,3.091%,24040206.00,Canada,,198151,Industrials,Major Chemicals
LOPE,Grand Canyon Education Inc. Common Stock,$150.09,1.96,1.323%,3912101403.00,United States,2008,217854,Real Estate,Other Consumer Services
LOT,Lotus Technology Inc. American Depositary Shares,$1.21,0.06,5.217%,776928749.00,China,,311332,Industrials,Auto Manufacturing
LOTWW,Lotus Technology Inc. Warrants,$0.0561,0.003,5.65%,36021242.00,China,,9088,Industrials,Auto Manufacturing
LOVE,The Lovesac Company Common Stock,$15.38,-0.215,-1.379%,225138869.00,United States,2018,224637,Consumer Discretionary,Other Specialty Stores
LPAA,Launch One Acquisition Corp. Class A Ordinary shares,$10.75,0.00,0.00%,0.00,United States,2024,11,,
LPAAU,Launch One Acquisition Corp. Unit,$11.11,0.00,0.00%,0.00,United States,2024,1,Finance,Blank Checks
LPAAW,Launch One Acquisition Corp. Warrant,$0.15,0.00,0.00%,0.00,United States,2024,2,Finance,Blank Checks
LPBB,Launch Two Acquisition Corp. Class A Ordinary Shares,$10.805,0.005,0.046%,0.00,United States,2024,58463,,
LPBBW,Launch Two Acquisition Corp. Warrant,$0.2657,0.0056,2.153%,0.00,United States,2024,313,Finance,Blank Checks
LPCN,Lipocine Inc. Common Stock,$2.30,0.06,2.679%,18961782.00,United States,,10019,Health Care,Biotechnology: Pharmaceutical Preparations
LPCV,Launchpad Cadenza Acquisition Corp I Class A Ordinary Share,$10.02,0.00,0.00%,0.00,United States,2026,599,,
LPCVU,Launchpad Cadenza Acquisition Corp I Unit,$10.10,0.00,0.00%,0.00,United States,2025,1,Finance,Blank Checks
LPCVW,Launchpad Cadenza Acquisition Corp I Warrant,$0.33,0.00,0.00%,0.00,United States,2026,198,,
LPLA,LPL Financial Holdings Inc. Common Stock,$357.63,-12.505,-3.378%,28160605173.00,United States,2010,1353707,Finance,Investment Bankers/Brokers/Service
LPSN,LivePerson Inc. Common Stock,$2.97,-0.13,-4.194%,36641772.00,United States,2000,394646,Technology,Computer Software: Prepackaged Software
LPTH,LightPath Technologies Inc. Class A Common Stock,$9.47,-0.59,-5.865%,594615684.00,United States,1996,4682337,Technology,Semiconductors
LQDA,Liquidia Corporation Common Stock,$66.91,-1.26,-1.848%,5989039897.00,United States,2018,1410107,Health Care,Biotechnology: Pharmaceutical Preparations
LQDT,Liquidity Services Inc. Common Stock,$39.33,-2.35,-5.638%,1232272536.00,United States,2006,406297,Consumer Discretionary,Business Services
LRCX,Lam Research Corporation Common Stock,$290.20,-11.29,-3.745%,363133354200.00,United States,1984,8249443,Technology,Industrial Machinery/Components
LRE,Lead Real Estate Co. Ltd American Depositary Shares,$1.26,-0.01,-0.787%,17188794.00,Japan,2023,1535,Consumer Discretionary,Homebuilding
LRHC,La Rosa Holdings Corp. Common Stock,$0.4302,-0.0387,-8.253%,1427332.00,United States,2023,222223,Finance,Real Estate
LRMR,Larimar Therapeutics Inc. Common Stock,$3.94,0.12,3.141%,409298772.00,United States,2014,755363,Health Care,Biotechnology: Pharmaceutical Preparations
LSAK,Lesaka Technologies Inc. Common Stock,$4.47,-0.09,-1.974%,383511669.00,South Africa,,49911,Finance,Investment Bankers/Brokers/Service
LSBK,Lake Shore Bancorp Inc. Common Stock,$17.25,0.01,0.058%,135477843.00,United States,2006,6653,Finance,Savings Institutions
LSCC,Lattice Semiconductor Corporation Common Stock,$111.68,-3.66,-3.173%,15861940777.00,United States,,1062620,Technology,Semiconductors
LSE,Leishen Energy Holding Co. Ltd. Class A Ordinary Shares,$5.30,-0.0001,-0.002%,90232500.00,China,2024,2421,Consumer Discretionary,Oil and Gas Field Machinery
LSTA,Lisata Therapeutics Inc. Common Stock,$1.57,0.08,5.369%,14147171.00,United States,,475496,Health Care,Biotechnology: Pharmaceutical Preparations
LSTR,Landstar System Inc. Common Stock,$175.41,-5.22,-2.89%,5952876014.00,United States,1993,263954,Industrials,Trucking Freight/Courier Services
LTBR,Lightbridge Corporation Common Stock,$7.43,-0.10,-1.328%,278313616.00,United States,,574673,Basic Materials,Major Chemicals
LTGO,Latigo Biotherapeutics Inc. Common Stock,$22.26,0.24,1.09%,1407678548.00,United States,2026,286646,Health Care,Biotechnology: Pharmaceutical Preparations
LTGR,Long Table Growth Corp. Class A Ordinary Shares,$9.94,0.00,0.00%,0.00,United States,2026,10024,Finance,Blank Checks
LTGRU,Long Table Growth Corp. Units,$10.09,-0.01,-0.099%,0.00,United States,2026,1000,Finance,Blank Checks
LTGRW,Long Table Growth Corp. Warrants,$0.26,-0.01,-3.704%,0.00,United States,2026,1203,,
LTRN,Lantern Pharma Inc. Common Stock,$2.02,-0.01,-0.493%,25823975.00,United States,2020,199415,Health Care,Biotechnology: Pharmaceutical Preparations
LTRX,Lantronix Inc. Common Stock,$5.15,-0.15,-2.83%,240532357.00,United States,2000,1220540,Telecommunications,Computer Communications Equipment
LTRYW,Sports Entertainment Gaming Global Corporation Warrants,$0.0058,-0.0009,-13.433%,18905.00,United States,2023,162204,Technology,Computer Software: Prepackaged Software
LUCD,Lucid Diagnostics Inc. Common Stock,$0.9741,-0.0045,-0.46%,197979951.00,United States,2021,448981,Health Care,Medical/Dental Instruments
LUCY,Innovative Eyewear Inc. Common Stock,$0.9251,0.025,2.777%,7964367.00,United States,2022,383502,Health Care,Ophthalmic Goods
LUCYW,Innovative Eyewear Inc. Series A Warrants 8/16/27,$0.0317,-0.0046,-12.672%,272912.00,United States,2022,5660,Health Care,Ophthalmic Goods
LULU,lululemon athletica inc. Common Stock,$118.00,-2.26,-1.879%,12795678926.00,Canada,2007,3806821,Consumer Discretionary,Apparel
LUNG,Pulmonx Corporation Common Stock,$2.24,-0.14,-5.882%,96204123.00,United States,2020,524807,Health Care,Medical/Dental Instruments
LUNR,Intuitive Machines Inc. Class A Common Stock,$14.72,-0.64,-4.167%,3369762281.00,United States,2021,4713054,Industrials,Industrial Machinery/Components
LVLU,Lulu's Fashion Lounge Holdings Inc. Common Stock,$12.12,-1.16,-8.735%,34803501.00,United States,2021,76226,Consumer Discretionary,Catalog/Specialty Distribution
LVO,LiveOne Inc. Common Stock,$3.65,-0.22,-5.685%,50048030.00,United States,,110488,Consumer Discretionary,Restaurants
LWAC,LightWave Acquisition Corp. Class A Ordinary Shares,$10.34,0.01,0.097%,0.00,United States,2025,10525,Finance,Blank Checks
LWACU,LightWave Acquisition Corp. Units,$10.36,0.00,0.00%,0.00,United States,2025,301,Finance,Blank Checks
LWACW,LightWave Acquisition Corp. Warrants,$0.2098,-0.0004,-0.19%,0.00,United States,2025,148,Finance,Blank Checks
LWAY,Lifeway Foods Inc. Common Stock,$25.91,-0.12,-0.461%,391415815.00,United States,,69180,Consumer Staples,Packaged Foods
LWLG,Lightwave Logic Inc. Common Stock,$5.13,-0.30,-5.525%,790878018.00,United States,,2628861,Industrials,Containers/Packaging
LX,LexinFintech Holdings Ltd. American Depositary Shares,$0.8816,-0.1884,-17.607%,145277342.00,China,2017,23560689,Finance,Finance: Consumer Services
LXEH,Lixiang Education Holding Co. Ltd. American Depositary Shares,$1.52,-0.16,-9.524%,2913334.00,China,2020,13369,Real Estate,Other Consumer Services
LXEO,Lexeo Therapeutics Inc. Common Stock,$4.70,-0.06,-1.261%,385617399.00,United States,2023,420482,Health Care,Biotechnology: Biological Products (No Diagnostic Substances)
LXRX,Lexicon Pharmaceuticals Inc. Common Stock,$2.19,-0.06,-2.667%,974453495.00,United States,,1987387,Health Care,Biotechnology: Pharmaceutical Preparations
LYEL,Lyell Immunopharma Inc. Common Stock,$14.525,0.205,1.432%,355937173.00,United States,2021,67024,Health Care,Biotechnology: Pharmaceutical Preparations
LYFT,Lyft Inc. Class A Common Stock,$16.77,-0.13,-0.769%,6348119976.00,United States,2019,10264294,Consumer Discretionary,Business Services
LYTS,LSI Industries Inc. Common Stock,$19.62,0.03,0.153%,720297366.00,United States,1985,436091,Consumer Discretionary,Building Products
LZ,LegalZoom.com Inc. Common Stock,$6.14,-0.09,-1.445%,1051565946.00,United States,2021,2682889,Technology,EDP Services
LZMH,LZ Technology Holdings Limited Class B Ordinary Shares,$1.175,-0.045,-3.689%,10549738.00,China,2025,15605,Technology,EDP Services
MAAS,Maase Inc. Class A Ordinary Shares,$16.33,0.02,0.123%,7220727189.00,China,2019,69389,Finance,Investment Managers
MACI,Melar Acquisition Corp. I Class A Ordinary Shares,$10.95,0.00,0.00%,0.00,United States,2024,29,,
MAKO,Mako Mining Corp Common Stock,$9.57,-0.49,-4.871%,838388549.00,Canada,,168722,Basic Materials,Precious Metals
MAMA,Mama's Creations Inc. Common Stock,$15.60,-0.63,-3.882%,725357740.00,United States,,441041,Consumer Staples,Specialty Foods
MAMO,Massimo Group Common Stock,$0.9901,-0.0093,-0.931%,41228705.00,United States,2024,13165,Consumer Discretionary,Industrial Specialties
MANH,Manhattan Associates Inc. Common Stock,$216.21,-6.98,-3.127%,12606117996.00,United States,1998,574408,Technology,Computer Software: Prepackaged Software
MAR,Marriott International Class A Common Stock,$334.55,-7.21,-2.11%,87239361650.00,United States,,1676115,Consumer Discretionary,Hotels/Resorts
MARA,MARA Holdings Inc. Common Stock,$10.23,-0.54,-5.014%,3951841808.00,United States,,30173316,Finance,Finance: Consumer Services
MARPS,Marine Petroleum Trust Units of Beneficial Interest,$4.40,-0.1975,-4.296%,8800000.00,United States,,11582,Energy,Oil & Gas Production
MASK,3 E Network Technology Group Ltd Class A Ordinary Shares,$1.37,-0.045,-3.18%,4958146.00,China,2025,955521,Technology,EDP Services
MASS,908 Devices Inc. Common Stock,$10.65,-0.02,-0.187%,440203958.00,United States,2020,380545,Industrials,Industrial Machinery/Components
MAT,Mattel Inc. Common Stock,$14.59,-0.36,-2.408%,4168363000.00,United States,,2904873,Consumer Discretionary,Recreational Games/Products/Toys
MATH,Metalpha Technology Holding Limited Ordinary Shares,$0.80,0.028,3.627%,37690589.00,China,2017,32679,Finance,Finance: Consumer Services
MATW,Matthews International Corporation Class A Common Stock,$20.37,-0.40,-1.926%,635812334.00,United States,1994,1087457,Telecommunications,Metal Fabrications
MAYS,J. W. Mays Inc. Common Stock,$42.60,0.00,0.00%,85872228.00,United States,,525,Real Estate,Building operators
MAZE,Maze Therapeutics Inc. Common Stock,$26.53,-0.04,-0.151%,1473719427.00,United States,2025,326676,Health Care,Biotechnology: Biological Products (No Diagnostic Substances)
MB,MasterBeef Group Ordinary Shares,$4.03,-0.12,-2.892%,69134650.00,Hong Kong,2025,213143,Consumer Discretionary,Restaurants
MBAI,MBody AI Ltd. Ordinary Share,$6.56,-0.05,-0.756%,100325701.00,Israel,2015,34988,Health Care,Medical Electronics
MBBC,Marathon Bancorp Inc. Common Stock,$15.12,-0.14,-0.917%,44615280.00,United States,,4199,Finance,Banks
MBIN,Merchants Bancorp Common Stock,$51.74,-0.90,-1.71%,2376836001.00,United States,2017,206176,Finance,Major Banks
MBINL,Merchants Bancorp Depositary Shares Each Representing a 1/40thInterest in a Share of 7.25% Fixed Rate Series E Non-CumulativePerpetual Preferred Stock without par value,$25.07,-0.02,-0.08%,1151667540.00,United States,,24783,Finance,Major Banks
MBINM,Merchants Bancorp Depositary Shares Each Representing a 1/40th Interest in a Share of 8.25% Fixed-Rate Reset Series D Non-Cumulative Perpetual Preferred Stock,$25.645,0.065,0.254%,1178081933.00,United States,,9198,Finance,Major Banks
MBINN,Merchants Bancorp Depositary Shares Preferred Series C,$19.95,0.03,0.151%,916464596.00,United States,,37458,Finance,Major Banks
MBIO,Mustang Bio Inc. Common Stock,$0.5481,0.0106,1.972%,4153231.00,United States,,18067,Health Care,Biotechnology: Pharmaceutical Preparations
MBLY,Mobileye Global Inc. Class A Common Stock,$8.36,-0.17,-1.993%,7107568319.00,Israel,2022,2705320,Technology,Computer Software: Prepackaged Software
MBNKO,Medallion Bank Fixed-Rate Reset Non-Cumulative Perpetual Preferred Stock Series G par value $1.00 per share,$25.67,-0.07,-0.272%,25670000.00,United States,,729,Finance,Commercial Banks
MBOT,Microbot Medical Inc. Common Stock,$1.47,-0.02,-1.342%,98732257.00,Israel,,326835,Health Care,Medical/Dental Instruments
MBRX,Moleculin Biotech Inc. Common Stock,$0.65,0.0053,0.822%,12660297.00,United States,2016,262419,Health Care,Biotechnology: Pharmaceutical Preparations
MBUU,Malibu Boats Inc. Class A Common Stock,$26.39,-0.57,-2.114%,519283314.00,United States,2014,229347,Industrials,Marine Transportation
MBVI,M3-Brigade Acquisition VI Corp. Class A Ordinary Shares,$10.21,0.00,0.00%,0.00,United States,2025,108,,
MBVIW,M3-Brigade Acquisition VI Corp. Warrant,$0.35,0.00,0.00%,0.00,United States,2025,2064,,
MBWM,Mercantile Bank Corporation Common Stock,$59.14,-0.62,-1.037%,1022289841.00,United States,1998,105307,Finance,Major Banks
MBX,MBX Biosciences Inc. Common Stock,$60.93,-0.67,-1.088%,2934394649.00,United States,2024,416132,Health Care,Biotechnology: Pharmaceutical Preparations
MCAH,Mountain Crest Acquisition 6 Corp. Ordinary Shares,$10.00,0.00,0.00%,0.00,United States,2026,806,Finance,Blank Checks
MCAHU,Mountain Crest Acquisition 6 Corp. Units,$10.42,0.00,0.00%,0.00,United States,2026,1,Finance,Blank Checks
MCBS,MetroCity Bankshares Inc. Common Stock,$34.63,-0.19,-0.546%,996693960.00,United States,2019,69621,Finance,Major Banks
MCFT,MasterCraft Boat Holdings Inc. Common Stock,$23.01,-0.27,-1.16%,374600269.00,United States,2015,223980,Industrials,Marine Transportation
MCGA,Yorkville Acquisition Corp. Class A Ordinary Share,$10.34,0.005,0.048%,0.00,United States,2025,2871,Utilities,Electric Utilities: Central
MCGAW,Yorkville Acquisition Corp. Warrant,$0.3329,-0.017,-4.859%,0.00,United States,2025,1971,,
MCHB,Mechanics Bancorp Class A Common Stock,$15.52,-0.22,-1.398%,3419243187.00,United States,2012,449302,Finance,Major Banks
MCHP,Microchip Technology Incorporated Common Stock,$71.41,-2.04,-2.777%,38776250624.00,United States,1993,10116530,Technology,Semiconductors
MCHPP,Microchip Technology Incorporated Depositary Shares Each Representing a 1/20th Interest in a Share of 7.50% Series A Mandatory Convertible Preferred Stock,$61.87,-1.5525,-2.448%,33595947712.00,United States,,2492807,Technology,Semiconductors
MCHX,Marchex Inc. Class B Common Stock,$1.76,-0.05,-2.762%,78034686.00,United States,2004,8397,Technology,Computer Software: Prepackaged Software
MCRB,Seres Therapeutics Inc. Common Stock,$5.18,0.27,5.499%,52031966.00,United States,2015,49174,Health Care,Biotechnology: Pharmaceutical Preparations
MCRI,Monarch Casino & Resort Inc. Common Stock,$117.53,-2.62,-2.181%,2106433893.00,United States,1993,214263,Consumer Discretionary,Hotels/Resorts
MDAI,Spectral AI Inc. Class A Common Stock,$1.55,-0.02,-1.274%,49886638.00,United States,2021,79647,Health Care,Medical/Dental Instruments
MDAIW,Spectral AI Inc. Warrants,$0.47,-0.06,-11.321%,15126916.00,United States,2021,2994,Health Care,Medical/Dental Instruments
MDB,MongoDB Inc. Class A Common Stock,$434.21,-19.16,-4.226%,34924347023.00,United States,2017,3529977,Technology,Computer Software: Prepackaged Software
MDBH,MDB Capital Holdings LLC Class A common,$2.85,-0.09,-3.061%,15500101.00,United States,2023,227,Finance,Finance: Consumer Services
MDCX,Medicus Pharma Ltd. Common Stock  ,$0.2512,-0.0106,-4.049%,15114213.00,Canada,,479095,Health Care,Biotechnology: Pharmaceutical Preparations
MDCXW,Medicus Pharma Ltd. Warrant,$0.3879,0.00,0.00%,23339184.00,Canada,,54,Health Care,Biotechnology: Pharmaceutical Preparations
MDGL,Madrigal Pharmaceuticals Inc. Common Stock,$538.71,-1.32,-0.244%,12446423717.00,United States,2007,165811,Health Care,Biotechnology: Pharmaceutical Preparations
MDIA,Mediaco Holding Inc. Class A Common Stock ,$1.1345,0.0445,4.083%,95320529.00,United States,,2581,Consumer Discretionary,Broadcasting
MDLN,Medline Inc. Class A Common Stock,$35.11,0.08,0.228%,46159380044.00,United States,2025,7943873,Health Care,Medical/Dental Instruments
MDLZ,Mondelez International Inc. Class A Common Stock,$61.61,-0.46,-0.741%,78633339392.00,United States,,7749584,Consumer Staples,Packaged Foods
MDRR,Medalist Diversified Inc. Common Stock,$12.1999,0.0952,0.786%,19867537.00,United States,2018,1436,Real Estate,Real Estate Investment Trusts
MDWD,MediWound Ltd. Ordinary Shares,$12.62,0.01,0.079%,162927708.00,Israel,2014,108505,Health Care, Medicinal Chemicals and Botanical Products 
MDXG,MiMedx Group Inc Common Stock,$4.52,-0.02,-0.441%,658837315.00,United States,,762378,Health Care,Medical/Dental Instruments
MDXH,MDxHealth SA Ordinary Shares,$0.7203,0.0001,0.014%,68729140.00,Belgium,2021,196159,Health Care,Medical Specialities
MEDP,Medpace Holdings Inc. Common Stock,$583.21,-10.78,-1.815%,16278356313.00,United States,2016,179970,Health Care,Biotechnology: Commercial Physical & Biological Resarch
MEDS,DataMeds AI Inc. Common Stock,$0.99,0.027,2.804%,3031300.00,United States,2025,137812,Health Care,Other Pharmaceuticals
MEGL,Magic Empire Global Limited Class A Ordinary Shares,$1.15,-0.0349,-2.945%,74823658.00,Hong Kong,2022,15857,Finance,Finance: Consumer Services
MELI,MercadoLibre Inc. Common Stock,$1963.49,27.29,1.409%,99542663759.00,Argentina,2007,325357,Consumer Discretionary,Business Services
MENS,Jyong Biotech Ltd. Ordinary Shares,$2.27,0.04,1.794%,172582804.00,Taiwan,2025,15264,Health Care,Biotechnology: Pharmaceutical Preparations
MEOH,Methanex Corporation Common Stock,$60.12,1.17,1.985%,4651139492.00,Canada,,650403,Industrials,Major Chemicals
MERC,Mercer International Inc. Common Stock,$0.3874,-0.0028,-0.718%,25962786.00,Canada,,920374,Basic Materials,Paper
MESH,Meshflow Acquisition Corp. Class A Ordinary Shares,$10.07,0.00,0.00%,0.00,United States,2026,4746,,
MESHU,Meshflow Acquisition Corp. Units,$10.1499,0.00,0.00%,0.00,United States,2025,1,,
MESO,Mesoblast Limited American Depositary Shares,$16.50,-0.26,-1.551%,2146399382.00,Australia,2015,169085,Health Care,Biotechnology: Biological Products (No Diagnostic Substances)
META,Meta Platforms Inc. Class A Common Stock,$578.54,6.20,1.083%,1473834251412.00,United States,2012,15773555,Technology,Computer Software: Programming Data Processing
METC,Ramaco Resources Inc. Class A Common Stock,$14.01,-0.23,-1.615%,888069228.00,United States,2017,2476359,Energy,Coal Mining
METCB,Ramaco Resources Inc. Class B Common Stock,$7.25,-0.31,-4.101%,459564733.00,United States,,47396,Energy,Coal Mining
METCI,Ramaco Resources Inc. 8.250% Senior Notes due 2030,$25.46,0.01,0.039%,0.00,United States,,485,Energy,Coal Mining
METCZ,Ramaco Resources Inc. 8.375% Senior Notes due 2029,$25.465,0.0051,0.02%,0.00,United States,,5220,Energy,Coal Mining
MEVO,M Evo Global Acquisition Corp II Class A Ordinary Shares,$10.00,-0.02,-0.20%,0.00,United States,2026,6181,Finance,Blank Checks
MEVOU,M Evo Global Acquisition Corp II Units,$10.13,-0.03,-0.295%,0.00,United States,2026,9374,Finance,Blank Checks
MEVOW,M Evo Global Acquisition Corp II Warrants,$0.38,-0.0149,-3.773%,0.00,United States,2026,2360,Finance,Blank Checks
MF,MindForge Inc. Class A Ordinary Shares,$15.97,-5.72,-26.372%,29007908.00,China,2024,280081,Technology,Computer Software: Programming Data Processing
MFI,mF International Limited Class A Ordinary Shares,$9.55,0.0843,0.891%,479185432.00,Hong Kong,2024,16456,Technology,EDP Services
MFIC,MidCap Financial Investment Corporation Common Stock,$9.66,-0.15,-1.529%,795719586.00,United States,2004,489910,Finance,Finance/Investors Services
MFICL,MidCap Financial Investment Corporation 8.00% Notes due 2028,$25.14,0.05,0.199%,2345653057.00,United States,,11790,Finance,Finance/Investors Services
MFIN,Medallion Financial Corp. Common Stock,$11.85,0.03,0.254%,272078951.00,United States,,66215,Finance,Finance: Consumer Services
MFP,Midera Food Processing Inc. Common Stock,$44.20,-2.68,-5.717%,1999186111.00,United States,,345144,Industrials,Industrial Machinery/Components
MGEE,MGE Energy Inc,$77.45,0.2683,0.348%,2926371729.00,United States,,125030,Energy,Electric Utilities: Central
MGIH,Millennium Group International Holdings Limited Ordinary Shares,$1.51,0.03,2.027%,16987500.00,Hong Kong,2023,19546,Consumer Discretionary,Publishing
MGN,Megan Holdings Limited Class A Ordinary Shares,$0.1196,0.001,0.843%,110630.00,Malaysia,2025,1266573,Consumer Staples,Farming/Seeds/Milling
MGNI,Magnite Inc. Common Stock,$22.89,-0.60,-2.554%,3282978954.00,United States,,1808630,Technology,Computer Software: Programming Data Processing
MGNX,MacroGenics Inc. Common Stock,$4.04,0.05,1.253%,257348755.00,United States,2013,499906,Health Care,Biotechnology: Pharmaceutical Preparations
MGPI,MGP Ingredients Inc.,$16.47,-0.14,-0.843%,352689832.00,United States,,258524,Consumer Staples,Beverages (Production/Distribution)
MGRC,McGrath RentCorp Common Stock,$110.84,-1.60,-1.423%,2707340487.00,United States,1984,152557,Consumer Discretionary,Diversified Commercial Services
MGRT,Mega Fortune Company Limited Ordinary Shares,$107.99,9.92,10.115%,1484862500.00,Hong Kong,2025,37049,Technology,EDP Services
MGRX,Mangoceuticals Inc. Common Stock,$0.3909,0.0008,0.205%,8430705.00,United States,2023,200241,Health Care,Misc Health and Biotechnology Services
MGTX,MeiraGTx Holdings plc Ordinary Shares,$14.19,0.38,2.752%,1362850113.00,United States,2018,880493,Health Care,Biotechnology: Biological Products (No Diagnostic Substances)
MGX,Metagenomi Therapeutics Inc. Common Stock,$1.17,-0.01,-0.847%,44199213.00,United States,2024,239772,Health Care,Biotechnology: Biological Products (No Diagnostic Substances)
MGYR,Magyar Bancorp Inc. Common Stock,$19.68,0.32,1.653%,127041937.00,United States,2006,951,Finance,Savings Institutions
MIAC,Meridian3 Industrials Acquisition Corp Class A Ordinary Shares,$9.84,0.01,0.102%,0.00,United States,2026,1220134,,
MIACU,Meridian3 Industrials Acquisition Corp Units,$10.05,0.0001,0.001%,0.00,United States,2026,4458,,
MIACW,Meridian3 Industrials Acquisition Corp Warrant,$0.50,0.00,0.00%,0.00,United States,2026,2000,,
MIDD,Middleby Corporation (The) Common Stock,$111.60,0.76,0.686%,5046814148.00,United States,,677548,Industrials,Industrial Machinery/Components
MIMI,Mint Incorporation Limited Class A Ordinary Shares,$0.7133,-0.1144,-13.821%,11336207.00,Hong Kong,2025,1087878,Consumer Discretionary,Business Services
MIND,MIND Technology Inc. Common Stock (DE),$4.30,-0.05,-1.149%,39082937.00,United States,1994,48579,Industrials,Industrial Machinery/Components
MIRA,MIRA Pharmaceuticals Inc. Common Stock,$0.86,0.0898,11.659%,36138995.00,United States,2023,29012588,Health Care,Biotechnology: Pharmaceutical Preparations
MIRM,Mirum Pharmaceuticals Inc. Common Stock,$98.34,0.29,0.296%,6385432843.00,United States,2019,398413,Health Care,Biotechnology: Pharmaceutical Preparations
MIST,Milestone Pharmaceuticals Inc. Common Shares,$1.14,-0.02,-1.724%,141927697.00,Canada,2019,1019991,Health Care,Biotechnology: Pharmaceutical Preparations
MITK,Mitek Systems Inc. Common Stock,$17.84,-0.62,-3.359%,804983152.00,United States,,570725,Technology,Computer peripheral equipment
MKDW,MKDWELL Tech Inc. Ordinary Share,$10.9938,0.00,0.00%,375970832.00,Taiwan,,227,Technology,Consumer Electronics/Appliances
MKDWW,MKDWELL Tech Inc. Warrants,$0.0099,0.00,0.00%,338565.00,Taiwan,,230,Technology,Consumer Electronics/Appliances
MKLY,McKinley Acquisition Corporation Class A Ordinary Shares,$10.24,-0.01,-0.098%,0.00,United States,2025,10837,Finance,Blank Checks
MKLYR,McKinley Acquisition Corporation Rights,$0.2401,0.0001,0.042%,0.00,United States,2025,19912,Finance,Blank Checks
MKLYU,McKinley Acquisition Corporation Units,$10.5985,0.00,0.00%,0.00,United States,2025,2,Finance,Blank Checks
MKSI,MKS Inc. Common Stock,$246.44,-9.80,-3.825%,16663670994.00,United States,1999,1644072,Industrials,Industrial Machinery/Components
MKTW,MarketWise Inc. Class A Common Stock,$17.65,-0.35,-1.944%,278419660.00,United States,,8648,Technology,Computer Software: Prepackaged Software
MKTX,MarketAxess Holdings Inc. Common Stock,$162.65,0.02,0.012%,5724123721.00,United States,2004,909903,Finance,Investment Bankers/Brokers/Service
MKZR,MacKenzie Realty Capital Inc. Common Stock,$1.49,-0.01,-0.667%,4134285.00,United States,,9129,Real Estate,Real Estate Investment Trusts
MLAA,Mountain Lake Acquisition Corp. II Class A Ordinary Shares,$10.00,0.00,0.00%,0.00,United States,2026,9812,Finance,Blank Checks
MLAAW,Mountain Lake Acquisition Corp. II Warrants,$0.23,0.02,9.524%,0.00,United States,2026,3267,Finance,Blank Checks
MLAB,Mesa Laboratories Inc. Common Stock,$125.47,-2.40,-1.877%,702113683.00,United States,,116060,Industrials,Industrial Machinery/Components
MLCI,Mount Logan Capital Inc. Common Stock,$3.29,0.08,2.492%,36811047.00,United States,,1488,Finance,Investment Managers
MLCIL,Mount Logan Capital Inc. 8.00% Notes Due 2031,$22.25,-0.45,-1.982%,0.00,United States,,3026,Finance,Investment Managers
MLCO,Melco Resorts & Entertainment Limited American Depositary Shares,$5.07,-0.01,-0.197%,1994868574.00,Hong Kong,2006,2120068,Consumer Discretionary,Hotels/Resorts
MLEC,Moolec Science SA Ordinary Shares,$6.895,0.095,1.397%,5006584.00,Luxembourg,,11830,Finance,Blank Checks
MLECW,Moolec Science SA Warrant,$0.0159,0.00,0.00%,11545.00,Luxembourg,,981,Finance,Blank Checks
MLGO,MicroAlgo Inc. Class A Ordinary Shares,$3.81,-0.18,-4.511%,47386726.00,United States,2021,44930,Technology,EDP Services
MLKN,MillerKnoll Inc. Common Stock,$22.00,-0.59,-2.612%,1512127386.00,United States,,704039,Consumer Discretionary,Office Equipment/Supplies/Services
MLTX,MoonLake Immunotherapeutics Class A Ordinary Shares,$15.13,0.08,0.532%,1287664144.00,United States,2020,662608,Health Care,Biotechnology: Pharmaceutical Preparations
MLYS,Mineralys Therapeutics Inc. Common Stock,$25.57,-0.10,-0.39%,2260564049.00,United States,2023,728439,Health Care,Biotechnology: Pharmaceutical Preparations
MMED,MiniMed Group Inc. Common Stock,$22.42,2.16,10.661%,6307865453.00,United States,2026,6075486,Health Care,Medical/Dental Instruments
MMLP,Martin Midstream Partners L.P. Limited Partnership,$2.33,-0.01,-0.427%,91160518.00,United States,2002,11689,Energy,Oil Refining/Marketing
MMSI,Merit Medical Systems Inc. Common Stock,$90.68,0.02,0.022%,5414540886.00,United States,,679150,Health Care,Medical/Dental Instruments
MMTX,Miluna Acquisition Corp Class A Ordinary Share,$10.165,0.00,0.00%,0.00,Taiwan,2025,4675,Finance,Blank Checks
MMYT,MakeMyTrip Limited Ordinary Shares,$56.13,-2.13,-3.656%,5279512698.00,India,2010,408580,Consumer Discretionary,Transportation Services
MNDO,MIND C.T.I. Ltd. Ordinary Shares,$1.01,0.01,1.00%,20387018.00,Israel,,10132,Technology,EDP Services
MNDR,Mobile-health Network Solutions Class A Ordinary Shares,$1.53,-0.04,-2.548%,1827642.00,Singapore,2024,38679,Technology,Computer Software: Prepackaged Software
MNDY,monday.com Ltd. Ordinary Shares,$96.51,-4.63,-4.578%,4140949165.00,Israel,2021,1088618,Technology,Computer Software: Prepackaged Software
MNKD,MannKind Corporation Common Stock,$3.98,-0.03,-0.748%,1279747046.00,United States,2004,2234767,Health Care,Biotechnology: Pharmaceutical Preparations
MNOV,Medicinova Inc Common Stock,$1.44,0.005,0.348%,70878594.00,United States,,19972,Health Care,Biotechnology: Pharmaceutical Preparations
MNPR,Monopar Therapeutics Inc. Common Stock,$117.57,5.64,5.039%,789150062.00,United States,2019,95198,Health Care,Biotechnology: Pharmaceutical Preparations
MNRO,Monro Inc. Common Stock,$12.43,-0.03,-0.241%,388612266.00,United States,1991,530843,Consumer Discretionary,Automotive Aftermarket
MNSB,MainStreet Bancshares Inc. Common Stock,$24.66,-0.28,-1.123%,175605734.00,United States,,28161,Finance,Major Banks
MNSBP,MainStreet Bancshares Inc. Depositary Shares,$25.85,0.00,0.00%,184079815.00,United States,,111,Finance,Major Banks
MNST,Monster Beverage Corporation,$44.99,-0.93,-2.025%,132206740519.00,United States,,7278683,Consumer Staples,Beverages (Production/Distribution)
MNTK,Montauk Renewables Inc. Common Stock,$1.76,0.04,2.326%,250520405.00,United States,2021,107434,Utilities,Natural Gas Distribution
MNTS,Momentus Inc. Class A Common Stock,$4.07,-0.18,-4.235%,89391042.00,United States,2019,441970,Industrials,Military/Government/Technical
MNY,MoneyHero Limited Class A Ordinary Shares,$0.85,-0.02,-2.299%,37768235.00,Singapore,,1725,Consumer Discretionary,Business Services
MNYWW,MoneyHero Limited Warrants,$0.0428,-0.0023,-5.10%,1901742.00,Singapore,,266,Consumer Discretionary,Business Services
MOB,Mobilicom Limited Ordinary Shares,$5.32,-0.22,-3.971%,67209534.00,Israel,2022,97292,Industrials,Aerospace
MOBI,Mobia Medical Inc. Common Stock,$11.45,0.29,2.599%,381183049.00,United States,2026,596046,Health Care,Medical/Dental Instruments
MOBX,Mobix Labs Inc. Class A Common Stock,$1.21,-0.11,-8.333%,20628579.00,United States,2021,1491568,Technology,Semiconductors
MOBXW,Mobix Labs Inc Warrants,$0.079,-0.0097,-10.936%,1346825.00,United States,2021,21374,Technology,Semiconductors
MODD,Modular Medical Inc. Common Stock,$3.555,-0.205,-5.452%,28976176.00,United States,,75297,Health Care,Medical/Dental Instruments
MOLN,Molecular Partners AG American Depositary Shares,$4.285,-0.215,-4.778%,160735333.00,Switzerland,2021,971,Health Care,Biotechnology: Biological Products (No Diagnostic Substances)
MOMO,Hello Group Inc. American Depositary Shares,$5.44,-0.10,-1.805%,803745861.00,China,2014,883472,Technology,Computer Software: Prepackaged Software
MORN,Morningstar Inc. Common Stock,$209.86,-9.08,-4.147%,7872598010.00,United States,2005,330325,Finance,Investment Managers
MOVE,Corvex Inc. Common Stock,$12.81,1.86,16.986%,354161977.00,United States,2021,808031,Technology,EDP Services
MPAA,Motorcar Parts  of America Inc. Common Stock,$11.60,-0.02,-0.172%,219625201.00,United States,,116114,Consumer Discretionary,Auto Parts:O.E.M.
MPB,Mid Penn Bancorp Common Stock,$36.06,-0.35,-0.961%,913587853.00,United States,,62696,Finance,Major Banks
MPLT,MapLight Therapeutics Inc. Common Stock,$13.31,0.34,2.621%,580985773.00,United States,2025,580699,Health Care,Biotechnology: Pharmaceutical Preparations
MPWR,Monolithic Power Systems Inc. Common Stock,$1225.96,-41.81,-3.298%,60247352280.00,United States,2004,757931,Technology,Semiconductors
MQ,Marqeta Inc. Class A Common Stock,$16.17,-0.25,-1.523%,1683278146.00,United States,2021,685096,Technology,Computer Software: Prepackaged Software
MRAM,Everspin Technologies Inc. Common Stock,$15.86,-0.39,-2.40%,386191143.00,United States,2016,1042586,Technology,Semiconductors
MRBK,Meridian Corporation Common Stock,$19.07,-0.20,-1.038%,227486945.00,United States,2017,49798,Finance,Major Banks
MRCO,Mercator Acquisition Corp. Class A Ordinary Shares,$9.88,0.01,0.101%,0.00,United States,2026,608,Finance,Blank Checks
MRCOU,Mercator Acquisition Corp. Units,$10.02,0.00,0.00%,0.00,United States,2026,27,Finance,Blank Checks
MRCOW,Mercator Acquisition Corp. Warrant,$0.32,-0.0199,-5.855%,0.00,United States,2026,1027,Finance,Blank Checks
MRCY,Mercury Systems Inc Common Stock,$82.80,-4.53,-5.187%,4979271812.00,United States,1998,599647,Technology,Electrical Products
MRDN,Meridian Holdings Inc. Common Stock,$13.52,-0.40,-2.874%,171291356.00,United States,,55635,Technology,Computer Software: Prepackaged Software
MREO,Mereo BioPharma Group plc American Depositary Shares,$0.2767,0.0099,3.711%,42928789.00,United Kingdom,,1559180,Health Care,Biotechnology: Pharmaceutical Preparations
MRKR,Marker Therapeutics Inc. Common Stock,$1.30,-0.03,-2.256%,21675065.00,United States,,21038,Health Care,Biotechnology: Pharmaceutical Preparations
MRLN,Merlin Inc. Common Stock,$2.81,-0.22,-7.261%,284000473.00,United States,2024,2274033,Technology,EDP Services
MRM,MEDIROM Healthcare Technologies Inc. American Depositary Share,$0.9301,-0.0099,-1.053%,7349604.00,Japan,2020,1304,Consumer Discretionary,Other Consumer Services
MRNA,Moderna Inc. Common Stock,$154.27,13.93,9.926%,61590120596.00,United States,2018,25767950,Health Care,Biotechnology: Biological Products (No Diagnostic Substances)
MRNO,Murano Global Investments PLC Ordinary Shares,$0.2096,-0.0044,-2.056%,16609306.00,Mexico,,100881,Consumer Discretionary,Hotels/Resorts
MRNOW,Murano Global Investments PLC Warrants,$0.0065,-0.0027,-29.348%,515079.00,Mexico,,21730,Consumer Discretionary,Hotels/Resorts
MRTN,Marten Transport Ltd. Common Stock,$13.86,-0.56,-3.883%,1131830732.00,United States,1986,534565,Industrials,Trucking Freight/Courier Services
MRVI,Maravai LifeSciences Holdings Inc. Class A Common Stock,$7.30,-0.34,-4.45%,1895617463.00,United States,2020,2698285,Health Care,Biotechnology: Pharmaceutical Preparations
MRVL,Marvell Technology Inc. Common Stock,$210.39,-1.27,-0.60%,184490991000.00,United States,2000,22174111,Technology,Semiconductors
MRX,Marex Group Limited Ordinary Shares,$72.62,0.14,0.193%,5383526623.00,United Kingdom,2024,746964,Finance,Investment Bankers/Brokers/Service
MSAI,MultiSensor AI Holdings Inc. Common Stock,$5.0899,-0.1201,-2.305%,11226528.00,United States,2021,9645,Technology,Electronic Components
MSAIW,MultiSensor AI Holdings Inc. Warrant,$0.021,0.0076,56.716%,46319.00,United States,2021,111,Technology,Electronic Components
MSBI,Midland States Bancorp Inc. Common Stock,$32.59,-0.20,-0.61%,676311330.00,United States,2016,148401,Finance,Major Banks
MSBIP,Midland States Bancorp Inc. Depositary Shares Each Representing a 1/40th Interest in a Share of 7.750% Fixed-Rate Reset Non-Cumulative Perpetual Preferred Stock Series A,$25.3375,0.0375,0.148%,525806638.00,United States,,5331,Finance,Major Banks
MSEX,Middlesex Water Company Common Stock,$58.15,0.15,0.259%,1095775460.00,United States,,82861,Utilities,Water Supply
MSFT,Microsoft Corporation Common Stock,$501.02,-6.27,-1.236%,3720346801901.00,United States,1986,21032523,Technology,Computer Software: Prepackaged Software
MSGM,Motorsport Games Inc. Class A Common Stock,$3.91,0.03,0.773%,17942216.00,United States,2021,54515,Technology,Computer Software: Prepackaged Software
MSGY,Masonglory Limited Class A Ordinary Shares ,$1.82,-0.08,-4.211%,3857718.00,Hong Kong,2025,45876,Consumer Discretionary,Engineering & Construction
MSLE,Satellos Bioscience Inc. Common Stock,$9.08,-0.26,-2.784%,192645266.00,Canada,,3501,Health Care,Biotechnology: Pharmaceutical Preparations
MSS,Maison Solutions Inc. Class A Common Stock,$1.44,-0.10,-6.494%,1231688.00,United States,2023,262762,Consumer Staples,Food Chains
MSTR,Strategy Inc Common Stock Class A,$124.88,-8.06,-6.063%,47982111785.00,United States,1998,22146675,Technology,Computer Software: Prepackaged Software
MTAKU,Market Technology Acquisition Corp Unit,$9.98,0.00,0.00%,0.00,United States,2026,35992,Finance,Blank Checks
MTC,MMTec Inc. Common Shares,$3.68,-0.46,-11.111%,366483144.00,China,2019,12425,Technology,Computer Software: Prepackaged Software
MTCH,Match Group Inc. Common Stock,$41.91,1.26,3.10%,9620481781.00,United States,,4403755,Technology,Computer Software: Programming Data Processing
MTEK,Maris-Tech Ltd. Ordinary Shares,$1.1199,-0.0001,-0.009%,10861491.00,Israel,2022,39421,Telecommunications,Telecommunications Equipment
MTEKW,Maris-Tech Ltd. Warrants,$0.109,0.006,5.825%,1057150.00,Israel,2022,2939,Telecommunications,Telecommunications Equipment
MTEN,Mingteng International Corporation Inc. Class A Ordinary Shares,$1.06,0.03,2.913%,8108857.00,China,2024,186617,Industrials,Building Products
MTEX,Mannatech Incorporated Common Stock,$7.15,-0.03,-0.418%,13797141.00,United States,,17569,Health Care, Medicinal Chemicals and Botanical Products 
MTLS,Materialise NV American Depositary Shares,$7.06,-0.15,-2.08%,417014333.00,Belgium,2014,141453,Technology,Computer Software: Prepackaged Software
MTRX,Matrix Service Company Common Stock,$10.70,-0.11,-1.018%,301032195.00,United States,1990,399685,Consumer Discretionary,Engineering & Construction
MTSI,MACOM Technology Solutions Holdings Inc. Common Stock,$262.01,-1.82,-0.69%,20009947631.00,United States,2012,1084657,Technology,Semiconductors
MTVA,MetaVia Inc. Common Stock,$1.72,0.00,0.00%,11331534.00,United States,2016,51407,Health Care,Biotechnology: Pharmaceutical Preparations
MU,Micron Technology Inc. Common Stock,$933.44,-25.29,-2.638%,1054220742869.00,United States,,27677139,Technology,Semiconductors
MUZE,Muzero Acquisition Corp Class A Ordinary Shares,$10.01,0.01,0.10%,0.00,United States,2026,2009,Finance,Blank Checks
MUZEU,Muzero Acquisition Corp Unit,$10.10,0.00,0.00%,0.00,United States,2026,6,Finance,Blank Checks
MVBF,MVB Financial Corp. Common Stock,$30.25,0.15,0.498%,392267087.00,United States,,63537,Finance,Major Banks
MVIS,MicroVision Inc. Common Stock,$1.72,-0.09,-4.972%,51858046.00,United States,1996,896799,Technology,Industrial Machinery/Components
MVST,Microvast Holdings Inc. Common Stock,$0.6902,-0.0278,-3.872%,265405702.00,United States,2019,7695459,Miscellaneous,Industrial Machinery/Components
MWC,Micware Co. Ltd. American Depositary Shares,$1.42,-0.03,-2.069%,84375568.00,Japan,2026,155324,Technology,EDP Services
MWH,SOLV Energy Inc. Class A Common Stock,$24.78,-0.74,-2.90%,5015142971.00,United States,2026,2485026,Industrials,Military/Government/Technical
MWYN,Marwynn Holdings Inc. Common stock,$1.37,0.07,5.385%,27666881.00,United States,2025,76727,Consumer Discretionary,Food Distributors
MXCT,MaxCyte Inc. Common Stock,$1.24,-0.05,-3.876%,127975695.00,United States,2021,678897,Health Care,Biotechnology: Commercial Physical & Biological Resarch
MXL,MaxLinear Inc. Common Stock,$57.59,-2.32,-3.872%,5223020870.00,United States,2010,2885549,Technology,Semiconductors
MYFW,First Western Financial Inc. Common Stock,$30.43,-0.54,-1.744%,297152875.00,United States,2018,23548,Finance,Major Banks
MYGN,Myriad Genetics Inc. Common Stock,$3.18,-0.04,-1.242%,304165871.00,United States,1995,3033069,Health Care,Biotechnology: In Vitro & In Vivo Diagnostic Substances
MYPS,PLAYSTUDIOS Inc.  Class A Common Stock,$0.5116,-0.0031,-0.602%,61454099.00,United States,2020,248858,Technology,Computer Software: Prepackaged Software
MYRG,MYR Group Inc. Common Stock,$286.46,-4.96,-1.702%,4459967355.00,United States,2008,453556,Industrials,Water Sewer Pipeline Comm & Power Line Construction
MYSE,Myseum.AI Inc. Common Stock,$2.75,0.02,0.733%,14290183.00,United States,2021,81466,Telecommunications,Telecommunications Equipment
MYSZ,My Size Inc. Common Stock,$2.36,-0.16,-6.349%,1719218.00,Israel,,184755,Technology,Computer Software: Prepackaged Software
MYX,Maywood Acquisition Corp. 2 Class A Ordinary Share,$9.94,0.00,0.00%,0.00,United States,2026,18,Finance,Blank Checks
MYXXR,Maywood Acquisition Corp. 2 Rights,$0.20,0.00,0.00%,0.00,United States,2026,1,Finance,Blank Checks
MYXXW,Maywood Acquisition Corp. 2 Warrants,$0.0846,0.0047,5.882%,0.00,United States,2026,236,Finance,Blank Checks
MZTI,The Marzetti Company Common Stock,$111.83,-0.82,-0.728%,3051952530.00,United States,,542360,Consumer Staples,Packaged Foods
NA,Nano Labs Ltd Class A Ordinary Shares,$2.00,-0.17,-7.834%,46428180.00,China,2022,147273,Technology,Semiconductors
NAAS,NaaS Technology Inc. American Depositary Shares,$3.16,-0.09,-2.769%,53894944.00,China,2017,19166,Consumer Discretionary,Other Specialty Stores
NAGE,Niagen Bioscience Inc. Common Stock,$3.13,0.00,0.00%,247664386.00,United States,,282973,Health Care, Medicinal Chemicals and Botanical Products 
NAII,Natural Alternatives International Inc. Common Stock,$2.07,-0.04,-1.896%,12989724.00,United States,,1257,Health Care, Medicinal Chemicals and Botanical Products 
NAKA,Nakamoto Inc. Common Stock,$7.05,-0.44,-5.874%,126159348.00,United States,2024,155232,Health Care,Medical/Nursing Services
NAMI,Jinxin Technology Holding Company American Depositary Shares,$2.37,-0.03,-1.25%,7495969.00,China,2024,10558,Real Estate,Other Consumer Services
NAMM,Namib Minerals Ordinary Shares,$1.37,-0.01,-0.725%,76517796.00,Cayman Islands,,200499,Basic Materials,Precious Metals
NAMMW,Namib Minerals Warrants,$0.2374,0.0032,1.366%,13259361.00,Cayman Islands,,5052,Basic Materials,Precious Metals
NAMS,NewAmsterdam Pharma Company N.V. Ordinary Shares,$24.92,-0.42,-1.657%,2978866251.00,Netherlands,,714352,Health Care,Biotechnology: Pharmaceutical Preparations
NAMSW,NewAmsterdam Pharma Company N.V. Warrant,$16.51,0.00,0.00%,1973558660.00,Netherlands,,1,Health Care,Biotechnology: Pharmaceutical Preparations
NATH,Nathan's Famous Inc. Common Stock,$97.70,-0.16,-0.163%,400341480.00,United States,1993,20728,Consumer Discretionary,Restaurants
NATR,Nature's Sunshine Products Inc. Common Stock,$13.87,-0.28,-1.979%,244049862.00,United States,,216883,Health Care,Biotechnology: Pharmaceutical Preparations
NAUT,Nautilus Biotechnology Inc. Common Stock,$0.9265,-0.0459,-4.72%,117901964.00,United States,2020,565002,Industrials,Biotechnology: Laboratory Analytical Instruments
NAVI,Navient Corporation Common Stock,$9.28,-0.23,-2.419%,870313924.00,United States,,1279720,Finance,Investment Bankers/Brokers/Service
NAVN,Navan Inc. Class A Common Stock,$27.31,-1.75,-6.022%,6945786765.00,United States,2025,2077106,Technology,Computer Software: Prepackaged Software
NB,NioCorp Developments Ltd. Common Stock,$4.00,-0.19,-4.535%,582348192.00,United States,,2502643,Basic Materials,Metal Mining
NBBK,NB Bancorp Inc. Common Stock,$22.04,-0.29,-1.299%,965759520.00,United States,2023,372236,Finance,Banks
NBIS,Nebius Group N.V. Class A Ordinary Shares,$199.54,-6.78,-3.286%,54245990200.00,Netherlands,2011,10811559,Technology,Computer Software: Programming Data Processing
NBIX,Neurocrine Biosciences Inc. Common Stock,$156.76,2.73,1.772%,15934525614.00,United States,1996,878578,Health Care,Biotechnology: Biological Products (No Diagnostic Substances)
NBN,Northeast Bank Common Stock,$124.65,-1.50,-1.189%,1013404500.00,United States,,83271,Finance,Major Banks
NBP,NovaBridge Biosciences American Depositary Shares,$1.73,-0.09,-4.945%,199610327.00,China,2020,491221,Health Care,Biotechnology: Pharmaceutical Preparations
NBRG,Newbridge Acquisition Limited Class A Ordinary Share,$10.07,0.02,0.199%,0.00,Hong Kong,2026,840,Finance,Blank Checks
NBRGR,Newbridge Acquisition Limited Rights,$0.1975,-0.0225,-10.227%,0.00,Hong Kong,2026,5001,,
NBRGU,Newbridge Acquisition Limited Unit,$10.22,-0.02,-0.195%,0.00,Hong Kong,2026,3432,Finance,Blank Checks
NBTB,NBT Bancorp Inc. Common Stock,$50.31,-0.71,-1.392%,2614110669.00,United States,,245273,Finance,Major Banks
NBTX,Nanobiotix S.A. American Depositary Shares,$39.29,-1.35,-3.322%,1996242509.00,France,2020,91358,Health Care,Biotechnology: Pharmaceutical Preparations
NCEL,NewcelX Ltd. Ordinary Shares,$3.29,0.015,0.458%,19003461.00,Switzerland,2021,1859,Health Care,Biotechnology: Pharmaceutical Preparations
NCEW,New Century Logistics (BVI) Limited Ordinary Shares,$18.08,-0.11,-0.605%,57856000.00,Hong Kong,2024,274,Industrials,Integrated Freight & Logistics
NCI,Neo-Concept International Group Holdings Limited Class A Ordinary Shares,$12.99,0.30,2.364%,30712023.00,Hong Kong,2024,1448854,Consumer Discretionary,Apparel
NCMI,National CineMedia Inc. Common Stock,$2.53,0.01,0.397%,237998221.00,United States,2007,847192,Consumer Discretionary,Advertising
NCNA,NuCana plc American Depositary Share,$1.38,-0.09,-6.122%,5743520.00,United Kingdom,2017,103821,Health Care,Biotechnology: Pharmaceutical Preparations
NCNO,nCino Inc. Common Stock,$22.30,-0.30,-1.327%,2357916680.00,United States,2020,2362586,Technology,Computer Software: Prepackaged Software
NCO,Southern Cross Acquisition I Corp. Ordinary Shares,$9.87,-0.04,-0.404%,0.00,United States,2026,1656,,
NCOOU,Southern Cross Acquisition I Corp. Units,$10.0001,0.00,0.00%,0.00,United States,2026,124,Finance,Blank Checks
NCOOW,Southern Cross Acquisition I Corp. Warrants,$0.04,0.00,0.00%,0.00,United States,2026,52030,,
NCPL,Netcapital Inc. Common Stock,$0.792,0.0764,10.676%,6215536.00,United States,,29902426,Finance,Finance: Consumer Services
NCPLW,Netcapital Inc. Warrants,$0.0351,0.0051,17.00%,275461.00,United States,,1350,Finance,Finance: Consumer Services
NCRA,Nocera Inc. Common Stock,$2.31,-0.52,-18.375%,5050803.00,Taiwan,,611224,Consumer Staples,Farming/Seeds/Milling
NCSM,NCS Multistage Holdings Inc. Common Stock,$53.35,1.71,3.311%,140018302.00,United States,2017,30210,Energy,Oilfield Services/Equipment
NCT,Intercont (Cayman) Limited Class A Ordinary shares,$5.22,0.01,0.192%,133863444.00,China,2025,1027094,Consumer Discretionary,Restaurants
NCTY,The9 Limited American Depository Shares,$4.82,0.39,8.804%,73616665.00,China,2004,299379,Finance,Finance: Consumer Services
NDAQ,Nasdaq Inc. Common Stock,$97.54,-1.07,-1.085%,54522652865.00,United States,,3275508,Finance,Investment Bankers/Brokers/Service
NDLS,Noodles & Company Class A Common Stock,$13.78,-0.58,-4.039%,82220575.00,United States,2013,25777,Consumer Discretionary,Restaurants
NDRA,ENDRA Life Sciences Inc. Common Stock,$5.27,0.265,5.295%,7904146.00,United States,2017,395854,Health Care,Biotechnology: Electromedical & Electrotherapeutic Apparatus
NDSN,Nordson Corporation Common Stock,$314.40,-7.32,-2.275%,17511880670.00,United States,,390777,Industrials,Industrial Machinery/Components
NECB,NorthEast Community Bancorp Inc. Common Stock,$26.20,-0.15,-0.569%,360670746.00,United States,2021,34345,Finance,Banks
NEGG,Newegg Commerce Inc. Common Shares,$15.85,-0.43,-2.641%,332428755.00,China,2010,42578,Consumer Discretionary,Other Specialty Stores
NEO,NeoGenomics Inc. Common Stock,$17.45,-0.46,-2.568%,2241896428.00,United States,,1317735,Health Care,Precision Instruments
NEOG,Neogen Corporation Common Stock,$11.64,0.08,0.692%,2538753898.00,United States,1989,2019185,Health Care,Biotechnology: In Vitro & In Vivo Diagnostic Substances
NEON,Neonode Inc. Common Stock,$0.8642,-0.0209,-2.361%,14503801.00,Sweden,,46239,Technology,Industrial Machinery/Components
NEOV,NeoVolta Inc. Common Stock,$3.65,-0.59,-13.915%,214850852.00,United States,,3664325,Miscellaneous,Industrial Machinery/Components
NEOVW,NeoVolta Inc. Warrant,$1.20,0.00,0.00%,70635896.00,United States,,94,Miscellaneous,Industrial Machinery/Components
NEPH,Nephros Inc. Common Stock,$4.10,-0.18,-4.206%,44526492.00,United States,,21396,Health Care,Medical/Dental Instruments
NERV,Minerva Neurosciences Inc Common Stock,$4.48,-0.08,-1.754%,213909064.00,United States,2014,90780,Health Care,Biotechnology: Pharmaceutical Preparations
NESR,National Energy Services Reunited Corp Ordinary Shares,$34.72,-0.39,-1.111%,3501572899.00,United States,,1507560,Energy,Oilfield Services/Equipment
NEUP,Neuphoria Therapeutics Inc. Common Stock,$3.79,0.03,0.798%,20483248.00,United States,2021,20831,Health Care,Biotechnology: Pharmaceutical Preparations
NEWT,NewtekOne Inc. Common Stock,$11.66,-0.13,-1.103%,336795963.00,United States,,213277,Finance,Major Banks
NEWTG,NewtekOne Inc. 8.50% Fixed Rate Senior Notes due 2029,$25.20,-0.135,-0.533%,663310670.00,United States,,5961,Finance,Major Banks
NEWTH,NewtekOne Inc. 8.625% Fixed Rate Senior Notes due 2029,$25.28,0.08,0.317%,0.00,United States,,13193,Finance,Major Banks
NEWTI,NewtekOne Inc. 8.00% Fixed Rate Senior Notes due 2028,$25.20,0.0776,0.309%,663310670.00,United States,,5524,Finance,Major Banks
NEWTO,NewtekOne Inc. 8.50% Fixed Rate Senior Notes due 2031,$25.995,0.00,0.00%,0.00,United States,,2,Finance,Major Banks
NEWTP,NewtekOne Inc. Depositary Shares Non-Cumulative Perpetual Preferred Stock Series B,$25.01,0.009,0.036%,722407122.00,United States,,1045,Finance,Major Banks
NEXM,NexMetals Mining Corp. Common Shares,$2.375,-0.145,-5.754%,84664390.00,Canada,,6640,Basic Materials,Metal Mining
NEXN,Nexxen International Ltd. Ordinary Shares,$9.60,-0.15,-1.538%,534919478.00,Israel,2021,633412,Technology,Computer Software: Programming Data Processing
NEXR,Nexera Technologies Ltd Ordinary Shares,$1.83,-0.03,-1.613%,1020159.00,Israel,2022,53781,Consumer Discretionary,Other Specialty Stores
NEXRW,Nexera Technologies Ltd Warrant,$0.0128,-0.0001,-0.775%,7136.00,Israel,2022,210,Consumer Discretionary,Other Specialty Stores
NEXT,NextDecade Corporation Common Stock,$7.62,0.08,1.061%,2028332999.00,United States,2015,2181852,Utilities,Oil & Gas Production
NFE,New Fortress Energy Inc. Class A Common Stock,$0.2872,-0.0028,-0.966%,82034271.00,United States,2019,1237109,Utilities,Oil/Gas Transmission
NFLX,Netflix Inc. Common Stock,$80.81,-0.24,-0.296%,336487965218.00,United States,2002,21140515,Consumer Discretionary,Consumer Electronics/Video Chains
NGEN,NervGen Pharma Corp. Common stock,$2.32,0.11,4.977%,246877309.00,Canada,,1057779,Health Care,Biotechnology: Pharmaceutical Preparations
NGNE,Neurogene Inc. Common Stock ,$37.87,1.63,4.498%,757831036.00,Canada,2014,134490,Health Care,Biotechnology: Pharmaceutical Preparations
NHIC,NewHold Investment Corp III Class A Ordinary Shares,$10.61,0.02,0.189%,0.00,United States,2025,85520,,
NHICU,NewHold Investment Corp III Units,$11.0001,0.00,0.00%,0.00,United States,2025,10,Finance,Blank Checks
NHICW,NewHold Investment Corp III Warrants,$1.70,0.20,13.333%,0.00,United States,2025,54005,,
NHIV,NewHold Investment Corp IV Class A Ordinary Shares,$10.12,0.00,0.00%,0.00,United States,2026,14,Finance,Blank Checks
NHIVU,NewHold Investment Corp IV Units,$10.32,0.00,0.00%,0.00,United States,2026,3,Finance,Blank Checks
NHIVW,NewHold Investment Corp IV Warrants,$0.53,0.0299,5.979%,0.00,United States,2026,1000,Finance,Blank Checks
NHP,National Healthcare Properties Inc. Class A Common Stock,$16.03,-0.03,-0.187%,1168665162.00,United States,,354277,Real Estate,Real Estate Investment Trusts
NHPAP,National Healthcare Properties Inc. 7.375% Series A Cumulative Redeemable Perpetual Preferred Stock,$25.2315,0.0115,0.046%,1839499379.00,United States,,10159,Real Estate,Real Estate Investment Trusts
NHPBP,National Healthcare Properties Inc. 7.125% Series B Cumulative Redeemable Perpetual Preferred Stock,$25.29,-0.16,-0.629%,1843764314.00,United States,,2890,Real Estate,Real Estate Investment Trusts
NHTC,Natural Health Trends Corp. Common Stock,$1.61,-0.02,-1.227%,13810335.00,United States,,37073,Consumer Discretionary,Consumer Specialties
NICE,NICE Ltd American Depositary Shares,$106.59,-2.59,-2.372%,6331827592.00,Israel,,405282,Technology,Computer Software: Prepackaged Software
NICM,Nicola Mining Inc. American Depositary Shares,$6.63,0.11,1.687%,126812951.00,Canada,,888,Basic Materials,Metal Mining
NIKI,Niki BioSolutions Inc. Common Stock,$6.6201,-0.2399,-3.497%,19453991.00,Hong Kong,2018,116242,Industrials,Industrial Machinery/Components
NIOBW,NioCorp Developments Ltd. Warrant,$1.325,0.15,12.766%,192902839.00,United States,,1818,Basic Materials,Metal Mining
NIPG,NIP Group Inc. American Depositary Shares,$15.51,1.16,8.084%,132169799.00,Sweden,2024,83305,Consumer Discretionary,Services-Misc. Amusement & Recreation
NIU,Niu Technologies American Depositary Shares,$1.98,-0.04,-1.98%,155303454.00,China,2018,94427,Industrials,Auto Manufacturing
NIVF,NewGenIvf Group Limited Class A Ordinary Shares,$1.33,-0.0191,-1.416%,8519707.00,Singapore,,63520,Health Care,Misc Health and Biotechnology Services
NIVFW,NewGenIvf Group Limited Warrants,$0.019,0.0015,8.571%,121710.00,Singapore,,9567,Health Care,Misc Health and Biotechnology Services
NIXX,Nixxy Inc. Common Stock,$0.6031,-0.0263,-4.179%,17434921.00,United States,,367618,Technology,EDP Services
NKLR,Terra Innovatum Global N.V. Ordinary shares,$5.025,-0.365,-6.772%,555267063.00,Italy,,323845,Industrials,Metal Fabrications
NKSH,National Bankshares Inc. Common Stock,$40.205,-0.995,-2.415%,256130777.00,United States,,31033,Finance,Major Banks
NKTR,Nektar Therapeutics  Common Stock,$71.75,0.37,0.518%,2449759820.00,United States,,334215,Health Care,Biotechnology: Pharmaceutical Preparations
NKTX,Nkarta Inc. Common Stock,$2.70,-0.01,-0.369%,193386936.00,United States,2020,570381,Health Care,Biotechnology: Pharmaceutical Preparations
NMAD,Nomad Power Solutions Inc. Common Stock,$4.10,-0.04,-0.966%,66014379.00,United States,,355412,Health Care,Biotechnology: Pharmaceutical Preparations
NMFC,New Mountain Finance Corporation Common Stock,$7.48,-0.15,-1.966%,706503877.00,United States,,634923,Finance,Finance/Investors Services
NMFCZ,New Mountain Finance Corporation 8.250% Notes due 2028,$25.225,-0.065,-0.257%,2682955241.00,United States,,855,,
NMIH,NMI Holdings Inc. Common Stock,$44.27,-0.08,-0.18%,3329894264.00,United States,2013,786800,Finance,Property-Casualty Insurers
NMP,NMP Acquisition Corp. Class A Ordinary Shares,$10.34,0.00,0.00%,0.00,United States,2025,13,Finance,Blank Checks
NMRA,Neumora Therapeutics Inc. Common Stock,$1.33,0.00,0.00%,249901563.00,United States,2023,532635,Health Care,Biotechnology: Biological Products (No Diagnostic Substances)
NMRK,Newmark Group Inc. Class A Common Stock,$15.02,-0.21,-1.379%,2722053978.00,United States,2017,1688425,Finance,Real Estate
NMTC,NeuroOne Medical Technologies Corporation Common Stock,$1.61,-0.09,-5.294%,14660278.00,United States,,71884,Health Care,Medical/Dental Instruments
NN,NextNav Inc. Common Stock,$15.22,-0.65,-4.096%,2569286830.00,United States,,2320255,Industrials,Industrial Machinery/Components
NNBR,NN Inc. Common Stock,$3.33,-0.10,-2.915%,274994277.00,United States,1994,1052342,Industrials,Industrial Machinery/Components
NNDM,Nano Dimension Ltd. American Depositary Shares,$1.56,-0.01,-0.637%,328908857.00,Israel,,1396778,Technology,Electrical Products
NNE,Nano Nuclear Energy Inc. Common Stock,$17.47,-0.82,-4.483%,938106611.00,United States,2024,1628585,Utilities,Electric Utilities: Central
NNNN,Anbio Biotechnology Class A Ordinary Shares,$7.22,-0.08,-1.096%,1038894464.00,Germany,2025,273876,Health Care,Biotechnology: In Vitro & In Vivo Diagnostic Substances
NNOX,NANO-X IMAGING LTD Ordinary Shares,$0.7859,-0.0215,-2.663%,61762811.00,Israel,2020,745169,Health Care,Medical Electronics
NODK,NI Holdings Inc. Common Stock,$15.01,0.01,0.067%,306274892.00,United States,2017,13452,Finance,Property-Casualty Insurers
NOEM,CO2 Energy Transition Corp. Common Stock,$10.69,0.06,0.564%,0.00,United States,2025,109,,
NOEMR,CO2 Energy Transition Corp. Right,$0.20,0.01,5.263%,0.00,United States,2025,5900,,
NOEMW,CO2 Energy Transition Corp. Warrant,$0.136,-0.0064,-4.494%,0.00,United States,2025,215,,
NOMA,NOMADAR Corp. Class A Common Stock,$2.06,-0.04,-1.905%,31484070.00,United States,,7230,Consumer Discretionary,Services-Misc. Amusement & Recreation
NOVT,Novanta Inc. Common Stock,$143.67,-2.55,-1.744%,5433279016.00,United States,,363698,Miscellaneous,Industrial Machinery/Components
NOVTU,Novanta Inc. Tangible Equity Units,$60.92,-1.33,-2.137%,2303858548.00,United States,,9444,Miscellaneous,Industrial Machinery/Components
NPAC,New Providence Acquisition Corp. III Class A Ordinary Shares,$10.47,0.02,0.191%,0.00,United States,2025,5816,Finance,Blank Checks
NPACU,New Providence Acquisition Corp. III Units,$10.59,0.00,0.00%,0.00,United States,2025,102,Finance,Blank Checks
NPACW,New Providence Acquisition Corp. III Warrants,$0.28,0.00,0.00%,0.00,United States,2025,91,Finance,Blank Checks
NPCE,Neuropace Inc. Common Stock,$14.74,0.09,0.614%,505939799.00,United States,2021,132810,Health Care,Medical/Dental Instruments
NPT,Texxon Holding Limited Ordinary shares,$3.4801,0.0001,0.003%,77206019.00,China,2025,5192,Consumer Discretionary,Specialty Chemicals
NRC,NRC Health Common Stock,$20.44,-0.50,-2.388%,452123929.00,United States,,71399,Health Care,Biotechnology: Commercial Physical & Biological Resarch
NRDS,NerdWallet Inc. Class A Common Stock,$9.78,-0.10,-1.012%,625168642.00,United States,2021,378792,Technology,EDP Services
NRIM,Northrim BanCorp Inc Common Stock,$25.38,-0.19,-0.743%,564572161.00,United States,,104191,Finance,Savings Institutions
NRIX,Nurix Therapeutics Inc. Common stock,$26.04,0.26,1.009%,2702475025.00,United States,2020,1597373,Health Care,Biotechnology: Pharmaceutical Preparations
NRSN,NeuroSense Therapeutics Ltd. Ordinary Shares,$0.4201,-0.0066,-1.547%,15865538.00,Israel,2021,79099,Health Care,Biotechnology: Pharmaceutical Preparations
NRSNW,NeuroSense Therapeutics Ltd. Warrant,$0.0456,-0.0244,-34.857%,1722134.00,Israel,2021,838,Health Care,Biotechnology: Pharmaceutical Preparations
NRXP,NRX Pharmaceuticals Inc. Common Stock,$3.44,-0.04,-1.149%,148937438.00,United States,2017,391261,Health Care,Biotechnology: Pharmaceutical Preparations
NSAIU,NorthStrive Acquisition Corp I. Units,$10.00,0.00,0.00%,0.00,United States,2026,146786,,
NSIT,Insight Enterprises Inc. Common Stock,$154.07,-2.95,-1.879%,4521777320.00,United States,1995,240525,Consumer Discretionary,Catalog/Specialty Distribution
NSLR,Neostellar Capital Corp. Common Stock,$9.90,-0.23,-2.27%,262084898.00,United States,2011,162524,Finance,Finance: Consumer Services
NSLRL,Neostellar Capital Corp. 6.00% Notes due 2026,$25.29,0.00,0.00%,669507784.00,United States,,242,Finance,Finance: Consumer Services
NSPR,InspireMD Inc. Common Stock,$0.9085,0.0177,1.987%,42235364.00,Israel,,45756,Health Care,Medical/Dental Instruments
NSSC,NAPCO Security Technologies Inc. Common Stock,$35.24,-1.00,-2.759%,1260479720.00,United States,,520133,Telecommunications,Telecommunications Equipment
NSTS,NSTS Bancorp Inc. Common Stock,$13.99,0.00,0.00%,73491303.00,United States,2022,35020,Finance,Savings Institutions
NSYS,Nortech Systems Incorporated Common Stock,$11.55,-0.04,-0.345%,32960997.00,United States,,10087,Technology,Industrial Machinery/Components
NTAP,NetApp Inc. Common Stock,$183.16,-2.13,-1.15%,35942267977.00,United States,1995,2358896,Technology,Electronic Components
NTCL,NETCLASS TECHNOLOGY INC Class A Ordinary Shares,$1.88,-0.39,-17.181%,4002253.00,China,2024,31252,Technology,Computer Software: Prepackaged Software
NTCT,NetScout Systems Inc. Common Stock,$38.00,-0.83,-2.138%,2762877856.00,United States,1999,902181,Technology,EDP Services
NTES,NetEase Inc. American Depositary Shares,$120.07,-1.71,-1.404%,76620041567.00,China,,496727,Technology,Computer Software: Prepackaged Software
NTGR,NETGEAR Inc. Common Stock,$20.87,-0.29,-1.371%,567226168.00,United States,2003,292102,Utilities,Telecommunications Equipment
NTHI,NeOnc Technologies Holdings Inc. Common Stock,$4.73,-0.21,-4.251%,122679006.00,United States,,96557,Health Care,Biotechnology: Pharmaceutical Preparations
NTIC,Northern Technologies International Corporation Common Stock,$8.00,-0.01,-0.125%,75971512.00,United States,,2394,Industrials,Industrial Specialties
NTLA,Intellia Therapeutics Inc. Common Stock,$12.685,-0.045,-0.353%,1777507101.00,United States,2016,2179736,Health Care,Biotechnology: In Vitro & In Vivo Diagnostic Substances
NTNX,Nutanix Inc. Class A Common Stock,$66.69,-1.88,-2.742%,18027674745.00,United States,2016,1831744,Technology,Computer Software: Prepackaged Software
NTRA,Natera Inc. Common Stock,$320.76,-1.20,-0.373%,46235683969.00,United States,2015,1208683,Health Care,Medical Specialities
NTRB,Nutriband Inc. Common Stock,$4.345,-0.022,-0.504%,52817746.00,United States,,18664,Health Care,Industrial Specialties
NTRBW,Nutriband Inc. Warrant,$0.35,-0.10,-22.222%,4254594.00,United States,,5500,Health Care,Industrial Specialties
NTRP,NextTrip Inc. Common Stock,$1.40,-0.03,-2.098%,21120541.00,United States,,38152,Consumer Discretionary,Transportation Services
NTRS,Northern Trust Corporation Common Stock,$182.68,-2.88,-1.552%,33422338690.00,United States,,951367,Finance,Major Banks
NTRSO,Northern Trust Corporation Depositary Shares Each Representing a 1/1000th Interest in a Share of Series E Non-Cumulative Perpetual Preferred Stock,$18.80,-0.14,-0.739%,3439566276.00,United States,,34960,Finance,Major Banks
NTSK,Netskope Inc. Class A Common Stock,$14.05,-1.26,-8.23%,5675127268.00,United States,2025,6566863,Technology,Computer Software: Prepackaged Software
NTWK,NetSol Technologies Inc. Common  Stock,$4.09,0.04,0.988%,48574533.00,United States,,32563,Technology,Computer Software: Prepackaged Software
NTWO,Newbury Street II Acquisition Corp Class A Ordinary Shares,$10.88,-0.05,-0.457%,0.00,United States,2024,475734,,
NTWOU,Newbury Street II Acquisition Corp Unit,$11.65,-0.23,-1.936%,0.00,United States,2024,101,,
NTWOW,Newbury Street II Acquisition Corp Warrant,$1.25,0.00,0.00%,0.00,United States,2024,76,,
NUAI,New Era Energy & Digital Inc. Common Stock,$4.85,0.105,2.213%,516812794.00,United States,,5163475,Energy,Oil & Gas Production
NUAIW,New Era Energy & Digital Inc. Warrants,$2.40,-0.01,-0.415%,255742414.00,United States,,4279,Energy,Oil & Gas Production
NUCL,Eagle Nuclear Energy Corp. Common stock,$6.65,-0.34,-4.864%,196705657.00,United States,,256891,Basic Materials,Other Metals and Minerals
NUCLW,Eagle Nuclear Energy Corp. Warrants,$0.70,-0.10,-12.50%,20705859.00,United States,,35393,Basic Materials,Other Metals and Minerals
NUR,Nuran Wireless Inc. Common Shares,$2.215,0.215,10.75%,29226261.00,Canada,,42915,,
NUTX,Nutex Health Inc. Common Stock,$187.34,-1.42,-0.752%,1282899262.00,United States,,232379,Consumer Discretionary,Business Services
NUWE,Nuwellis Inc. Common Stock,$0.7572,-0.0353,-4.454%,2761708.00,United States,,289907,Health Care,Biotechnology: Electromedical & Electrotherapeutic Apparatus
NVAX,Novavax Inc. Common Stock,$10.12,0.75,8.004%,1669250747.00,United States,,10030434,Health Care,Biotechnology: Biological Products (No Diagnostic Substances)
NVCR,NovoCure Limited Ordinary Shares,$17.38,-0.27,-1.53%,2023828699.00,Jersey,2015,800369,Health Care,Medical/Dental Instruments
NVCT,Nuvectis Pharma Inc. Common Stock,$23.06,0.33,1.452%,752080362.00,United States,2022,176933,Health Care,Biotechnology: Pharmaceutical Preparations
NVDA,NVIDIA Corporation Common Stock,$217.44,-3.34,-1.513%,5240304000000.00,United States,1999,109475214,Technology,Semiconductors
NVEC,NVE Corporation Common Stock,$97.79,-2.33,-2.327%,473026463.00,United States,,105140,Technology,Semiconductors
NVMI,Nova Ltd. Ordinary Shares,$337.64,-10.81,-3.102%,10731202666.00,Israel,2000,523031,Technology,Electronic Components
NVNI,Nvni Group Limited Ordinary Shares,$0.9755,0.1361,16.214%,11405676.00,Cayman Islands,,334110,Technology,Computer Software: Prepackaged Software
NVNIW,Nvni Group Limited Warrants,$0.0228,-0.0052,-18.571%,266581.00,Cayman Islands,,2000,Technology,Computer Software: Prepackaged Software
NVNO,enVVeno Medical Corporation Common Stock,$10.98,-0.49,-4.272%,7629189.00,United States,2018,42212,Health Care,Medical/Dental Instruments
NVTS,Navitas Semiconductor Corporation Common Stock,$10.94,-0.65,-5.608%,2856362759.00,United States,,9853886,Technology,Semiconductors
NVX,NOVONIX Limited American Depository Shares,$3.03,-0.05,-1.623%,65214172.00,Australia,,37506,Miscellaneous,Industrial Machinery/Components
NWBI,Northwest Bancshares Inc. Common Stock,$15.14,-0.15,-0.981%,2217391107.00,United States,2009,926017,Finance,Major Banks
NWE,NorthWestern Energy Group Inc. Common Stock,$69.91,0.75,1.084%,4300712894.00,United States,,337235,Utilities,Power Generation
NWFL,Norwood Financial Corp. Common Stock,$33.97,-0.19,-0.556%,370343454.00,United States,,36221,Finance,Major Banks
NWGL,CL Workshop Group Limited American Depositary Shares,$1.18,0.3299,38.807%,34046735.00,China,2023,5889907,Basic Materials,Forest Products
NWL,Newell Brands Inc. Common Stock,$5.94,-0.31,-4.96%,2529846000.00,United States,,9245602,Industrials,Plastic Products
NWPX,NWPX Infrastructure Inc. Common Stock,$109.08,-0.84,-0.764%,1051225994.00,United States,1995,283305,Industrials,Steel/Iron Ore
NWS,News Corporation Class B Common Stock,$34.23,-0.18,-0.523%,18520231799.00,United States,,1392516,Consumer Discretionary,Newspapers/Magazines
NWSA,News Corporation Class A Common Stock,$30.63,-0.08,-0.261%,16572442302.00,United States,,3413970,Consumer Discretionary,Newspapers/Magazines
NWTG,Newton Golf Company Inc. Common Stock,$1.16,-0.02,-1.695%,6289840.00,United States,2023,6764,Consumer Discretionary,Recreational Games/Products/Toys
NXGL,NexGel Inc Common Stock,$0.358,-0.0008,-0.223%,3489663.00,United States,2021,171991,Health Care,Medical/Dental Instruments
NXGLW,NexGel Inc Warrant,$0.0159,-0.0021,-11.667%,154988.00,United States,2021,4440,Health Care,Medical/Dental Instruments
NXH,Neighborhood Intelligence Inc. Common Stock,$3.69,-0.24,-6.107%,0.00,United States,2026,3372976,,
NXL,Nexalin Technology Inc. Common Stock,$6.80,-0.43,-5.947%,5639920.00,United States,2022,7604,Health Care,Biotechnology: Electromedical & Electrotherapeutic Apparatus
NXPI,NXP Semiconductors N.V. Common Stock,$222.40,-2.24,-0.997%,56081312298.00,Netherlands,2010,3181547,Technology,Semiconductors
NXPL,NextPlat Corp Common Stock,$9.64,-0.04,-0.413%,26155460.00,United States,,5409,Telecommunications,Telecommunications Equipment
NXST,Nexstar Media Group Inc. Common Stock,$177.84,-4.29,-2.355%,5478948250.00,United States,2003,277191,Industrials,Broadcasting
NXT,Nextpower Inc. Common Stock,$83.07,1.04,1.268%,12604171226.00,United States,2023,2805808,Technology,Semiconductors
NXTC,NextCure Inc. Common Stock,$6.80,0.41,6.416%,31126041.00,United States,2019,112871,Health Care,Biotechnology: Pharmaceutical Preparations
NXTS,Nexentis Technologies Inc. Common Stock,$1.76,-0.04,-2.222%,2557866.00,Israel,,14114,Industrials,Agricultural Chemicals
NXTT,Next Technology Holding Inc. Ordinary Shares,$5.32,-0.48,-8.276%,7836158.00,China,,35222,Technology,EDP Services
NXXT,NextNRG Inc. Common Stock,$0.22,-0.01,-4.348%,36989359.00,United States,2021,1028634,Consumer Discretionary,Retail-Auto Dealers and Gas Stations
NYAX,Nayax Ltd. Ordinary Shares,$53.38,1.32,2.536%,1994233829.00,Israel,,16557,Technology,Computer Software: Prepackaged Software
NYXH,Nyxoah SA Ordinary Shares,$1.49,-0.07,-4.487%,149108494.00,Belgium,2021,79714,Health Care,Medical/Dental Instruments
OABI,OmniAb Inc. Common Stock,$4.44,0.06,1.37%,645533367.00,United States,2021,1155230,Health Care,Biotechnology: Commercial Physical & Biological Resarch
OABIW,OmniAb Inc. Warrant,$0.26,0.00,0.00%,37801503.00,United States,2021,70,Health Care,Biotechnology: Commercial Physical & Biological Resarch
OACC,Oaktree Acquisition Corp. III Life Sciences Class A Ordinary Share,$10.76,-0.0001,-0.001%,0.00,United States,2024,85110,Finance,Blank Checks
OACCW,Oaktree Acquisition Corp. III Life Sciences Warrant,$0.95,0.00,0.00%,0.00,United States,2024,307,Finance,Blank Checks
OBA,Oxley Bridge Acquisition Limited Class A Ordinary Shares,$10.31,0.00,0.00%,0.00,Hong Kong,2025,15,Finance,Blank Checks
OBAI,Our Bond Inc. Common Stock,$0.3453,0.0009,0.261%,10350549.00,United States,,314332,Consumer Discretionary,Telecommunications Equipment
OBAWW,Oxley Bridge Acquisition Limited Warrants,$0.2004,0.0299,17.537%,0.00,Hong Kong,2025,121861,Finance,Blank Checks
OBIO,Orchestra BioMed Holdings Inc. Ordinary Shares,$4.90,-0.14,-2.778%,294514740.00,United States,2020,214530,Health Care, Medicinal Chemicals and Botanical Products 
OBT,Orange County Bancorp Inc. Common Stock,$37.50,-0.45,-1.186%,502798613.00,United States,,33783,Finance,Major Banks
OBX,Obsidian Therapeutics Inc. Common Stock,$17.04,-0.47,-2.684%,1052609807.00,United States,,79269,Health Care,Biotechnology: Pharmaceutical Preparations
OCC,Optical Cable Corporation Common Stock,$13.13,-0.29,-2.161%,115899718.00,United States,,95327,Industrials,Telecommunications Equipment
OCCI,OFS Credit Company Inc. Common Stock,$2.55,-0.02,-0.778%,29622101.00,United States,2018,170894,Finance,Trusts Except Educational Religious and Charitable
OCCIM,OFS Credit Company Inc. 7.875% Series F Term Preferred Stock,$25.20,0.025,0.099%,0.00,United States,,1879,,
OCCIN,OFS Credit Company Inc. 5.25% Series E Term Preferred Stock Due 2026,$24.958,0.003,0.012%,289924857.00,United States,,290,Finance,Trusts Except Educational Religious and Charitable
OCFC,OceanFirst Financial Corp. Common Stock,$18.53,-0.31,-1.645%,1790835908.00,United States,,892542,Finance,Major Banks
OCG,Oriental Culture Holding LTD Ordinary Shares,$1.58,0.04,2.597%,3062533.00,China,2020,36181,Consumer Discretionary,Other Consumer Services
OCGN,Ocugen Inc. Common Stock,$1.33,0.00,0.00%,451016833.00,United States,2014,2179360,Health Care,Biotechnology: Biological Products (No Diagnostic Substances)
OCLTU,OceanLight Acquisition Corporation Units,$10.01,0.00,0.00%,0.00,United States,2026,62206,Finance,Blank Checks
OCS,Oculis Holding AG Ordinary shares,$12.18,-0.07,-0.571%,706250455.00,Switzerland,,83368,Health Care,Biotechnology: Pharmaceutical Preparations
OCSL,Oaktree Specialty Lending Corporation Common Stock,$13.11,-0.15,-1.131%,1154801207.00,United States,,503809,Finance,Finance: Consumer Services
OCTV,Octave Intelligence plc Class B Ordinary Shares,$19.50,-0.50,-2.50%,5234536866.00,United States,,2540524,Technology,Computer Software: Prepackaged Software
OCUL,Ocular Therapeutix Inc. Common Stock,$10.57,0.08,0.763%,2321339725.00,United States,2014,1578284,Health Care,Biotechnology: Pharmaceutical Preparations
ODD,ODDITY Tech Ltd. Class A Ordinary Shares,$14.14,-0.26,-1.806%,801125526.00,Israel,2023,655303,Consumer Discretionary,Package Goods/Cosmetics
ODFL,Old Dominion Freight Line Inc. Common Stock,$187.01,-12.95,-6.476%,38777761880.00,United States,1991,2494560,Industrials,Trucking Freight/Courier Services
ODTX,Odyssey Therapeutics Inc. Common Stock,$24.50,-0.02,-0.082%,1177433912.00,United States,2026,172835,Health Care,Biotechnology: Biological Products (No Diagnostic Substances)
ODYS,Odysight.ai Inc. Common Stock,$3.64,-0.03,-0.817%,73689634.00,Israel,,33637,Technology,EDP Services
OESX,Orion Energy Systems Inc. Common Stock,$22.22,-0.765,-3.328%,90863935.00,United States,2015,31705,Consumer Discretionary,Building Products
OFAL,OFA Group Class A Ordinary Shares,$0.6316,-0.1146,-15.358%,15028086.00,Hong Kong,2025,771579,Consumer Discretionary,Military/Government/Technical
OFIX,Orthofix Medical Inc. Common Stock (DE),$9.43,0.04,0.426%,384108493.00,Curacao,1992,491167,Health Care,Medical/Dental Instruments
OFLX,Omega Flex Inc. Common Stock,$26.14,-0.50,-1.877%,263865577.00,United States,,25542,Industrials,Industrial Specialties
OFS,OFS Capital Corporation Common Stock,$3.86,0.28,7.821%,51716581.00,United States,,97027,Finance,Finance/Investors Services
OFSSH,OFS Capital Corporation 4.95% Notes due 2028,$23.76,0.16,0.678%,318338333.00,United States,,108,Finance,Finance Companies
OFSSO,OFS Capital Corporation 7.50% Notes due 2028,$25.20,0.00,0.00%,0.00,United States,,741,,
OGGWZ,Osisko Gold Group Inc. Warrant expiring 5/27/2027,$0.0401,-0.0098,-19.639%,12264097.00,Canada,,2719,Basic Materials,Precious Metals
OGI,Organigram Global Inc. Common Shares,$1.18,-0.03,-2.479%,166387666.00,Canada,,140027,Health Care,Biotechnology: Pharmaceutical Preparations
OHAC,Oceanhawk Acquisition Corp. Class A Ordinary Shares,$9.961,0.001,0.01%,0.00,United States,2026,316,,
OHACR,Oceanhawk Acquisition Corp. Rights,$0.23,0.00,0.00%,0.00,United States,2026,242,,
OHACU,Oceanhawk Acquisition Corp. Units,$10.14,0.00,0.00%,0.00,United States,2026,29,,
OIM,OneIM Acquisition Corp. Class A Ordinary Shares,$10.12,0.00,0.00%,0.00,United States,2026,7,,
OIO,OIO Group Ordinary Shares,$1.86,0.01,0.541%,647321121.00,Singapore,,103893,Utilities,Environmental Services
OIOWW,OIO Group Warrants,$0.0301,-0.0029,-8.788%,10475465.00,Singapore,,2316,Utilities,Environmental Services
OKTA,Okta Inc. Class A Common Stock,$166.43,-6.61,-3.82%,29095447047.00,United States,2017,4228647,Technology,Computer Software: Prepackaged Software
OKUR,OnKure Therapeutics Inc. Class A Common Stock,$3.56,-0.07,-1.928%,144166860.00,United States,2021,193311,Health Care,Biotechnology: Pharmaceutical Preparations
OKYO,OKYO Pharma Limited Ordinary Shares,$1.51,-0.01,-0.658%,79244086.00,Guernsey,2022,22267,Health Care,Biotechnology: Biological Products (No Diagnostic Substances)
OLB,The OLB Group Inc. Common Stock,$0.2916,-0.0044,-1.486%,7004323.00,United States,,69780,Consumer Discretionary,Business Services
OLED,Universal Display Corporation Common Stock,$82.41,-0.76,-0.914%,3788126872.00,United States,,769648,Technology,Electrical Products
OLLI,Ollie's Bargain Outlet Holdings Inc. Common Stock,$72.34,-3.08,-4.084%,4373191143.00,United States,2015,3080195,Consumer Discretionary,Department/Specialty Retail Stores
OLMA,Olema Pharmaceuticals Inc. Common Stock,$10.56,0.13,1.246%,923974730.00,United States,2020,766132,Health Care,Biotechnology: Pharmaceutical Preparations
OLOX,Olenox Industries Inc. Common Stock,$1.10,0.1074,10.82%,1825282.00,United States,2017,24038636,Consumer Discretionary,RETAIL: Building Materials
OM,Outset Medical Inc. Common Stock,$3.64,-0.18,-4.712%,68421677.00,United States,2020,134039,Health Care,Biotechnology: Electromedical & Electrotherapeutic Apparatus
OMAB,Grupo Aeroportuario del Centro Norte S.A.B. de C.V. ADS,$97.62,-1.68,-1.692%,4712232396.00,Mexico,2006,99260,Consumer Discretionary,Aerospace
OMCL,Omnicell Inc. Common Stock ($0.001 par value),$34.51,-0.65,-1.849%,1574169647.00,United States,2001,805633,Technology,Computer Manufacturing
OMDA,Omada Health Inc. Common Stock,$22.84,-1.71,-6.965%,1398189497.00,United States,2025,1429671,Health Care,Medical/Nursing Services
OMER,Omeros Corporation Common Stock,$18.75,-0.04,-0.213%,1357280925.00,United States,2009,2042442,Health Care,Biotechnology: Pharmaceutical Preparations
OMEX,Odyssey Marine Exploration Inc. Common Stock,$0.8335,-0.0222,-2.594%,48919273.00,United States,,249212,Consumer Discretionary,Marine Transportation
OMH,Ohmyhome Limited Class A Ordinary Shares,$3.33,0.09,2.778%,5623334.00,Singapore,2023,158835,Finance,Real Estate
OMSE,OMS Energy Technologies Inc. Ordinary Shares,$4.73,-0.09,-1.867%,200782370.00,Singapore,2025,62270,Consumer Discretionary,Oil and Gas Field Machinery
ON,ON Semiconductor Corporation Common Stock,$72.65,-1.44,-1.944%,28283997234.00,United States,,7722144,Technology,Semiconductors
ONB,Old National Bancorp Common Stock,$25.18,-0.40,-1.564%,9633112600.00,United States,,2915209,Finance,Major Banks
ONBPO,Old National Bancorp Depositary Shares Each Representing a 1/40th Interest in a Share of Series C Preferred Stock,$24.9022,0.0822,0.331%,9526834654.00,United States,,9010,Finance,Major Banks
ONBPP,Old National Bancorp Depositary Shares Each Representing a 1/40th Interest in a Share of Series A Preferred Stock,$24.85,0.05,0.202%,9506864500.00,United States,,3125,Finance,Major Banks
ONC,BeOne Medicines Ltd. American Depositary Shares,$358.655,-0.925,-0.257%,40779746695.00,Cayman Islands,2016,351255,Health Care,Biotechnology: Pharmaceutical Preparations
ONCH,1RT Acquisition Corp. Class A Ordinary Share,$10.325,-0.005,-0.048%,0.00,United States,2025,327787,,
ONCHU,1RT Acquisition Corp. Units,$10.43,0.00,0.00%,0.00,United States,2025,622,,
ONCHW,1RT Acquisition Corp. Warrant,$0.40,0.00,0.00%,0.00,United States,2025,6,Finance,Blank Checks
ONCO,Onconetix Inc. Common Stock,$0.6528,0.026,4.148%,2577977.00,United States,2022,126761,Health Care,Biotechnology: Pharmaceutical Preparations
ONCY,Oncolytics Biotech Inc. Common Stock,$0.84,0.0018,0.215%,107108824.00,Canada,,435104,Health Care,Biotechnology: Pharmaceutical Preparations
ONDS,Ondas Inc. Common Stock,$7.04,-0.615,-8.034%,4023040778.00,United States,,68535498,Technology,Radio And Television Broadcasting And Communications Equipment
ONEG,OneConstruction Group Limited Ordinary Shares,$1.02,-0.01,-0.971%,16320000.00,Hong Kong,2024,8754,Consumer Discretionary,Homebuilding
ONEW,OneWater Marine Inc. Class A Common Stock,$11.95,-0.04,-0.334%,199154147.00,United States,2020,62243,Consumer Discretionary,Auto & Home Supply Stores
ONFO,Onfolio Holdings Inc. Common Stock,$1.26,-0.06,-4.545%,3090417.00,United States,2022,132400,Technology,EDP Services
ONFOW,Onfolio Holdings Inc. Warrant,$0.015,0.0032,27.119%,36791.00,United States,2022,644553,Technology,EDP Services
ONMD,OneMedNet Corp Class A Common Stock,$0.5722,-0.0168,-2.852%,33923707.00,United Kingdom,2021,72854,Health Care,Biotechnology: Commercial Physical & Biological Resarch
ONMDW,OneMedNet Corp Warrant,$0.0348,-0.0001,-0.287%,2063168.00,United Kingdom,2021,46,Health Care,Biotechnology: Commercial Physical & Biological Resarch
OPAD,Offerpad Solutions Inc. Class A Common Stock,$4.10,-0.30,-6.818%,19814271.00,United States,,20194,Finance,Real Estate
OPAL,OPAL Fuels Inc. Class A Common Stock,$1.93,-0.06,-3.015%,337280201.00,United States,2021,307425,Utilities,Natural Gas Distribution
OPBK,OP Bancorp Common Stock,$14.99,-0.02,-0.133%,223839899.00,United States,2018,35525,Finance,Major Banks
OPCH,Option Care Health Inc. Common Stock,$23.64,0.19,0.81%,3540923145.00,United States,,1560128,Health Care,Medical/Nursing Services
OPEN,Opendoor Technologies Inc Common Stock,$3.04,-0.16,-5.00%,2952116792.00,United States,,29571926,Finance,Real Estate
OPENL,Opendoor Technologies Inc  Series A Warrants each whole warrant exercisable to purchase one share of Common Stock at an exercise price of $13.00 per warrant,$0.12,0.0108,9.89%,116530926.00,United States,,217403,Finance,Real Estate
OPENW,Opendoor Technologies Inc  Series K Warrants each whole warrant exercisable to purchase one share of Common Stock at an exercise price of $9.00 per warrant,$0.1997,0.002,1.012%,193926883.00,United States,,304304,Finance,Real Estate
OPENZ,Opendoor Technologies Inc  Series Z Warrants each whole warrant exercisable to purchase one share of Common Stock at an exercise price of $17.00 per warrant,$0.1165,0.0055,4.955%,113132107.00,United States,,157000,Finance,Real Estate
OPI,Office Properties Income Trust Common shares of beneficial interest,$17.70,0.03,0.17%,388578313.00,United States,,36354,Finance,Real Estate
OPK,OPKO Health Inc. Common Stock,$1.52,0.05,3.401%,1134418902.00,United States,,3055365,Health Care,Biotechnology: Pharmaceutical Preparations
OPRA,Opera Limited American Depositary Shares,$18.77,-0.46,-2.392%,1687057229.00,Norway,2018,275956,Technology,Computer Software: Prepackaged Software
OPRT,Oportun Financial Corporation Common Stock,$7.13,-0.22,-2.993%,327889114.00,United States,2019,218425,Finance,Finance: Consumer Services
OPRX,OptimizeRx Corporation Common Stock,$7.86,-0.12,-1.504%,148050575.00,United States,,115461,Consumer Discretionary,Business Services
OPTH,Optimi Health Corp. Common Shares,$4.99,0.08,1.629%,28572076.00,Canada,,14986,Health Care,Biotechnology: Pharmaceutical Preparations
OPTX,Syntec Optics Holdings Inc. Class A Common Stock,$7.28,-0.91,-11.111%,293237512.00,United States,2022,334026,Technology,Electronic Components
OPTXW,Syntec Optics Holdings Inc. Warrant,$1.15,-0.31,-21.233%,46321860.00,United States,2022,8948,Technology,Electronic Components
OPXS,Optex Systems Holdings Inc. Common Stock,$10.22,0.38,3.862%,71129902.00,United States,,41300,Technology,Electronic Components
ORBS,Eightco Holdings Inc. Common Stock,$0.7607,-0.0049,-0.64%,326931668.00,United States,,6475215,Finance,Finance Companies
ORGO,Organogenesis Holdings Inc. Class A Common Stock,$1.63,-0.09,-5.233%,209739513.00,United States,2016,1059590,Health Care,Biotechnology: Pharmaceutical Preparations
ORIC,Oric Pharmaceuticals Inc. Common Stock,$12.89,-0.10,-0.77%,1336082736.00,United States,2020,646426,Health Care,Biotechnology: Pharmaceutical Preparations
ORIO,Orion Digital Corp. Common Shares,$1.01,0.00,0.00%,24018810.00,Canada,,53359,Finance,Finance: Consumer Services
ORIQ,Origin Investment Corp I Ordinary Shares,$10.40,0.01,0.096%,0.00,Singapore,2025,6004,,
ORKA,Oruka Therapeutics Inc. Common Stock,$92.11,-0.51,-0.551%,6098575375.00,United States,,596195,Health Care,Biotechnology: In Vitro & In Vivo Diagnostic Substances
ORKT,Orangekloud Technology Inc. Class A Ordinary Shares,$1.05,0.08,8.247%,6131759.00,Singapore,2024,106723,Technology,Computer Software: Prepackaged Software
ORLY,O'Reilly Automotive Inc. Common Stock,$87.95,-0.85,-0.957%,71148101656.00,United States,1993,5345757,Consumer Discretionary,Auto & Home Supply Stores
ORMP,Oramed Pharmaceuticals Inc. Common Stock,$4.85,-0.17,-3.386%,201747167.00,Israel,,255342,Health Care,Biotechnology: Pharmaceutical Preparations
ORRF,Orrstown Financial Services Inc. Common Stock,$41.28,-0.42,-1.007%,811962161.00,United States,,83346,Finance,Major Banks
OSBC,Old Second Bancorp Inc. Common Stock,$25.08,0.00,0.00%,1275962957.00,United States,,442968,Finance,Major Banks
OSIS,OSI Systems Inc. Common Stock (DE),$208.52,0.61,0.293%,3324219167.00,United States,1997,192360,Technology,Semiconductors
OSPN,OneSpan Inc. Common Stock,$15.88,-0.64,-3.874%,585212507.00,United States,,300933,Technology,EDP Services
OSPR,Osprey Acquisition Corp. III Class A Ordinary Shares,$9.84,0.00,0.00%,0.00,United States,2026,14022,Finance,Blank Checks
OSPRU,Osprey Acquisition Corp. III Units,$10.00,0.00,0.00%,0.00,United States,2026,2521,Finance,Blank Checks
OSPRW,Osprey Acquisition Corp. III Warrants,$0.40,0.00,0.00%,0.00,United States,2026,1282,Finance,Blank Checks
OSS,One Stop Systems Inc. Common Stock,$9.97,-0.45,-4.319%,248653096.00,United States,2018,864860,Technology,Computer Manufacturing
OSUR,OraSure Technologies Inc. Common Stock,$3.53,-0.06,-1.671%,243459253.00,United States,,329003,Health Care,Medical/Dental Instruments
OSW,OneSpaWorld Holdings Limited Common Shares,$22.24,-2.59,-10.431%,2257331355.00,Bahamas,,1597330,Consumer Discretionary,Hotels/Resorts
OTEX,Open Text Corporation Common Shares,$23.84,-1.09,-4.372%,5974370204.00,Canada,1996,2278642,Technology,EDP Services
OTGA,OTG Acquisition Corp. I Class A Ordinary Share ,$10.22,0.00,0.00%,0.00,United States,2025,416,Finance,Blank Checks
OTGAU,OTG Acquisition Corp. I Unit,$10.37,0.00,0.00%,0.00,United States,2025,2,Finance,Blank Checks
OTLK,Outlook Therapeutics Inc. Common Stock,$0.6231,-0.0103,-1.626%,151692171.00,United States,2016,3562163,Health Care,Biotechnology: Biological Products (No Diagnostic Substances)
OTLY,Oatly Group AB American Depositary Shares,$14.70,0.25,1.73%,469110193.00,Sweden,2021,44699,Consumer Staples,Packaged Foods
OTTR,Otter Tail Corporation Common Stock,$89.59,-0.88,-0.973%,3761488112.00,United States,,270775,Utilities,Electric Utilities: Central
OUST,Ouster Inc. Common Stock,$33.26,-1.18,-3.426%,2398456196.00,United States,,1908088,Industrials,Industrial Machinery/Components
OVBC,Ohio Valley Banc Corp. Common Stock,$45.145,-0.585,-1.279%,212678140.00,United States,,16748,Finance,Major Banks
OVID,Ovid Therapeutics Inc. Common Stock,$2.76,0.09,3.371%,539022085.00,United States,2017,1294900,Health Care,Biotechnology: Pharmaceutical Preparations
OVLY,Oak Valley Bancorp (CA) Common Stock,$33.83,0.24,0.714%,284601912.00,United States,,21860,Finance,Major Banks
OWLS,OBOOK Holdings Inc. Class A Common Shares,$5.01,-0.36,-6.704%,189505309.00,Taiwan,,44742,Technology,Computer Software: Prepackaged Software
OXBR,Oxbridge Re Holdings Limited Ordinary Shares,$1.30,-0.01,-0.763%,10580150.00,Cayman Islands,2014,49465,Finance,Property-Casualty Insurers
OXBRW,Oxbridge Re Holdings Limited Warrant expiring 3/26/2029,$0.109,0.00,0.00%,887105.00,Cayman Islands,2014,58,Finance,Property-Casualty Insurers
OXLC,Oxford Lane Capital Corp. Common Stock,$9.59,-0.12,-1.236%,1664824000.00,United States,2011,901446,Finance,Investment Managers
OXLCG,Oxford Lane Capital Corp. 7.95% Notes due 2032,$25.24,0.055,0.218%,0.00,United States,,6488,Finance,Investment Managers
OXLCI,Oxford Lane Capital Corp. 8.75% Notes due 2030,$25.8399,0.0499,0.193%,0.00,United States,,3569,,
OXLCL,Oxford Lane Capital Corp. 6.75% Notes due 2031,$24.45,0.095,0.39%,4244520000.00,United States,,971,Finance,Finance Companies
OXLCM,Oxford Lane Capital Corp. Preferred Stock Shares 8.25% Series 2031,$25.04,-0.05,-0.199%,4346944000.00,United States,,7722,Finance,Investment Managers
OXLCN,Oxford Lane Capital Corp. 7.125% Series 2029 Term Preferred Stock,$24.725,0.125,0.508%,4292260000.00,United States,,3541,Finance,Investment Managers
OXLCO,Oxford Lane Capital Corp. Preferred Stock Shares 6.00% Series 2029,$24.02,0.045,0.188%,4169872000.00,United States,,1261,Finance,Investment Managers
OXLCZ,Oxford Lane Capital Corp. 5.00% Notes due 2027,$25.0163,0.0343,0.137%,4342829680.00,United States,,23690,Finance,Finance Companies
OXSQ,Oxford Square Capital Corp. Common Stock,$1.34,0.00,0.00%,144328419.00,United States,2003,1119411,Finance,Blank Checks
OXSQG,Oxford Square Capital Corp. 5.50% Notes due 2028,$24.0752,0.00,0.00%,1534983231.00,United States,,66,Consumer Discretionary,Other Consumer Services
OXSQH,Oxford Square Capital Corp. 7.75% Notes due 2030,$25.01,0.03,0.12%,0.00,United States,,536,Finance,Blank Checks
OYSE,Oyster Enterprises II Acquisition Corp Class A Ordinary Shares,$10.3961,0.0261,0.252%,0.00,United States,2025,279924,Finance,Blank Checks
OYSER,Oyster Enterprises II Acquisition Corp Rights,$0.135,0.00,0.00%,0.00,United States,2025,8,Finance,Blank Checks
OYSEU,Oyster Enterprises II Acquisition Corp Units,$10.66,0.00,0.00%,0.00,United States,2025,176,Finance,Blank Checks
OZK,Bank OZK Common Stock,$48.38,-0.70,-1.426%,5473526066.00,United States,,1060466,Finance,Major Banks
OZKAP,Bank OZK 4.625% Series A Non-Cumulative Perpetual Preferred Stock,$15.99,-0.11,-0.683%,1809046751.00,United States,,65421,Finance,Major Banks
PAA,Plains All American Pipeline L.P. Common Units representing Limited Partner Interests,$25.86,0.21,0.819%,18245948656.00,United States,1998,2294585,Energy,Natural Gas Distribution
PAAC,Proem Acquisition Corp I Ordinary Shares,$10.07,0.10,1.003%,145682690.00,United States,2026,66143,Finance,Investment Managers
PAACU,Proem Acquisition Corp I Units,$10.15,0.00,0.00%,0.00,United States,2026,50,Finance,Investment Managers
PAACW,Proem Acquisition Corp I Warrants,$0.4668,0.1668,55.60%,0.00,United States,2026,271830,Finance,Investment Managers
PACB,Pacific Biosciences of California Inc. Common Stock,$1.28,-0.075,-5.535%,397863372.00,United States,2010,6029735,Industrials,Biotechnology: Laboratory Analytical Instruments
PACH,Pioneer Acquisition I Corp Class A Ordinary Shares,$10.31,-0.01,-0.097%,0.00,United States,2025,226,,
PACHU,Pioneer Acquisition I Corp Units,$10.38,0.00,0.00%,0.00,United States,2025,1,,
PACHW,Pioneer Acquisition I Corp Warrants,$0.17,-0.0102,-5.66%,0.00,United States,2025,167383,,
PAGP,Plains GP Holdings L.P. Class A Units representing Limited Partner Interests,$28.47,0.25,0.886%,5634330410.00,United States,,1524296,Energy,Natural Gas Distribution
PAHC,Phibro Animal Health Corporation Class A Common Stock,$38.37,0.63,1.669%,1557883507.00,United States,2014,370209,Health Care,Biotechnology: Pharmaceutical Preparations
PAL,Proficient Auto Logistics Inc. Common Stock,$4.95,-0.09,-1.786%,138861969.00,United States,2024,359204,Consumer Discretionary,Transportation Services
PALI,Palisade Bio Inc. Common Stock,$1.96,0.01,0.513%,341570294.00,United States,,879460,Health Care,Biotechnology: Biological Products (No Diagnostic Substances)
PALO,Paloma Acquisition Corp I Class A Ordinary Shares,$9.99,0.005,0.05%,0.00,United States,2026,3020,Finance,Blank Checks
PAMT,PAMT CORP Common Stock,$12.62,0.49,4.04%,264291283.00,United States,,20006,Industrials,Trucking Freight/Courier Services
PANL,Pangaea Logistics Solutions Ltd. Common Shares,$8.07,0.05,0.623%,528373340.00,United States,2013,302011,Consumer Discretionary,Marine Transportation
PANW,Palo Alto Networks Inc. Common Stock,$362.09,-20.04,-5.244%,295103350000.00,United States,,9206869,Technology,Computer peripheral equipment
PARA,Banzai International Inc. Class A Common Stock,$1.07,-0.03,-2.727%,,United States,2021,65678,Industrials,Broadcasting
PARAW,Banzai International Inc. Warrant,$0.0075,0.001,15.385%,26632.00,United States,2021,13258,Technology,Computer Software: Prepackaged Software
PARK,Park Dental Partners Inc. Common Stock,$21.07,0.33,1.591%,100193792.00,United States,2025,19116,Health Care,Misc Health and Biotechnology Services
PASG,Passage Bio Inc. Common Stock,$4.44,0.01,0.226%,14287076.00,United States,2020,1306,Health Care,Biotechnology: Biological Products (No Diagnostic Substances)
PASW,Ping An Biomedical Co. Ltd. Class A Ordinary Shares,$0.135,-0.0166,-10.95%,16814250.00,Hong Kong,1999,5939652,Consumer Discretionary,Apparel
PATK,Patrick Industries Inc. Common Stock,$81.30,-0.42,-0.514%,2611214863.00,United States,,417592,Consumer Discretionary,Auto Parts:O.E.M.
PAVM,PAVmed Inc. Common Stock,$4.99,-0.22,-4.223%,39899631.00,United States,2016,4215,Health Care,Medical/Dental Instruments
PAVS,Paranovus Entertainment Technology Ltd. Class A Ordinary Shares,$4.80,-0.41,-7.869%,4174262.00,China,2019,25211,Technology,EDP Services
PAX,Patria Investments Limited Class A Common Shares,$11.25,-0.09,-0.794%,1825725611.00,Cayman Islands,2021,1271133,Finance,Investment Managers
PAYO,Payoneer Global Inc. Common Stock,$7.10,-0.01,-0.141%,2405840936.00,United States,,2101184,Consumer Discretionary,Business Services
PAYP,PayPay Corporation American Depository Shares,$14.99,-0.14,-0.925%,10150375594.00,Japan,2026,359615,Consumer Discretionary,Business Services
PAYS,Paysign Inc. Common Stock,$12.395,-0.065,-0.522%,699848424.00,United States,,633216,Technology,EDP Services
PAYX,Paychex Inc. Common Stock,$125.64,-1.70,-1.335%,44687994530.00,United States,1983,1708452,Industrials,Diversified Commercial Services
PBAM,Private Bancorp of America Inc. Common Stock,$88.50,-0.20,-0.225%,504564254.00,United States,,45994,Finance,Major Banks
PBFS,Pioneer Bancorp Inc. Common Stock,$18.02,0.56,3.207%,447646767.00,United States,2019,11006,Finance,Banks
PBHC,Pathfinder Bancorp Inc. Common Stock (MD),$15.57,-0.14,-0.891%,76267465.00,United States,,2245,Finance,Major Banks
PBK,PowerBank Corporation Common Stock,$0.4177,-0.0216,-4.917%,19613850.00,Canada,,609276,Utilities,Power Generation
PBLS,Parabilis Medicines Inc. Common Stock,$39.47,0.46,1.179%,4813446624.00,United States,2026,500187,Health Care,Biotechnology: Pharmaceutical Preparations
PBM,Psyence Biomedical Ltd. Common Shares,$4.37,0.03,0.691%,16668613.00,Canada,,15230,Health Care,Biotechnology: Pharmaceutical Preparations
PBMWW,Psyence Biomedical Ltd. Warrant,$0.0236,0.0039,19.797%,90018.00,Canada,,1069,Health Care,Biotechnology: Pharmaceutical Preparations
PBYI,Puma Biotechnology Inc Common Stock,$9.35,0.24,2.634%,482647617.00,United States,,458356,Health Care,Biotechnology: Pharmaceutical Preparations
PCAP,ProCap Acquisition Corp Class A Ordinary Shares,$10.36,0.00,0.00%,0.00,United States,2025,291719,Finance,Blank Checks
PCAPU,ProCap Acquisition Corp Unit,$10.46,0.00,0.00%,0.00,United States,2025,12,,
PCAR,PACCAR Inc. Common Stock,$122.45,-1.68,-1.353%,64453388495.00,United States,,2505641,Industrials,Auto Manufacturing
PCB,PCB Bancorp Common Stock,$27.21,-0.12,-0.439%,382153620.00,United States,2018,35974,Finance,Major Banks
PCLA,PicoCELA Inc. American Depositary Shares,$6.55,-0.21,-3.107%,62970423.00,Japan,2025,30145,Consumer Discretionary,Building Products
PCRX,Pacira BioSciences Inc. Common Stock,$26.47,0.57,2.201%,1055144122.00,United States,2011,729486,Health Care,Biotechnology: Pharmaceutical Preparations
PCSA,Processa Pharmaceuticals Inc. Common Stock,$2.05,0.00,0.00%,5726441.00,United States,,14402,Health Care,Biotechnology: Pharmaceutical Preparations
PCT,PureCycle Technologies Inc. Common stock,$6.29,-0.24,-3.675%,1263691255.00,United States,,3609880,Industrials,Major Chemicals
PCTTW,PureCycle Technologies Inc. Warrant,$2.57,0.00,0.00%,516325362.00,United States,,3,Industrials,Major Chemicals
PCTY,Paylocity Holding Corporation Common Stock,$156.02,-4.20,-2.621%,8277947367.00,United States,2014,560719,Technology,Computer Software: Prepackaged Software
PCVX,Vaxcyte Inc. Common Stock,$60.81,0.07,0.115%,9048848955.00,United States,2020,1441195,Health Care,Biotechnology: Biological Products (No Diagnostic Substances)
PCYO,Pure Cycle Corporation Common Stock,$11.11,0.015,0.135%,267721781.00,United States,,94879,Utilities,Water Supply
PDC,Perpetuals.com Ltd American Depositary Shares,$3.04,0.00,0.00%,9273733.00,Japan,2023,22160,Technology,EDP Services
PDD,PDD Holdings Inc. American Depositary Shares,$83.17,-0.83,-0.988%,118383883745.00,China,2018,5982554,Consumer Discretionary,Business Services
PDEX,Pro-Dex Inc. Common Stock,$61.40,-0.70,-1.127%,196035403.00,United States,,92093,Health Care,Medical/Dental Instruments
PDFS,PDF Solutions Inc. Common Stock,$41.79,-2.69,-6.048%,1764675357.00,United States,2001,558955,Technology,Computer Software: Prepackaged Software
PDLB,Ponce Financial Group Inc. Common Stock,$19.92,-0.36,-1.775%,481822988.00,United States,2017,115868,Finance,Savings Institutions
PDSB,PDS Biotechnology Corporation Common Stock,$0.204,-0.01,-4.673%,11418153.00,United States,2015,591540,Health Care,Biotechnology: Pharmaceutical Preparations
PDYN,Palladyne AI Corp. Common Stock,$5.43,-0.28,-4.904%,267908109.00,United States,,689289,Technology,Computer Software: Prepackaged Software
PDYNW,Palladyne AI Corp Warrants,$0.0096,0.0008,9.091%,473650.00,United States,,29519,Technology,Computer Software: Prepackaged Software
PEBK,Peoples Bancorp of North Carolina Inc. Common Stock,$43.20,-0.50,-1.144%,235936368.00,United States,,15739,Finance,Major Banks
PEBO,Peoples Bancorp Inc. Common Stock,$39.09,-0.28,-0.711%,1404985093.00,United States,,218819,Finance,Major Banks
PECE,Peace Acquisition Corp Ordinary Shares,$9.99,0.00,0.00%,0.00,United States,2026,54,Finance,Blank Checks
PECER,Peace Acquisition Corp Right,$0.36,0.00,0.00%,0.00,United States,2026,4209,Finance,Blank Checks
PECO,Phillips Edison & Company Inc. Common Stock,$38.92,0.27,0.699%,5009004000.00,United States,2021,778311,Real Estate,Real Estate Investment Trusts
PEGA,Pegasystems Inc. Common Stock,$36.68,-0.13,-0.353%,6030373383.00,United States,1996,4469724,Technology,EDP Services
PENG,Penguin Solutions Inc. Common Stock,$47.59,-1.49,-3.036%,2438640045.00,United States,2017,2597992,Technology,Semiconductors
PENN,PENN Entertainment Inc. Common Stock,$16.40,-0.31,-1.855%,2198692092.00,United States,1994,3535412,Consumer Discretionary,Hotels/Resorts
PEP,PepsiCo Inc. Common Stock,$139.79,-0.55,-0.392%,190798190893.00,United States,,5529497,Consumer Staples,Beverages (Production/Distribution)
PEPG,PepGen Inc. Common Stock,$3.12,0.13,4.348%,216089693.00,United States,2022,461788,Health Care,Biotechnology: Pharmaceutical Preparations
PERI,Perion Network Ltd. Ordinary Shares,$9.42,-0.33,-3.385%,370491605.00,Israel,2006,669469,Technology,EDP Services
PESI,Perma-Fix Environmental Services Inc. Common Stock,$17.84,-0.31,-1.708%,378535382.00,United States,,245478,Industrials,Environmental Services
PETS,PetMed Express Inc. Common Stock,$1.83,-0.06,-3.175%,39672413.00,United States,,61728,Consumer Staples,Retail-Drug Stores and Proprietary Stores
PETZ,TDH Holdings Inc. Common Shares,$1.48,0.33,28.696%,15278437.00,China,2017,11575649,Finance,Real Estate
PFAI,Pinnacle Food Group Limited Class A Common Shares,$3.04,0.2108,7.451%,35679203.00,Canada,2025,868,Consumer Staples,Farming/Seeds/Milling
PFBC,Preferred Bank Common Stock,$101.74,-0.69,-0.674%,1460651675.00,United States,,96367,Finance,Major Banks
PFG,Principal Financial Group Inc Common Stock,$109.36,-0.80,-0.726%,23414483540.00,United States,2001,1244289,Finance,Accident &Health Insurance
PFIS,Peoples Financial Services Corp. Common Stock,$68.69,0.02,0.029%,687612109.00,United States,,31481,Finance,Major Banks
PFSA,Profusa Inc. Common Stock,$2.88,-0.12,-4.00%,1744263.00,United States,,222043,Health Care,Medical/Dental Instruments
PFX,PhenixFIN Corporation Common Stock,$45.20,-1.61,-3.439%,87293540.00,United States,,4309,Finance,Finance: Consumer Services
PFXNZ,PhenixFIN Corporation  5.25% Notes due 2028,$24.075,-0.0249,-0.103%,48243146.00,United States,,5061,Finance,Finance: Consumer Services
PGAC,Pantages Capital Acquisition Corporation Class A Ordinary Shares,$10.69,0.00,0.00%,0.00,United States,2025,31,,
PGC,Peapack-Gladstone Financial Corporation Common Stock,$44.59,-0.05,-0.112%,790489380.00,United States,,132284,Finance,Commercial Banks
PGEN,Precigen Inc. Common Stock,$6.86,-0.07,-1.01%,2456121794.00,United States,,2805746,Health Care,Biotechnology: Pharmaceutical Preparations
PGNY,Progyny Inc. Common Stock,$25.66,0.07,0.274%,1968809637.00,United States,2019,765070,Health Care,Misc Health and Biotechnology Services
PGY,Pagaya Technologies Ltd. Class A Ordinary Shares,$20.94,-0.80,-3.68%,1746937152.00,United States,,1701888,Finance,Finance: Consumer Services
PGYWW,Pagaya Technologies Ltd. Warrants,$0.0162,-0.0009,-5.263%,1351499.00,United States,,32799,Finance,Finance: Consumer Services
PHAR,Pharming Group N.V. ADS each representing 10 ordinary shares,$11.11,-0.37,-3.223%,784646305.00,Netherlands,,34517,Health Care,Biotechnology: Pharmaceutical Preparations
PHAT,Phathom Pharmaceuticals Inc. Common Stock,$9.39,-0.18,-1.881%,759659770.00,United States,2019,885004,Health Care,Biotechnology: Pharmaceutical Preparations
PHIO,Phio Pharmaceuticals Corp. Common Stock,$1.10,0.01,0.917%,12778975.00,United States,,282691,Health Care,Biotechnology: Pharmaceutical Preparations
PHOE,Phoenix Asia Holdings Limited Ordinary Shares,$20.75,-0.51,-2.399%,448200000.00,Hong Kong,2025,6195,Consumer Discretionary,Engineering & Construction
PHOS,First Phosphate Corp. American Depositary Shares,$16.31,-0.99,-5.723%,308494728.00,Canada,,70011,Industrials,Mining & Quarrying of Nonmetallic Minerals (No Fuels)
PHUN,Phunware Inc. Common Stock,$2.06,-0.02,-0.962%,42153111.00,Greece,2016,64865,Technology,EDP Services
PHVS,Pharvaris N.V. Ordinary Shares,$34.93,0.32,0.925%,2433449203.00,Netherlands,2021,394554,Health Care,Biotechnology: Pharmaceutical Preparations
PI,Impinj Inc. Common Stock,$168.19,-6.13,-3.517%,5138946722.00,United States,2016,308576,Technology,Industrial Machinery/Components
PICS,PicS N.V. Class A Common Shares,$10.74,0.13,1.225%,1391770212.00,Brazil,2026,693586,Finance,Finance: Consumer Services
PIII,P3 Health Partners Inc. Class A Common Stock,$8.89,-0.17,-1.876%,64550130.00,United States,2021,56231,Health Care,Medical/Nursing Services
PIIIW,P3 Health Partners Inc. Warrant,$0.0126,-0.0002,-1.563%,91488.00,United States,2021,1735,Health Care,Medical/Nursing Services
PKBK,Parke Bancorp Inc. Common Stock,$33.44,-0.31,-0.919%,393303557.00,United States,,17727,Finance,Major Banks
PKOH,Park-Ohio Holdings Corp. Common Stock,$44.19,-0.94,-2.083%,640313542.00,United States,,60032,Industrials,Industrial Specialties
PLAB,Photronics Inc. Common Stock,$27.33,-0.81,-2.878%,1611477866.00,United States,1987,3001442,Technology,Semiconductors
PLAY,Dave & Buster's Entertainment Inc. Common Stock,$8.45,-0.52,-5.797%,293964464.00,United States,2014,1921543,Consumer Discretionary,Restaurants
PLBC,Plumas Bancorp,$60.82,-0.41,-0.67%,423247353.00,United States,,47125,Finance,Finance Companies
PLBL,Polibeli Group Ltd Class A Ordinary Shares,$5.605,-0.055,-0.972%,2053601769.00,Indonesia,,925194,Consumer Discretionary,Consumer Electronics/Appliances
PLBY,Playboy Inc. Common Stock,$1.19,0.01,0.847%,142571149.00,United States,2020,547956,Consumer Discretionary,Other Specialty Stores
PLCE,Children's Place Inc. (The) Common Stock,$2.51,0.02,0.803%,55815038.00,United States,1997,348437,Consumer Discretionary,Clothing/Shoe/Accessory Stores
PLCI,Pelican Acquisition II Corporation Ordinary Shares,$9.90,0.00,0.00%,0.00,United States,2026,811,Finance,Blank Checks
PLCIR,Pelican Acquisition II Corporation Right,$0.15,0.0199,15.296%,0.00,United States,2026,6643,Finance,Blank Checks
PLCIU,Pelican Acquisition II Corporation Unit,$10.00,0.00,0.00%,0.00,United States,2026,7,Finance,Blank Checks
PLMK,Plum Acquisition Corp. IV Class A Ordinary Shares,$10.675,0.025,0.235%,0.00,United States,2025,3722,,
PLMKW,Plum Acquisition Corp. IV Warrants,$0.37,0.015,4.225%,0.00,United States,2025,7017,,
PLMR,Palomar Holdings Inc. Common stock,$131.86,-0.71,-0.536%,3470249680.00,United States,2019,176817,Finance,Property-Casualty Insurers
PLPC,Preformed Line Products Company Common Stock,$388.60,-12.25,-3.056%,1899749209.00,United States,,71788,Industrials,Water Sewer Pipeline Comm & Power Line Construction
PLRX,Pliant Therapeutics Inc. Common Stock,$1.11,0.01,0.909%,68733306.00,United States,2020,267489,Health Care,Biotechnology: Pharmaceutical Preparations
PLRZ,Polyrizon Ltd. Ordinary Shares,$14.36,-0.15,-1.034%,29925938.00,Israel,2024,276193,Health Care,Medical/Dental Instruments
PLSE,Pulse Biosciences Inc Common Stock (DE),$52.09,1.76,3.497%,3715194599.00,United States,2016,1133579,Health Care,Medical/Dental Instruments
PLSM,Pulsenmore Ltd. Ordinary Shares,$2.56,-0.06,-2.29%,16647281.00,Israel,,29801,Health Care,Medical/Dental Instruments
PLTK,Playtika Holding Corp. Common Stock,$2.20,-0.07,-3.084%,839120009.00,Israel,2021,2253111,Technology,EDP Services
PLTR,Palantir Technologies Inc. Class A Common Stock,$179.92,-6.46,-3.466%,432177462122.00,United States,,24505920,Technology,Computer Software: Prepackaged Software
PLUG,Plug Power Inc. Common Stock,$2.09,-0.07,-3.241%,2920138131.00,United States,1999,46616941,Energy,Industrial Machinery/Components
PLUR,Pluri Inc. Common Stock,$1.46,-0.01,-0.68%,18023315.00,Israel,,3678,Health Care,Biotechnology: Biological Products (No Diagnostic Substances)
PLUS,ePlus inc. Common Stock,$86.58,-1.39,-1.58%,2258908390.00,United States,1996,192529,Technology,Retail: Computer Software & Peripheral Equipment
PLUT,Plutus Financial Group Limited Ordinary Shares,$2.55,0.00,0.00%,39142500.00,Hong Kong,2025,12,Finance,Investment Bankers/Brokers/Service
PLXS,Plexus Corp. Common Stock,$238.57,-0.90,-0.376%,6358391258.00,United States,,325120,Technology,Electrical Products
PLYX,Polaryx Therapeutics Inc. Common Stock,$1.98,-0.03,-1.493%,98695066.00,United States,,86024,Health Care,Biotechnology: Pharmaceutical Preparations
PMA,Ming Shing Group Holdings Limited Ordinary Shares,$1.29,0.09,7.50%,16737750.00,Hong Kong,2024,42169,Consumer Discretionary,Engineering & Construction
PMAX,Powell Max Limited Class A Ordinary Shares,$0.9251,-0.1049,-10.184%,1815014.00,Hong Kong,2024,25480,Consumer Discretionary,Other Consumer Services
PMCB,PharmaCyte  Biotech Inc. Common Stock,$0.4881,-0.0128,-2.555%,5240070.00,United States,,55147,Health Care,Biotechnology: Biological Products (No Diagnostic Substances)
PMEC,Primech Holdings Ltd. Ordinary Shares,$0.504,0.0237,4.934%,19362665.00,Singapore,2023,23204,Consumer Discretionary,Diversified Commercial Services
PMN,ProMIS Neurosciences Inc. Common Shares (ON),$13.35,0.28,2.142%,119718702.00,Canada,,42264,Health Care,Biotechnology: Pharmaceutical Preparations
PMTR,Perimeter Acquisition Corp. I Class A Ordinary Shares,$10.43,0.01,0.096%,0.00,United States,2025,4350,Finance,Blank Checks
PMTRU,Perimeter Acquisition Corp. I Unit,$11.14,0.21,1.921%,0.00,United States,2025,354,Finance,Blank Checks
PMTS,CPI Card Group Inc. Common Stock,$28.34,-0.63,-2.175%,326779159.00,United States,,74930,Consumer Discretionary,Publishing
PMVP,PMV Pharmaceuticals Inc. Common Stock,$1.29,0.08,6.612%,68960895.00,United States,2020,6807676,Health Care,Biotechnology: Pharmaceutical Preparations
PN,PN Smart Energy Limited Class A Ordinary Shares,$2.60,-0.04,-1.515%,38360465.00,China,2025,99416,Technology,Retail: Computer Software & Peripheral Equipment
PNBK,Patriot National Bancorp Inc. Common Stock,$1.06,0.00,0.00%,125866732.00,United States,,252532,Finance,Major Banks
PNRG,PrimeEnergy Resources Corporation Common Stock,$217.84,6.76,3.203%,344753584.00,United States,,204606,Energy,Oil & Gas Production
PNTG,The Pennant Group Inc. Common Stock ,$37.74,0.98,2.666%,1318223253.00,United States,,242943,Health Care,Medical/Nursing Services
POCI,Precision Optics Corporation Inc. Common stock,$4.24,-0.06,-1.395%,46406245.00,United States,,17841,Health Care,Biotechnology: Electromedical & Electrotherapeutic Apparatus
PODC,PodcastOne Inc. Common Stock,$2.73,-0.055,-1.975%,82589860.00,United States,,44416,Technology,Computer Software: Programming Data Processing
PODD,Insulet Corporation Common Stock,$148.38,-0.28,-0.188%,10290776048.00,United States,2007,1288224,Health Care,Medical/Dental Instruments
POET,POET Technologies Inc. Common Shares,$7.10,-0.36,-4.826%,1228712425.00,Canada,,7605778,Technology,Semiconductors
POLA,Polar Power Inc. Common Stock,$1.40,0.01,0.719%,5896190.00,United States,2016,76082,Miscellaneous,Industrial Machinery/Components
POLE,Andretti Acquisition Corp. II Class A Ordinary Shares,$10.80,-0.05,-0.461%,0.00,United States,2024,1289,,
POLEW,Andretti Acquisition Corp. II Warrant,$0.14,0.0001,0.071%,0.00,United States,2024,1844,,
POM,POMDOCTOR LIMITED American Depositary Shares,$0.98,0.035,3.704%,7306148.00,China,2025,14231,Consumer Discretionary,Other Specialty Stores
PONO,Pono Capital Four Inc. Class A Ordinary Shares,$10.01,0.00,0.00%,0.00,Cayman Islands,2026,7,Finance,Blank Checks
PONOR,Pono Capital Four Inc. Rights,$0.2201,0.0001,0.045%,0.00,Cayman Islands,2026,3518,Finance,Blank Checks
PONY,Pony AI Inc. American Depositary Shares ,$7.02,-0.07,-0.987%,3043461702.00,China,2024,2358792,Technology,EDP Services
POOL,Pool Corporation Common Stock,$182.76,-3.76,-2.016%,6641634922.00,United States,1995,945034,Consumer Discretionary,Industrial Specialties
POWI,Power Integrations Inc. Common Stock,$49.78,-1.60,-3.114%,2781372774.00,United States,1997,2531948,Technology,Semiconductors
POWL,Powell Industries Inc. Common Stock,$172.14,-7.59,-4.223%,6271501567.00,United States,,749043,Energy,Electrical Products
POWW,Outdoor Holding Company Common Stock,$2.18,0.02,0.926%,252913478.00,United States,,441267,Industrials,Ordnance And Accessories
POWWP,Outdoor Holding Company 8.75% Series A Cumulative Redeemable Perpetual Preferred Stock,$23.705,0.2269,0.966%,2750144038.00,United States,,3292,Industrials,Ordnance And Accessories
PPBT,Purple Biotech Ltd. American Depositary Shares,$1.66,-0.04,-2.353%,2700599.00,Israel,2015,59994,Health Care,Biotechnology: Pharmaceutical Preparations
PPC,Pilgrim's Pride Corporation Common Stock,$31.09,-0.29,-0.924%,7402794011.00,United States,,1279162,Consumer Staples,Meat/Poultry/Fish
PPCB,Propanc Biopharma Inc. Common Stock,$1.13,-0.22,-16.296%,3959651.00,Australia,,606982,Health Care,Biotechnology: Pharmaceutical Preparations
PPHC,Public Policy Holding Company Inc. Common Stock,$10.95,0.11,1.015%,275225830.00,United States,2026,66206,,
PPIH,Perma-Pipe International Holdings Inc. Common Stock,$27.00,-0.43,-1.568%,219394251.00,United States,,65809,Industrials,Pollution Control Equipment
PPLI,People Incorporated Common Stock,$38.53,0.25,0.653%,2869095030.00,United States,,924292,Technology,Computer Software: Programming Data Processing
PPSI,Pioneer Power Solutions Inc. Common Stock,$2.86,-0.07,-2.389%,31743901.00,United States,,38951,Miscellaneous,Industrial Machinery/Components
PPTA,Perpetua Resources Corp. Common Shares,$23.50,-1.44,-5.774%,2939751371.00,Canada,,1168555,Basic Materials,Precious Metals
PRAA,PRA Group Inc. Common Stock,$18.34,-0.48,-2.55%,690464430.00,United States,2002,377960,Finance,Finance Companies
PRAX,Praxis Precision Medicines Inc. Common Stock,$353.44,3.14,0.896%,9868040559.00,United States,2020,305943,Health Care,Biotechnology: Pharmaceutical Preparations
PRCH,Porch Group Inc. Common Stock,$17.355,0.365,2.148%,2287945124.00,United States,2020,1830835,Technology,Computer Software: Prepackaged Software
PRCT,PROCEPT BioRobotics Corporation Common Stock,$20.91,-0.29,-1.368%,1197592210.00,United States,2021,1070132,Health Care,Medical/Dental Instruments
PRDO,Perdoceo Education Corporation Common Stock,$32.99,-0.08,-0.242%,2064417044.00,United States,,665877,Real Estate,Other Consumer Services
PRE,Prenetics Global Limited Class A Ordinary Share,$25.81,-0.44,-1.676%,433075204.00,Hong Kong,,181531,Finance,Blank Checks
PRENW,Prenetics Global Limited Warrant,$0.0143,0.0037,34.906%,239945.00,Hong Kong,,317,Finance,Blank Checks
PRFX,PRF Technologies Ltd. Ordinary Shares,$0.9512,-0.0024,-0.252%,2893389.00,Israel,2020,21206,Health Care,Biotechnology: Pharmaceutical Preparations
PRGS,Progress Software Corporation Common Stock (DE),$45.22,-1.05,-2.269%,1854605237.00,United States,1991,1013792,Technology,Computer Software: Prepackaged Software
PRHI,Presurance Holdings Inc. Common Stock,$6.01,-0.17,-2.751%,22514013.00,United States,2015,4290,Finance,Property-Casualty Insurers
PRHIZ,Presurance Holdings Inc. 9.75% Senior Unsecured Notes due 2028,$23.25,0.00,0.00%,284181983.00,United States,,83,Finance,Property-Casualty Insurers
PRLD,Prelude Therapeutics Incorporated Common Stock,$5.49,-0.11,-1.964%,438121133.00,United States,2020,538444,Health Care,Biotechnology: Pharmaceutical Preparations
PRME,Prime Medicine Inc. Common Stock,$3.57,-0.02,-0.557%,647515376.00,United States,2022,2453375,Health Care,Biotechnology: Biological Products (No Diagnostic Substances)
PROF,Profound Medical Corp. Common Stock,$6.80,0.00,0.00%,248421639.00,Canada,,62352,Health Care,Medical/Dental Instruments
PROK,ProKidney Corp. Class A Ordinary Shares,$1.85,-0.04,-2.116%,559296912.00,United States,2021,692937,Health Care,Biotechnology: Biological Products (No Diagnostic Substances)
PROP,Prairie Operating Co. Common Stock,$0.5067,-0.0023,-0.452%,57154752.00,United States,,1430698,Energy,Oil & Gas Production
PROV,Provident Financial Holdings Inc. Common Stock,$18.31,0.00,0.00%,114505082.00,United States,,11743,Finance,Savings Institutions
PRPL,Purple Innovation Inc. Common Stock,$3.73,-0.26,-6.516%,16237097.00,United States,2015,25062,Consumer Discretionary,Home Furnishings
PRPO,Precipio Inc.  Common Stock,$27.765,0.075,0.271%,49704570.00,United States,,211243,Industrials,Biotechnology: Laboratory Analytical Instruments
PRQR,ProQR Therapeutics N.V. Ordinary Shares,$2.12,-0.01,-0.469%,299177529.00,Netherlands,2014,569328,Health Care,Biotechnology: Pharmaceutical Preparations
PRSO,Peraso Inc. Common Stock,$0.5569,-0.0392,-6.576%,8389407.00,United States,,368837,Technology,Semiconductors
PRTA,Prothena Corporation plc Ordinary Shares,$9.61,0.26,2.781%,493348320.00,United States,,267729,Health Care,Biotechnology: Pharmaceutical Preparations
PRTH,Priority Technology Holdings Inc. Common Stock,$5.25,-0.06,-1.13%,432811953.00,United States,2016,400631,Consumer Discretionary,Business Services
PRTS,CarParts.com Inc. Common Stock,$7.48,0.25,3.458%,60329431.00,United States,2007,37275,Consumer Discretionary,Auto & Home Supply Stores
PRVA,Privia Health Group Inc. Common Stock,$20.64,0.15,0.732%,2636434032.00,United States,2021,1068818,Health Care,Medical/Nursing Services
PRZO,ParaZero Technologies Ltd. Ordinary Shares,$0.8246,-0.0519,-5.921%,21380700.00,Israel,2023,875895,Industrials,Military/Government/Technical
PSEC,Prospect Capital Corporation Common Stock,$2.21,-0.07,-3.07%,1159879816.00,United States,2004,3669002,Finance,Finance: Consumer Services
PSHG,Performance Shipping Inc. Common Shares,$1.72,0.02,1.176%,21382108.00,Greece,,46711,Consumer Discretionary,Marine Transportation
PSIG,PS International Group Ltd. Ordinary Shares,$1.88,0.25,15.337%,28915945.00,Hong Kong,,100581,Industrials,Integrated Freight & Logistics
PSIX,Power Solutions International Inc. Common Stock,$35.43,-0.88,-2.424%,817208894.00,United States,,293661,Industrials,Industrial Machinery/Components
PSKY,Paramount Skydance Corporation Class B Common Stock,$10.55,-0.36,-3.30%,11836527968.00,United States,,10431788,Industrials,Broadcasting
PSMT,PriceSmart Inc. Common Stock,$172.05,2.04,1.20%,5309553154.00,United States,,284517,Consumer Discretionary,Department/Specialty Retail Stores
PSNL,Personalis Inc. Common Stock,$17.06,0.28,1.669%,1822005816.00,United States,2019,3619012,Health Care,Medical Specialities
PSNY,Polestar Automotive Holding UK PLC Class A ADS,$12.12,-0.47,-3.733%,1991075163.00,Sweden,,131983,Industrials,Auto Manufacturing
PSNYW,Polestar Automotive Holding UK PLC Class C-1 ADS (ADW),$5.10,-0.65,-11.304%,837828658.00,Sweden,,55224,Industrials,Auto Manufacturing
PSQL,Pasqal Holding SA Ordinary Share,$15.56,-1.74,-10.058%,3708466661.00,France,,1874162,Technology,EDP Services
PSQLW,Pasqal Holding SA Warrant,$2.02,0.085,4.393%,481433333.00,France,,316543,Technology,EDP Services
PTAC,Patriot Acquisition Corp. Class A Ordinary Shares,$9.94,0.01,0.101%,0.00,United States,2026,1215,Finance,Blank Checks
PTACU,Patriot Acquisition Corp. Units,$10.07,0.00,0.00%,0.00,United States,2026,1,,
PTC,PTC Inc. Common Stock,$152.81,-2.93,-1.881%,16580841743.00,United States,,696466,Technology,Computer Software: Prepackaged Software
PTCT,PTC Therapeutics Inc. Common Stock,$70.56,1.02,1.467%,5888994189.00,United States,2013,691043,Health Care,Biotechnology: Pharmaceutical Preparations
PTEN,Patterson-UTI Energy Inc. Common Stock,$12.79,0.25,1.994%,4877912538.00,United States,1993,7685970,Energy,Oil & Gas Production
PTGX,Protagonist Therapeutics Inc. Common Stock,$146.49,-1.26,-0.853%,9479116670.00,United States,2016,534329,Health Care,Biotechnology: Pharmaceutical Preparations
PTLE,PTL LTD Class A Ordinary Shares,$7.41,-0.21,-2.756%,46543114.00,Singapore,2024,13973,Energy,Oil Refining/Marketing
PTLO,Portillo's Inc. Class A Common Stock,$4.41,-0.16,-3.501%,334909618.00,United States,2021,1110568,Consumer Discretionary,Restaurants
PTN,Palatin Technologies Inc. Common Stock,$11.54,1.55,15.516%,20532834.00,United States,,149165,Health Care,Biotechnology: Pharmaceutical Preparations
PTON,Peloton Interactive Inc. Class A Common Stock,$5.09,-0.27,-5.037%,2233857467.00,United States,2019,9230787,Consumer Discretionary,Recreational Games/Products/Toys
PTOR,Praetorian Acquisition Corp. Class A Ordinary Shares,$9.985,-0.01,-0.10%,0.00,United States,2026,15049,Finance,Blank Checks
PTORU,Praetorian Acquisition Corp. Units,$10.15,0.00,0.00%,0.00,United States,2026,2,,
PTORW,Praetorian Acquisition Corp. Warrant,$0.3977,0.0127,3.299%,0.00,United States,2026,200,Finance,Blank Checks
PTRN,Pattern Group Inc. Series A Common Stock,$20.03,-0.70,-3.377%,3553303753.00,United States,2025,1058559,Consumer Discretionary,Catalog/Specialty Distribution
PUBM,PubMatic Inc. Class A Common Stock,$16.27,-0.36,-2.165%,741099492.00,United States,2020,514478,Technology,Computer Software: Programming Data Processing
PULM,Pulmatrix Inc. Common Stock,$1.525,0.055,3.741%,5569735.00,United States,2014,942,Health Care,Biotechnology: Pharmaceutical Preparations
PURR,Hyperliquid Strategies Inc Common Stock,$11.355,-0.895,-7.306%,2246445914.00,United States,,24173376,Finance,Finance: Consumer Services
PUSA,Aureus Greenway Holdings Inc. Common Stock,$3.92,-0.01,-0.254%,105618841.00,United States,2025,769014,Consumer Discretionary,Hotels/Resorts
PVLA,Palvella Therapeutics Inc. Common Stock,$150.55,-2.04,-1.337%,2169185674.00,United States,,119954,Health Care,Biotechnology: Pharmaceutical Preparations
PWCM,PowerCompute Inc. Common Stock,$1.08,-0.06,-5.263%,1937666.00,United States,2015,143524,Finance,Finance: Consumer Services
PWP,Perella Weinberg Partners Class A Common Stock,$16.40,-0.23,-1.383%,1542227825.00,United States,2020,1125187,Finance,Finance: Consumer Services
PWRL,Powerlaw Corp. Common Stock,$9.91,-0.59,-5.619%,0.00,United States,,115353,,
PXLW,Pixelworks Inc.  Common Stock,$6.88,0.01,0.146%,41619824.00,United States,2000,28626,Technology,Computer Software: Prepackaged Software
PXS,Pyxis Tankers Inc. Common Stock,$6.23,0.87,16.231%,64014116.00,Greece,,1087484,Consumer Discretionary,Marine Transportation
PYPD,PolyPid Ltd. Ordinary Shares,$5.33,0.19,3.696%,108261713.00,Israel,2020,242084,Health Care,Medical/Dental Instruments
PYPL,PayPal Holdings Inc. Common Stock,$52.40,-0.265,-0.503%,44826149798.00,United States,,10187204,Industrials,Diversified Commercial Services
PYXS,Pyxis Oncology Inc. Common Stock,$3.44,0.20,6.173%,286923692.00,United States,2021,590225,Health Care,Biotechnology: Pharmaceutical Preparations
PZZA,Papa John's International Inc. Common Stock,$22.71,-0.77,-3.279%,747651512.00,United States,1993,1159756,Consumer Discretionary,Restaurants
QADR,QDRO Acquisition Corp. Class A Ordinary Shares,$9.98,0.00,0.00%,0.00,United States,2026,615,Finance,Blank Checks
QBTS,D-Wave Quantum Inc. Common Stock,$16.54,-0.66,-3.837%,6107623864.00,United States,,11808340,Technology,EDP Services
QCLS,Q/C Technologies Inc. Common Stock,$2.09,-0.23,-9.914%,17116761.00,United States,2014,347698,Health Care,Biotechnology: In Vitro & In Vivo Diagnostic Substances
QCOM,QUALCOMM Incorporated Common Stock,$166.61,-3.87,-2.27%,174979473578.00,United States,1991,8900913,Technology,Radio And Television Broadcasting And Communications Equipment
QCRH,QCR Holdings Inc. Common Stock,$99.00,-0.47,-0.473%,1621185786.00,United States,,129764,Finance,Major Banks
QDEL,QuidelOrtho Corporation Common Stock,$13.75,-0.68,-4.712%,942912121.00,United States,,892861,Health Care,Biotechnology: In Vitro & In Vivo Diagnostic Substances
QETA,Quetta Acquisition Corporation Common Stock,$11.74,0.00,0.00%,0.00,United States,2023,16,Finance,Blank Checks
QETAR,Quetta Acquisition Corporation Right,$0.5601,0.00,0.00%,0.00,United States,2023,2,Finance,Blank Checks
QFIN,Qfin Holdings Inc. American Depositary Shares,$8.38,-0.28,-3.233%,1020280788.00,China,2018,2947046,Finance,Finance: Consumer Services
QH,Quhuo Limited Class A Ordinary Shares,$4.12,-0.05,-1.199%,11333679.00,China,2020,2641,Consumer Discretionary,Business Services
QLYS,Qualys Inc. Common Stock,$177.01,-9.13,-4.905%,6123661127.00,United States,2012,841404,Technology,Computer Software: Prepackaged Software
QMCO,Quantum Corporation Common Stock,$24.17,-0.16,-0.658%,952539724.00,United States,,861292,Technology,Electronic Components
QMLS,QumulusAI Inc. Common Stock,$5.595,-0.275,-4.685%,187200391.00,United States,,119541,Technology,EDP Services
QNBC,QNB Corp. Common Stock,$45.00,-0.10,-0.222%,272186505.00,United States,,13675,Finance,Major Banks
QNCX,Quince Therapeutics Inc. Common Stock,$32.11,-0.46,-1.412%,32657893.00,United States,2019,16502,Health Care,Biotechnology: Biological Products (No Diagnostic Substances)
QNME,Quanome Technologies Inc. Common Stock,$0.3302,-0.0078,-2.308%,11367980.00,United States,2024,86384,Industrials,Integrated Freight & Logistics
QNRX,Quoin Pharmaceuticals Ltd. American Depositary Shares,$6.51,0.29,4.662%,13074795.00,Israel,2016,275295,Health Care,Biotechnology: Pharmaceutical Preparations
QNST,QuinStreet Inc. Common Stock,$18.94,-0.50,-2.572%,1081216586.00,United States,2010,1071967,Consumer Discretionary,Business Services
QNT,Quantinuum Inc. Class A Common Stock,$47.66,-2.44,-4.87%,12549266048.00,United States,2026,1172018,Technology,EDP Services
QNTM,Quantum Biopharma Ltd. Class B Subordinate Voting Shares,$3.04,-0.13,-4.101%,24586064.00,Canada,,82706,Health Care,Biotechnology: Pharmaceutical Preparations
QQQX,Nuveen NASDAQ 100 Dynamic Overwrite Fund Shares of Beneficial Interest,$30.61,-0.30,-0.971%,0.00,United States,,77950,Finance,Finance Companies
QRHC,Quest Resource Holding Corporation Common Stock,$1.38,-0.02,-1.429%,29108141.00,United States,,4518,Utilities,Environmental Services
QRVO,Qorvo Inc. Common Stock,$96.40,0.32,0.333%,8504565421.00,United States,,857505,Technology,Semiconductors
QS,QuantumScape Corporation Class A Common Stock,$5.47,-0.12,-2.147%,3386550883.00,United States,,10982467,Miscellaneous,Industrial Machinery/Components
QSEA,Quartzsea Acquisition Corporation Ordinary Shares,$10.61,0.00,0.00%,0.00,United States,2025,11,Finance,Blank Checks
QSEAR,Quartzsea Acquisition Corporation Rights,$0.2554,0.0034,1.349%,0.00,United States,2025,3315,Finance,Blank Checks
QSI,Quantum-Si Incorporated Class A Common Stock,$0.7573,-0.0086,-1.123%,165760787.00,United States,2020,1503483,Industrials,Industrial Machinery/Components
QTEX,QTREX Quantum Ltd. Ordinary Shares,$0.7985,-0.0288,-3.481%,44687201.00,Israel,2021,1068009,Health Care,Medical/Dental Instruments
QTI,QT Imaging Holdings Inc. Common Stock,$2.77,-0.16,-5.461%,40543171.00,United States,,95069,Health Care,Biotechnology: Electromedical & Electrotherapeutic Apparatus
QTRX,Quanterix Corporation Common Stock,$2.51,-0.16,-5.993%,118705593.00,United States,2017,904144,Industrials,Biotechnology: Laboratory Analytical Instruments
QTTB,Q32 Bio Inc. Common Stock,$14.36,-0.51,-3.43%,427489532.00,United States,2018,331616,Health Care,Biotechnology: Pharmaceutical Preparations
QUBT,Quantum Computing Inc. Common Stock,$7.90,-0.33,-4.01%,1788140202.00,United States,,5851124,Technology,Computer Software: Prepackaged Software
QUCY,Quantum Cyber N.V. Ordinary Shares,$1.48,-0.09,-5.732%,124420924.00,Germany,2021,1554899,Health Care,Biotechnology: Pharmaceutical Preparations
QUIK,QuickLogic Corporation Common Stock,$10.56,-0.17,-1.584%,193435345.00,United States,1999,286930,Technology,Semiconductors
QUMS,Quantumsphere Acquisition Corp. Ordinary Shares,$10.33,0.00,0.00%,0.00,United States,2025,49,,
QUMSR,Quantumsphere Acquisition Corp. Rights,$0.149,-0.0155,-9.422%,0.00,United States,2025,100,,
QURE,uniQure N.V. Ordinary Shares,$47.86,-0.82,-1.684%,3319876478.00,Netherlands,2014,748893,Health Care,Biotechnology: Pharmaceutical Preparations
QVCG,QVC Group Inc. Common Stock,$16.77,-0.82,-4.662%,135738091.00,United States,,59916,Consumer Discretionary,Catalog/Specialty Distribution
QXL,Quantum X Labs Inc. Common Stock,$4.81,0.05,1.05%,103741243.00,Israel,,31607,Technology,Computer Software: Prepackaged Software
RACC,Research Alliance Corporation III Class A Ordinary Shares,$20.50,-0.25,-1.205%,0.00,United States,2026,13130,Finance,Blank Checks
RACD,Research Alliance Corporation IV Class A Ordinary Shares,$12.70,0.00,0.00%,0.00,United States,2026,182,,
RADX,Radiopharm Theranostics Limited American Depositary Shares,$2.27,-0.01,-0.439%,32636575.00,Australia,,14584,Health Care,Biotechnology: Pharmaceutical Preparations
RAIL,FreightCar America Inc. Common Stock,$6.69,-0.20,-2.903%,219373663.00,United States,2005,215642,Industrials,Railroads
RAIN,Rain Enhancement Technologies Holdco Inc. Class A Common Stock,$0.8875,-0.0175,-1.934%,10387345.00,United States,,1615496,Technology,Industrial Machinery/Components
RAINW,Rain Enhancement Technologies Holdco Inc. Warrants,$0.15,-0.0075,-4.762%,1755608.00,United States,,1444,Technology,Industrial Machinery/Components
RAND,Rand Capital Corporation Common Stock,$10.79,-0.25,-2.264%,32044293.00,United States,,3571,Finance,Finance: Consumer Services
RANG,Range Capital Acquisition Corp. Ordinary Shares,$10.76,0.00,0.00%,0.00,United States,2025,13,Finance,Blank Checks
RANGR,Range Capital Acquisition Corp. Rights,$0.27,0.00,0.00%,0.00,United States,2025,4378,Finance,Blank Checks
RANI,Rani Therapeutics Holdings Inc. Class A Common Stock,$0.8645,0.0107,1.253%,120507253.00,United States,2021,1155655,Health Care,Biotechnology: Pharmaceutical Preparations
RAPP,Rapport Therapeutics Inc. Common Stock,$48.56,-0.11,-0.226%,2329825568.00,United States,2024,148620,Health Care,Biotechnology: Pharmaceutical Preparations
RARE,Ultragenyx Pharmaceutical Inc. Common Stock,$25.81,0.60,2.38%,2544578812.00,United States,2014,1871424,Health Care,Biotechnology: Pharmaceutical Preparations
RAVE,Rave Restaurant Group Inc. Common Stock,$3.09,-0.05,-1.592%,43913739.00,United States,,32616,Consumer Discretionary,Food Distributors
RAY,Raytech Holding Limited Ordinary Shares,$2.70,0.00,0.00%,15861806.00,Hong Kong,2024,5328,Consumer Discretionary,Consumer Electronics/Appliances
RAYA,Erayak Power Solution Group Inc. Class A Ordinary Shares,$2.26,-0.07,-3.004%,2383645.00,China,2022,3789,Consumer Discretionary,Metal Fabrications
RBB,RBB Bancorp Common Stock,$25.87,-0.08,-0.308%,437615989.00,United States,2017,93429,Finance,Major Banks
RBBN,Ribbon Communications Inc. Common Stock,$1.955,-0.035,-1.759%,349599653.00,United States,,595749,Technology,EDP Services
RBCAA,Republic Bancorp Inc. Class A Common Stock,$94.71,1.20,1.283%,1859550441.00,United States,1998,159918,Finance,Major Banks
RBKB,Rhinebeck Bancorp Inc. Common Stock,$12.58,-0.015,-0.119%,196700452.00,United States,2019,124629,Finance,Banks
RBNE,Robin Energy Ltd. Common Stock,$2.62,0.02,0.769%,3490618.00,Cyprus,,28784,Consumer Discretionary,Marine Transportation
RCAT,Red Cat Holdings Inc. Common Stock,$8.25,-0.34,-3.958%,1259893487.00,United States,,4794602,Technology,Computer Software: Prepackaged Software
RCBC,River City Bank Common stock,$51.37,0.21,0.41%,729438794.00,United States,,97918,Finance,Major Banks
RCEL,Avita Medical Inc. Common Stock,$10.07,-0.03,-0.297%,311433349.00,United States,,142670,Health Care,Medical/Dental Instruments
RCKT,Rocket Pharmaceuticals Inc. Common Stock,$3.73,0.01,0.269%,409459247.00,United States,2015,948774,Health Care,Biotechnology: Pharmaceutical Preparations
RCKTW,Rocket Pharmaceuticals Inc. Warrant,$0.0001,-0.0003,-75.00%,10977.00,United States,,738538,Health Care,Biotechnology: Pharmaceutical Preparations
RCKY,Rocky Brands Inc. Common Stock,$44.59,-0.45,-0.999%,334064311.00,United States,1993,36567,Consumer Discretionary,Shoe Manufacturing
RCMT,RCM Technologies Inc. Common Stock,$41.92,0.32,0.769%,298083017.00,United States,,58976,Consumer Discretionary,Professional Services
RCON,Recon Technology Ltd. Class A Ordinary Shares,$1.48,-0.06,-3.896%,31025572.00,China,2009,274615,Energy,Oilfield Services/Equipment
RCT,RedCloud Holdings plc Ordinary Shares,$0.2179,0.0059,2.783%,14900136.00,United Kingdom,2025,121077,Technology,Computer Software: Programming Data Processing
RDAC,Rising Dragon Acquisition Corp. Ordinary Shares,$6.45,1.89,41.447%,0.00,China,2024,24359076,,
RDACR,Rising Dragon Acquisition Corp. Rights,$0.0804,0.0099,14.043%,0.00,China,2024,363580,Finance,Blank Checks
RDACU,Rising Dragon Acquisition Corp. Unit,$9.95,0.00,0.00%,0.00,China,2024,6,Finance,Blank Checks
RDAG,Republic Digital Acquisition Company Class A Ordinary Shares,$10.40,0.00,0.00%,0.00,United States,2025,10,Finance,Blank Checks
RDAGU,Republic Digital Acquisition Company Unit,$10.51,0.00,0.00%,0.00,United States,2025,2,Finance,Blank Checks
RDAGW,Republic Digital Acquisition Company Warrants,$0.27,0.00,0.00%,0.00,United States,2025,505,Finance,Blank Checks
RDCM,Radcom Ltd. Ordinary Shares,$10.01,-0.20,-1.959%,167071475.00,Israel,1997,147559,Technology,Computer peripheral equipment
RDGT,Ridgetech Inc. Ordinary Shares,$0.9338,-0.003,-0.32%,3389264.00,China,,60363,Consumer Staples,Retail-Drug Stores and Proprietary Stores
RDHL,Redhill Biopharma Ltd. American Depositary Shares,$0.87,-0.03,-3.333%,5290400.00,Israel,,3774439,Health Care,Biotechnology: Pharmaceutical Preparations
RDI,Reading International Inc Class A Common Stock,$2.06,-0.07,-3.286%,47153662.00,United States,,38415,Consumer Discretionary,Movies/Entertainment
RDIB,Reading International Inc Class B Common Stock,$17.70,2.60,17.219%,405155248.00,United States,,123972,Consumer Discretionary,Movies/Entertainment
RDNT,RadNet Inc. Common Stock,$75.52,-0.30,-0.396%,5943216849.00,United States,,763025,Health Care,Medical Specialities
RDNW,RideNow Group Inc. Class B Common Stock,$5.56,-0.10,-1.767%,216901649.00,United States,,90169,Technology,EDP Services
RDVT,Red Violet Inc. Common Stock ,$75.56,2.40,3.28%,1212509431.00,United States,,349761,Technology,Computer Software: Prepackaged Software
RDWR,Radware Ltd. Ordinary Shares,$27.93,-0.95,-3.289%,1181633672.00,Israel,1999,183898,Consumer Discretionary,Business Services
RDZN,Roadzen Inc. Ordinary Shares,$1.39,-0.02,-1.418%,118379438.00,United States,2022,336774,Finance,Specialty Insurers
RDZNW,Roadzen Inc. Warrants,$0.10,-0.011,-9.91%,8516506.00,United States,2022,7707,Finance,Specialty Insurers
REAL,The RealReal Inc. Common Stock,$10.01,-0.23,-2.246%,1217927861.00,United States,2019,3050383,Consumer Discretionary,Other Specialty Stores
REAX,Real REMAX Group Inc. Common Stock,$18.07,-0.91,-4.795%,396094400.00,Canada,,1013547,Finance,Real Estate
REBN,Reborn Coffee Inc. Common Stock,$1.26,-0.02,-1.563%,10348953.00,United States,2022,9338,Consumer Discretionary,Restaurants
RECT,Rectitude Holdings Ltd Ordinary Shares,$1.40,0.07,5.263%,21675850.00,Singapore,2024,2062,Consumer Discretionary,Industrial Machinery/Components
REFI,Chicago Atlantic Real Estate Finance Inc. Common Stock,$10.79,-0.09,-0.827%,276452165.00,United States,2021,116132,Real Estate,Real Estate Investment Trusts
REFR,Research Frontiers Incorporated Common Stock,$0.444,-0.0231,-4.945%,15481297.00,United States,,392635,Miscellaneous,Multi-Sector Companies
REG,Regency Centers Corporation Common Stock,$76.06,1.29,1.725%,13928148805.00,United States,1993,1491019,Real Estate,Real Estate Investment Trusts
REGCO,Regency Centers Corporation 5.875% Series B Cumulative Redeemable Preferred Stock,$21.75,-0.33,-1.495%,3982871897.00,United States,,1569,Real Estate,Real Estate Investment Trusts
REGCP,Regency Centers Corporation 6.25% Series A Cumulative Redeemable Preferred Stock,$23.22,-0.20,-0.854%,4252059101.00,United States,,3108,Real Estate,Real Estate Investment Trusts
REGN,Regeneron Pharmaceuticals Inc. Common Stock,$823.82,24.74,3.096%,84816378214.00,United States,1991,682641,Health Care,Biotechnology: Pharmaceutical Preparations
REKR,Rekor Systems Inc. Common Stock,$0.518,-0.0364,-6.566%,71295704.00,United States,,1894111,Telecommunications,Telecommunications Equipment
RELL,Richardson Electronics Ltd. Common Stock,$16.69,-0.63,-3.637%,248083798.00,United States,1983,175015,Technology,Electronic Components
RELY,Remitly Global Inc. Common Stock,$25.71,-1.03,-3.852%,5442397028.00,United States,2021,4507770,Consumer Discretionary,Business Services
RENT,Rent the Runway Inc. Class A Common Stock,$3.70,0.14,3.933%,124269787.00,United States,2021,48768,Consumer Discretionary,Other Specialty Stores
RENX,RenX Enterprises Corp. Common Stock,$2.06,0.08,4.04%,5451191.00,United States,,213286,Utilities,Environmental Services
REPL,Replimune Group Inc. Common Stock,$15.67,0.37,2.418%,1476421665.00,United States,2018,1778769,Health Care,Biotechnology: Biological Products (No Diagnostic Substances)
RETO,ReTo Eco-Solutions Inc. Class A Shares,$1.26,-0.08,-5.97%,45168869.00,China,2017,153184,Industrials,Industrial Machinery/Components
REVB,Revelation Biosciences Inc. Common Stock,$0.9866,-0.0134,-1.34%,3930038.00,United States,2020,25223,Health Care,Biotechnology: Pharmaceutical Preparations
REYN,Reynolds Consumer Products Inc. Common Stock,$22.68,-0.47,-2.03%,4780739472.00,United States,2020,2123631,Consumer Discretionary,Containers/Packaging
RFAI,RF Acquisition Corp II Ordinary Shares,$41.50,-1.51,-3.511%,0.00,Singapore,2024,15632,,
RFAIR,RF Acquisition Corp II Right,$0.154,0.0043,2.872%,0.00,Singapore,2024,253984,Technology,Computer Software: Prepackaged Software
RFAIU,RF Acquisition Corp II Unit,$47.01,0.00,0.00%,0.00,Singapore,2024,36,Technology,Computer Software: Prepackaged Software
RFAM,RF Acquisition Corp III Ordinary Shares,$9.955,-0.005,-0.05%,0.00,Singapore,2026,104648,,
RFAMU,RF Acquisition Corp III Units,$10.03,0.03,0.30%,0.00,Singapore,2026,100,Finance,Blank Checks
RFIL,RF Industries Ltd. Common Stock,$10.06,-0.48,-4.554%,109163726.00,United States,,149105,Technology,Electrical Products
RGC,Regencell Bioscience Holdings Limited Ordinary Shares,$5.50,-0.01,-0.181%,2719688994.00,Hong Kong,2021,102108,Health Care, Medicinal Chemicals and Botanical Products 
RGCO,RGC Resources Inc. Common Stock,$21.57,0.16,0.747%,224749823.00,United States,,13205,Utilities,Oil & Gas Production
RGEN,Repligen Corporation Common Stock,$170.02,-10.96,-6.056%,9595184282.00,United States,1986,1405178,Health Care,Biotechnology: Biological Products (No Diagnostic Substances)
RGLD,Royal Gold Inc. Common Stock,$254.09,-7.38,-2.823%,21528501185.00,United States,,677907,Industrials,Precious Metals
RGNX,REGENXBIO Inc. Common Stock,$9.32,-0.18,-1.895%,615242949.00,United States,2015,783756,Health Care,Biotechnology: Biological Products (No Diagnostic Substances)
RGP,Resources Connection Inc. Common Stock,$4.14,-0.05,-1.193%,142596612.00,United States,,315620,Consumer Discretionary,Business Services
RGS,Regis Corporation Common Stock,$28.79,1.49,5.458%,71939819.00,United States,1991,52435,Consumer Discretionary,Other Consumer Services
RGTI,Rigetti Computing Inc. Common Stock,$14.99,-0.67,-4.278%,5003193518.00,United States,,13113448,Technology,EDP Services
RGTIW,Rigetti Computing Inc. Warrants,$6.15,-0.429,-6.521%,2052677794.00,United States,,47225,Technology,EDP Services
RIBB,Ribbon Acquisition Corp Class A Ordinary Shares,$10.86,0.00,0.00%,0.00,Japan,2025,12,,
RIBBR,Ribbon Acquisition Corp Rights,$0.2758,0.0022,0.804%,0.00,Japan,2025,10220,,
RIBBU,Ribbon Acquisition Corp Unit,$13.99,2.99,27.182%,0.00,Japan,2025,10188,,
RICK,RCI Hospitality Holdings Inc. Common Stock,$29.03,-0.10,-0.343%,221919835.00,United States,1995,44664,Consumer Discretionary,Restaurants
RIGL,Rigel Pharmaceuticals Inc. Common Stock,$47.50,1.32,2.858%,887293540.00,United States,2000,205476,Health Care,Biotechnology: Pharmaceutical Preparations
RILY,BRC Group Holdings Inc. Common Stock,$6.75,-0.17,-2.457%,271348346.00,United States,,549358,Finance,Investment Managers
RILYG,BRC Group Holdings Inc. 5.00% Senior Notes due 2026,$24.76,-0.08,-0.322%,755107354.00,United States,,5735,Finance,Investment Managers
RILYL,BRC Group Holdings Inc. Depositary Shares each representing 1/1000th in a share of 7.375% Series B Cumulative Perpetual Preferred Stock par value $0.0001,$13.15,-0.32,-2.376%,528626778.00,United States,,5634,Finance,Investment Managers
RILYN,BRC Group Holdings Inc. 6.50% Senior Notes Due 2026,$25.14,-0.01,-0.04%,766696239.00,United States,,35743,Finance,Investment Managers
RILYP,BRC Group Holdings Inc. Depositary Shares each representing a 1/1000th fractional interest in a share of Series A Cumulative Perpetual Preferred Stock,$12.88,0.135,1.059%,517772844.00,United States,,10466,Finance,Investment Managers
RILYT,BRC Group Holdings Inc. 6.00% Senior Notes Due 2028,$21.88,0.13,0.598%,667275804.00,United States,,23251,Finance,Investment Managers
RILYZ,BRC Group Holdings Inc. 5.25% Senior Notes due 2028,$20.805,0.145,0.702%,634491458.00,United States,,402806,Finance,Investment Managers
RIME,Algorhythm Holdings Inc. Common Stock,$0.2424,-0.0237,-8.906%,4118409.00,United States,,1588873,Technology,EDP Services
RIOT,Riot Platforms Inc. Common Stock ,$17.79,-1.205,-6.344%,6675856454.00,United States,,14976758,Finance,Finance: Consumer Services
RITR,Reitar Logtech Holdings Limited Ordinary shares,$0.0882,-0.0038,-4.13%,5507539.00,Hong Kong,2024,86360448,Finance,Real Estate
RIVN,Rivian Automotive Inc. Class A Common Stock,$15.535,-0.525,-3.269%,22492514887.00,United States,2021,16150402,Industrials,Auto Manufacturing
RJET,Republic Airways Holdings Inc. Common Stock,$17.07,-0.34,-1.953%,799208865.00,United States,2018,92778,Consumer Discretionary,Air Freight/Delivery Services
RKDA,Arcadia Biosciences Inc. Common Stock,$0.5037,-0.0154,-2.967%,1213520.00,United States,2015,68378,Energy,Oil & Gas Production
RKLB,Rocket Lab Corporation Common Stock,$62.54,-1.38,-2.159%,37427672077.00,United States,2020,14196502,Industrials,Military/Government/Technical
RKTO,Rocket One Inc. Common Stock,$0.68,-0.0075,-1.091%,16930355.00,United States,2019,173652,Health Care,Biotechnology: Pharmaceutical Preparations
RLAY,Relay Therapeutics Inc. Common Stock,$18.49,0.11,0.598%,4051928757.00,United States,2020,1598408,Health Care,Biotechnology: Biological Products (No Diagnostic Substances)
RLMD,Relmada Therapeutics Inc. Common Stock,$4.46,0.10,2.294%,475747513.00,United States,,944064,Health Care,Biotechnology: Pharmaceutical Preparations
RLYB,Rallybio Corporation Common Stock,$16.69,-0.10,-0.596%,88632228.00,United States,2021,11191,Health Care,Biotechnology: Pharmaceutical Preparations
RMBI,Richmond Mutual Bancorporation Inc. Common Stock,$15.68,-0.11,-0.697%,262781841.00,United States,2019,60193,Finance,Major Banks
RMBS,Rambus Inc. Common Stock,$84.40,-2.29,-2.642%,9154159293.00,United States,1997,1859462,Technology,Semiconductors
RMCF,Rocky Mountain Chocolate Factory Inc. Common Stock,$1.06,-0.03,-2.752%,10005962.00,United States,,34652,Consumer Staples,Specialty Foods
RMCO,Royalty Management Holding Corporation Class A Common Stock,$2.82,-0.14,-4.73%,42787037.00,United States,2023,11846,Miscellaneous,Multi-Sector Companies
RMCOW,Royalty Management Holding Corporation Warrant,$0.16,-0.04,-20.00%,2427633.00,United States,2023,250,Miscellaneous,Multi-Sector Companies
RMIX,Suncrete Inc. Class A Common Stock,$16.20,-0.95,-5.539%,1190470511.00,United States,,1143706,Industrials,Building Materials
RMNI,Rimini Street Inc. (DE) Common Stock,$5.20,-0.41,-7.308%,485451200.00,United States,2015,421300,Consumer Discretionary,Business Services
RMR,The RMR Group Inc. Class A Common Stock,$19.22,-0.10,-0.518%,616581944.00,United States,,82260,Consumer Discretionary,Professional Services
RMSG,Real Messenger Corporation Ordinary Shares,$0.3418,-0.0163,-4.552%,5526451.00,United States,,140114,Technology,Computer Software: Programming Data Processing
RMSGW,Real Messenger Corporation Warrants,$0.029,-0.0052,-15.205%,468891.00,United States,,31446,Technology,Computer Software: Programming Data Processing
RMTI,Rockwell Medical Inc. Common Stock,$8.045,-0.265,-3.189%,32425091.00,United States,1998,25011,Health Care,Biotechnology: Pharmaceutical Preparations
RNA,Atrium Therapeutics Inc. Common Stock,$13.77,0.45,3.378%,235544704.00,United States,,178358,Health Care,Biotechnology: Pharmaceutical Preparations
RNAC,Cartesian Therapeutics Inc. Common Stock,$9.30,0.02,0.216%,281374774.00,United States,2016,112151,Health Care,Biotechnology: Pharmaceutical Preparations
RNAQU,Rainier Acquisition Corporation Units,$10.18,0.00,0.00%,0.00,United States,2026,72671,,
RNAZ,TransCode Therapeutics Inc. Common Stock,$2.06,-0.04,-1.905%,34877322.00,United States,2021,97594,Health Care,Biotechnology: Pharmaceutical Preparations
RNGT,Range Capital Acquisition Corp II Class A Ordinary Shares,$10.18,0.00,0.00%,0.00,United States,2025,7,Finance,Blank Checks
RNGTU,Range Capital Acquisition Corp II Units,$10.29,0.00,0.00%,0.00,United States,2025,1,Finance,Blank Checks
RNGTW,Range Capital Acquisition Corp II Warrants,$0.32,0.01,3.226%,0.00,United States,2025,16789,Finance,Blank Checks
RNTX,Rein Therapeutics Inc. Common Stock,$0.7527,0.0028,0.373%,64933195.00,United States,2017,344266,Health Care,Biotechnology: Pharmaceutical Preparations
RNW,ReNew Energy Global plc Class A Ordinary Shares,$6.80,0.00,0.00%,2477938278.00,United Kingdom,,2329636,Utilities,Electric Utilities: Central
RNXT,RenovoRx Inc. Common Stock,$2.11,0.18,9.326%,95223262.00,United States,2021,3309322,Health Care,Biotechnology: Pharmaceutical Preparations
ROAD,Construction Partners Inc. Class A Common Stock,$100.56,-5.64,-5.311%,5769585251.00,United States,2018,800426,Industrials,Military/Government/Technical
ROC,Rank One Computing Corporation Common stock,$4.12,-0.05,-1.199%,78610123.00,United States,2026,16385,Technology,Computer Software: Prepackaged Software
ROCK,Gibraltar Industries Inc. Common Stock,$42.86,-2.13,-4.734%,1272251483.00,United States,1993,218853,Industrials,Steel/Iron Ore
ROIV,Roivant Sciences Ltd. Common Shares,$34.52,-0.12,-0.346%,24934590478.00,United Kingdom,,6906001,Health Care,Biotechnology: Pharmaceutical Preparations
ROKU,Roku Inc. Class A Common Stock,$155.53,-1.40,-0.892%,23083602249.00,United States,2017,2013578,Telecommunications,Cable & Other Pay Television Services
ROMA,Roma Green Finance Limited Class A Ordinary Shares,$8.9194,0.0294,0.331%,531280235.00,Hong Kong,2024,2730,Consumer Discretionary,Professional Services
ROOT,Root Inc. Class A Common Stock,$55.10,-0.39,-0.703%,853678185.00,United States,2020,156987,Finance,Property-Casualty Insurers
ROP,Roper Technologies Inc. Common Stock,$418.31,-6.33,-1.491%,41371224603.00,United States,1992,495608,Industrials,Industrial Machinery/Components
ROST,Ross Stores Inc. Common Stock,$229.24,0.70,0.306%,73535853862.00,United States,1985,2152317,Consumer Discretionary,Clothing/Shoe/Accessory Stores
RPAY,Repay Holdings Corporation Class A Common Stock,$3.51,-0.08,-2.228%,315410871.00,United States,2018,240428,Consumer Discretionary,Business Services
RPD,Rapid7 Inc. Common Stock,$12.01,-1.45,-10.773%,809481686.00,United States,2015,2048080,Technology,Computer Software: Prepackaged Software
RPGL,Republic Power Group Limited Class A Ordinary Shares,$1.52,-0.05,-3.185%,24544791.00,Singapore,2025,62771,Technology,Computer Software: Prepackaged Software
RPID,Rapid Micro Biosystems Inc. Class A Common Stock,$1.50,-0.02,-1.316%,75239334.00,United States,2021,167498,Industrials,Biotechnology: Laboratory Analytical Instruments
RPRX,Royalty Pharma plc Class A Ordinary Shares ,$62.32,0.91,1.482%,35834075033.00,United States,2020,2629416,Health Care,Biotechnology: Pharmaceutical Preparations
RR,Richtech Robotics Inc. Class B Common Stock,$1.815,-0.055,-2.941%,408560027.00,United States,2023,6723298,Industrials,Industrial Machinery/Components
RRBI,Red River Bancshares Inc. Common Stock,$100.15,0.11,0.11%,659398216.00,United States,2019,54442,Finance,Major Banks
RREV,RRE Ventures Acquisition Corp. Class A Ordinary Shares,$9.92,0.00,0.00%,0.00,United States,2026,16,Finance,Blank Checks
RREVU,RRE Ventures Acquisition Corp. Units,$10.10,0.00,0.00%,0.00,United States,2026,2,Finance,Blank Checks
RREVW,RRE Ventures Acquisition Corp. Warrants,$0.5575,0.0529,10.484%,0.00,United States,2026,18600,Finance,Blank Checks
RRGB,Red Robin Gourmet Burgers Inc. Common Stock,$8.46,-0.67,-7.338%,159925742.00,United States,2002,334735,Consumer Discretionary,Restaurants
RRR,Red Rock Resorts Inc. Class A Common Stock,$56.10,-0.06,-0.107%,5891408203.00,United States,2016,984538,Consumer Discretionary,Hotels/Resorts
RSSS,Research Solutions Inc Common Stock,$2.16,-0.09,-4.00%,71075828.00,United States,,20778,Technology,EDP Services
RSVR,Reservoir Media Inc. Common Stock,$9.63,-0.03,-0.311%,634913055.00,United States,2021,48765,Consumer Discretionary,Services-Misc. Amusement & Recreation
RTAC,Renatus Tactical Acquisition Corp I Class A Ordinary Shares,$10.50,0.02,0.191%,0.00,United States,2025,145469,Finance,Blank Checks
RTACU,Renatus Tactical Acquisition Corp I Unit,$10.74,-0.01,-0.093%,0.00,United States,2025,860,Finance,Blank Checks
RTACW,Renatus Tactical Acquisition Corp I Warrant,$0.66,0.00,0.00%,0.00,United States,2025,29217,Finance,Blank Checks
RTB,RTB Digital Inc. Common Stock,$12.42,-1.05,-7.795%,173981956.00,United States,,39016,Consumer Discretionary,Professional Services
RUBI,Rubico Inc. Common Stock,$1.80,0.00,0.00%,3224531.00,Greece,,52009,Consumer Discretionary,Marine Transportation
RUM,RUM Group Inc. Class A Common Stock,$8.53,-0.43,-4.799%,4229260955.00,United States,2021,2675553,Technology,Computer Software: Programming Data Processing
RUMBW,RUM Group Inc. Warrant,$2.03,-0.15,-6.881%,1006494694.00,United States,2021,15120,Technology,Computer Software: Programming Data Processing
RUN,Sunrun Inc. Common Stock,$8.37,-0.20,-2.334%,2015889239.00,United States,2015,6294197,Miscellaneous,Industrial Machinery/Components
RUSHA,Rush Enterprises Inc. Common Stock Cl A,$48.75,-2.47,-4.822%,3793738504.00,United States,,728545,Consumer Discretionary,Retail-Auto Dealers and Gas Stations
RUSHB,Rush Enterprises Inc. Class B,$49.46,-2.3667,-4.567%,3848990900.00,United States,,67748,Consumer Discretionary,Retail-Auto Dealers and Gas Stations
RVMD,Revolution Medicines Inc. Common Stock,$209.87,4.30,2.092%,44982784046.00,United States,2020,1832561,Health Care,Biotechnology: Biological Products (No Diagnostic Substances)
RVMDW,Revolution Medicines Inc. Warrant,$11.81,0.35,3.054%,2531313097.00,United States,,20815,Health Care,Biotechnology: Biological Products (No Diagnostic Substances)
RVSB,Riverview Bancorp Inc Common Stock,$5.15,-0.05,-0.962%,102758908.00,United States,,27549,Finance,Savings Institutions
RVSN,Rail Vision Ltd. Ordinary Share,$4.69,0.13,2.851%,10281352.00,Israel,2022,5144,Industrials,Railroads
RVSNW,Rail Vision Ltd. Warrant,$0.0217,0.0094,76.423%,47570.00,Israel,2022,39033,Industrials,Railroads
RWAY,Runway Growth Finance Corp. Common Stock,$6.61,-0.07,-1.048%,277024465.00,United States,2021,321920,Finance,Finance: Consumer Services
RWAYI,Runway Growth Finance Corp. 7.25% Notes due 2031,$24.78,-0.08,-0.322%,0.00,United States,,13769,Finance,Finance: Consumer Services
RWAYL,Runway Growth Finance Corp. 7.50% Notes due 2027,$25.085,-0.005,-0.02%,908494214.00,United States,,2993,Finance,Finance: Consumer Services
RXRX,Recursion Pharmaceuticals Inc. Class A Common Stock,$3.33,-0.07,-2.059%,1782689426.00,United States,2021,9992370,Health Care,Biotechnology: Biological Products (No Diagnostic Substances)
RXST,RxSight Inc. Common Stock,$6.99,-0.34,-4.638%,290736859.00,United States,2021,988898,Health Care,Ophthalmic Goods
RXT,Rackspace Technology Inc. Common Stock,$3.00,-0.13,-4.153%,764618550.00,United States,2020,6193881,Technology,Computer Software: Programming Data Processing
RYAAY,Ryanair Holdings plc American Depositary Shares,$53.82,-1.55,-2.799%,28321902524.00,Ireland,1997,746202,Consumer Discretionary,Air Freight/Delivery Services
RYET,Ruanyun Edai Technology Inc. Ordinary shares,$0.8172,-0.0416,-4.844%,30465219.00,China,2025,94401,Technology,Computer Software: Prepackaged Software
RYM,RYTHM Inc. Common Stock,$22.64,-0.01,-0.044%,49808000.00,United States,2021,17730,Consumer Staples,Farming/Seeds/Milling
RYOJ,rYojbaba Co. Ltd. Common Shares,$5.50,-0.28,-4.844%,63525000.00,Japan,2025,7016,Consumer Discretionary,Professional Services
RYTM,Rhythm Pharmaceuticals Inc. Common Stock,$104.74,-1.39,-1.31%,7211567069.00,United States,2017,332003,Health Care,Biotechnology: Pharmaceutical Preparations
RZLT,Rezolute Inc. Common Stock (NV),$4.50,-0.19,-4.051%,433315490.00,United States,,1020426,Health Care,Biotechnology: Pharmaceutical Preparations
RZLV,Rezolve AI PLC Ordinary Shares,$2.39,-0.50,-17.301%,956936321.00,United Kingdom,,64973049,Technology,Computer Software: Programming Data Processing
RZLVW,Rezolve AI PLC Warrants,$0.675,-0.1451,-17.693%,270264442.00,United Kingdom,,42930,Technology,Computer Software: Programming Data Processing
SAAQ,Space Asset Acquisition Corp. Class A Ordinary Shares,$10.11,0.00,0.00%,0.00,United States,2026,919,Finance,Blank Checks
SAAQU,Space Asset Acquisition Corp. Units,$10.40,0.02,0.193%,0.00,United States,2026,104,Finance,Blank Checks
SAAQW,Space Asset Acquisition Corp. Warrants,$0.80,0.00,0.00%,0.00,United States,2026,276,Finance,Blank Checks
SABR,Sabre Corporation Common Stock,$2.01,-0.16,-7.373%,811202260.00,United States,2014,2911263,Technology,Computer Software: Programming Data Processing
SABS,SAB Biotherapeutics Inc. Common Stock,$3.70,-0.01,-0.27%,336649562.00,United States,2021,202286,Health Care,Biotechnology: Biological Products (No Diagnostic Substances)
SABSW,SAB Biotherapeutics Inc. Warrant,$0.0237,0.00,0.00%,2156377.00,United States,2021,1407,Health Care,Biotechnology: Biological Products (No Diagnostic Substances)
SAFT,Safety Insurance Group Inc. Common Stock,$103.16,0.34,0.331%,1514438523.00,United States,2002,153173,Finance,Property-Casualty Insurers
SAFX,XCF Global Inc. Class A Common Stock,$0.3801,0.0245,6.89%,156478388.00,United States,,4811278,Industrials,Major Chemicals
SAGT,SAGTEC GLOBAL LIMITED Class A Ordinary shares,$0.6423,-0.051,-7.356%,12235815.00,Malaysia,2025,104269,Technology,Computer Software: Prepackaged Software
SAIA,Saia Inc. Common Stock,$331.62,-23.51,-6.62%,8845847433.00,United States,,486083,Industrials,Trucking Freight/Courier Services
SAIC,Science Applications International Corporation Common Stock,$126.78,-1.44,-1.123%,5359855113.00,United States,,608401,Technology,EDP Services
SAIH,SAIHEAT Limited Class A Ordinary Shares,$22.95,-0.55,-2.34%,41547762.00,Singapore,2021,6395,Technology,EDP Services
SAIHW,SAIHEAT Limited Warrant,$0.0255,-0.002,-7.273%,46164.00,Singapore,2021,30979,Technology,EDP Services
SAIL,SailPoint Inc. Common Stock,$19.23,-1.33,-6.469%,10906929032.00,United States,2025,2852909,Technology,Computer Software: Prepackaged Software
SAMG,Silvercrest Asset Management Group Inc. Class A Common Stock,$10.17,0.13,1.295%,120491790.00,United States,2013,62417,Finance,Investment Managers
SANA,Sana Biotechnology Inc. Common Stock,$3.83,-0.04,-1.034%,1146551240.00,United States,2021,1696625,Health Care,Biotechnology: Biological Products (No Diagnostic Substances)
SANG,Sangoma Technologies Corporation Common Shares,$3.90,-0.0539,-1.363%,129787281.00,Canada,,11248,Technology,Computer Software: Programming Data Processing
SANM,Sanmina Corporation Common Stock,$187.30,-9.42,-4.789%,10038784779.00,United States,1993,827907,Technology,Electrical Products
SATA,Strive Inc. Variable Rate Series A Perpetual Preferred Stock,$99.95,-0.0084,-0.008%,8963858129.00,United States,,366116,Technology,Computer Software: Prepackaged Software
SATL,Satellogic Inc. Class A Common Stock,$4.60,-0.27,-5.544%,707203591.00,Uruguay,,3015113,Technology,Radio And Television Broadcasting And Communications Equipment
SATLW,Satellogic Inc. Warrant,$0.52,-0.03,-5.455%,79944754.00,Uruguay,,5204,Technology,Radio And Television Broadcasting And Communications Equipment
SBAC,SBA Communications Corporation Class A Common Stock,$188.81,-0.85,-0.448%,20030496049.00,United States,1999,749264,Real Estate,Real Estate Investment Trusts
SBC,SBC Medical Group Holdings Incorporated Common Stock,$4.18,0.16,3.98%,429900222.00,United States,2022,163104,Health Care,Medical/Nursing Services
SBCF,Seacoast Banking Corporation of Florida Common Stock,$33.04,-0.915,-2.695%,3199025279.00,United States,,769305,Finance,Major Banks
SBCWW,SBC Medical Group Holdings Incorporated Warrants,$0.30,0.0165,5.82%,30854083.00,United States,2022,110388,Health Care,Medical/Nursing Services
SBET,Sharplink Inc. Common Stock,$8.15,-0.48,-5.562%,1770372373.00,United States,,6518436,Technology,Computer Software: Prepackaged Software
SBFG,SB Financial Group Inc. Common Stock,$27.79,0.09,0.325%,173770648.00,United States,,17642,Finance,Major Banks
SBFM,Sunshine Biopharma Inc. Common Stock,$1.13,0.01,0.893%,4381391.00,Canada,,102422,Health Care,Biotechnology: Pharmaceutical Preparations
SBFMW,Sunshine Biopharma Inc. Warrant,$0.031,-0.0094,-23.267%,120197.00,Canada,,4390,Health Care,Biotechnology: Pharmaceutical Preparations
SBGI,Sinclair Inc. Class A Common Stock,$13.86,-0.24,-1.702%,1002328312.00,United States,1995,343955,Industrials,Broadcasting
SBLK,Star Bulk Carriers Corp. Common Shares,$31.05,0.18,0.583%,3463011158.00,Greece,,1173482,Consumer Discretionary,Marine Transportation
SBRA,Sabra Health Care REIT Inc. Common Stock,$20.94,0.55,2.697%,5349390111.00,United States,,2175284,Real Estate,Real Estate Investment Trusts
SBUX,Starbucks Corporation Common Stock,$106.15,-0.10,-0.094%,121011000000.00,United States,1992,4628171,Consumer Discretionary,Restaurants
SCAG,Scage Future American Depositary Shares,$0.2769,0.0063,2.328%,20105616.00,China,,116101,Consumer Discretionary,Construction/Ag Equipment/Trucks
SCAGW,Scage Future Warrants,$0.0125,0.0045,56.25%,907621.00,China,,139,Consumer Discretionary,Construction/Ag Equipment/Trucks
SCATU,Southern Cross Acquisition II Corp. Units,$10.005,-0.005,-0.05%,0.00,United States,2026,70101,Finance,Blank Checks
SCHL,Scholastic Corporation Common Stock,$38.44,0.04,0.104%,729005528.00,United States,1992,292176,Consumer Discretionary,Books
SCII,SC II Acquisition Corp. Class A ordinary share,$10.14,0.01,0.099%,0.00,United States,2026,106,,
SCIIR,SC II Acquisition Corp. Rights,$0.1701,-0.01,-5.552%,0.00,United States,2026,100,,
SCKT,Socket Mobile Inc. Common Stock,$0.6018,-0.0402,-6.262%,4989934.00,United States,,302177,Technology,Computer Manufacturing
SCLX,Scilex Holding Company Common Stock,$5.40,-0.095,-1.729%,45862200.00,United States,2021,41933,Health Care,Biotechnology: Biological Products (No Diagnostic Substances)
SCLXW,Scilex Holding Company Warrant,$0.1162,-0.0138,-10.615%,986887.00,United States,2021,690,Health Care,Biotechnology: Biological Products (No Diagnostic Substances)
SCNI,Scinai Immunotherapeutics Ltd. American Depositary Shares,$2.46,-0.04,-1.60%,1233311.00,Israel,2015,54924,Health Care,Biotechnology: Biological Products (No Diagnostic Substances)
SCNX,Scienture Holdings Inc. Common Stock,$0.367,-0.0215,-5.534%,15070542.00,United States,,378557,Health Care,Biotechnology: Pharmaceutical Preparations
SCOR,comScore Inc. Common Stock,$5.12,-0.13,-2.476%,77743749.00,United States,2018,22026,Consumer Discretionary,Business Services
SCPQ,Social Commerce Partners Corporation Class A Ordinary Shares,$10.03,0.00,0.00%,0.00,United States,2026,9,,
SCPQU,Social Commerce Partners Corporation Unit,$10.28,0.09,0.883%,0.00,United States,2025,102,,
SCPQW,Social Commerce Partners Corporation Warrant,$0.3501,-0.0387,-9.954%,0.00,United States,2026,300,,
SCSC,ScanSource Inc. Common Stock,$56.24,-0.85,-1.489%,1132831747.00,United States,,198255,Technology,Retail: Computer Software & Peripheral Equipment
SCTX,Scribe Therapeutics Inc. Common Stock,$29.00,-1.54,-5.043%,547067194.00,United States,2026,165183,Health Care,Biotechnology: Biological Products (No Diagnostic Substances)
SCWO,374Water Inc. Common Stock,$2.88,0.04,1.408%,51028304.00,United States,,40608,Consumer Discretionary,Metal Fabrications
SCYX,SCYNEXIS Inc. Common Stock,$5.17,-0.06,-1.147%,51439479.00,United States,2014,76080,Health Care,Biotechnology: Pharmaceutical Preparations
SCZM,Santacruz Silver Mining Ltd. Common Shares,$9.20,-0.16,-1.709%,855510613.00,Canada,,513791,Basic Materials,Precious Metals
SDA,SunCar Technology Group Inc. Class A Ordinary Shares,$0.6604,-0.0526,-7.377%,69769884.00,Hong Kong,2021,249916,Consumer Discretionary,Automotive Aftermarket
SDAWW,SunCar Technology Group Inc. Warrant,$0.1101,0.0001,0.091%,11631836.00,Hong Kong,2021,724,Consumer Discretionary,Automotive Aftermarket
SDGR,Schrodinger Inc. Common Stock,$20.84,1.34,6.872%,1558949288.00,United States,2020,1507355,Health Care,Biotechnology: Pharmaceutical Preparations
SDHI,Siddhi Acquisition Corp Class A Common stock,$10.51,0.00,0.00%,0.00,United States,2025,18,Finance,Blank Checks
SDHIR,Siddhi Acquisition Corp Right,$0.15,-0.0156,-9.42%,0.00,United States,2025,12850,,
SDOT,Sadot Group Inc. Common Stock,$13.30,-0.94,-6.601%,19349212.00,United States,2020,179818,Consumer Discretionary,Restaurants
SDST,Stardust Power Inc. Common Stock,$0.3501,-0.0199,-5.378%,5084829.00,United States,2021,142383,Industrials,Major Chemicals
SDSTW,Stardust Power Inc. Warrant,$0.1049,0.0162,18.264%,1523561.00,United States,2021,6456,Industrials,Major Chemicals
SEAT,Vivid Seats Inc. Class A Common Stock,$6.04,0.18,3.072%,70741428.00,United States,,117432,Consumer Discretionary,Services-Misc. Amusement & Recreation
SEATW,Vivid Seats Inc. Warrant,$0.03,0.00,0.00%,351365.00,United States,,1000,Consumer Discretionary,Services-Misc. Amusement & Recreation
SEDG,SolarEdge Technologies Inc. Common Stock,$32.49,0.29,0.901%,1998971553.00,Israel,2015,2535053,Technology,Semiconductors
SEED,Origin Agritech Limited Common Stock,$1.00,0.0035,0.351%,12143526.00,China,,3095,Consumer Staples,Farming/Seeds/Milling
SEER,Seer Inc. Class A Common Stock,$1.94,-0.02,-1.02%,107421709.00,United States,2020,411005,Industrials,Biotechnology: Laboratory Analytical Instruments
SEGG,Sports Entertainment Gaming Global Corporation Common Stock,$2.69,-0.07,-2.536%,8768020.00,United States,2023,16925,Technology,Computer Software: Prepackaged Software
SEIC,SEI Investments Company Common Stock,$109.54,-1.44,-1.298%,13146901196.00,United States,1981,649732,Finance,Investment Bankers/Brokers/Service
SELF,Global Self Storage Inc. Common Stock,$5.25,0.00,0.00%,59962455.00,United States,,30556,Real Estate,Real Estate Investment Trusts
SENEA,Seneca Foods Corp. Class A Common Stock,$204.04,5.75,2.90%,1381444046.00,United States,,114628,Consumer Staples,Packaged Foods
SENEB,Seneca Foods Corp. Class B Common Stock,$193.67,0.00,0.00%,1311234407.00,United States,,248,Consumer Staples,Packaged Foods
SENS,Senseonics Holdings Inc. Common Stock,$9.38,0.15,1.625%,495958617.00,United States,,855325,Health Care,Medical/Dental Instruments
SEPN,Septerna Inc. Common Stock,$37.68,-0.47,-1.232%,1758787363.00,United States,2024,263967,Health Care,Biotechnology: Pharmaceutical Preparations
SERA,Sera Prognostics Inc. Class A Common Stock,$2.08,-0.04,-1.887%,82054889.00,United States,2021,14672,Health Care,Medical Specialities
SERV,Serve Robotics Inc. Common Stock,$4.69,-0.18,-3.696%,406658208.00,United States,,3685497,Industrials,Industrial Machinery/Components
SEV,Aptera Motors Corp. Class B Common Stock,$2.32,-0.05,-2.11%,94060050.00,United States,,176165,Industrials,Auto Manufacturing
SEVN,Seven Hills Realty Trust Common Stock,$7.48,-0.09,-1.189%,169471413.00,United States,,199075,Real Estate,Real Estate Investment Trusts
SEZL,Sezzle Inc. Common Stock,$114.52,-6.03,-5.002%,3856462603.00,United States,,671201,Finance,Finance: Consumer Services
SFBC,Sound Financial Bancorp Inc. Common Stock,$47.25,0.36,0.768%,121340032.00,United States,,1902,Finance,Savings Institutions
SFD,Smithfield Foods Inc. Common Stock,$21.84,-0.07,-0.319%,8599880693.00,United States,2025,1208472,Consumer Staples,Meat/Poultry/Fish
SFHG,Samfine Creation Holdings Group Limited Class A Ordinary Share,$2.39,-0.03,-1.24%,9703400.00,Hong Kong,2024,123171,Consumer Discretionary,Publishing
SFIX,Stitch Fix Inc. Class A Common Stock,$3.01,-0.16,-5.047%,401611827.00,United States,2017,1583816,Consumer Discretionary,Catalog/Specialty Distribution
SFM,Sprouts Farmers Market Inc. Common Stock,$80.81,-1.23,-1.499%,7535340576.00,United States,2013,1659560,Consumer Staples,Food Chains
SFNC,Simmons First National Corporation Class A Common Stock,$22.23,-0.35,-1.55%,3212541529.00,United States,,1061048,Finance,Major Banks
SFST,Southern First Bancshares Inc. Common Stock,$60.79,-0.56,-0.913%,575787986.00,United States,,67813,Finance,Major Banks
SFWL,Shengfeng Development Limited Class A Ordinary Shares,$0.8301,-0.0699,-7.767%,68481186.00,China,2023,5940,Industrials,Trucking Freight/Courier Services
SGA,Saga Communications Inc. Class A Common Stock (FL),$8.67,-0.14,-1.589%,55123756.00,United States,,32719,Consumer Discretionary,Broadcasting
SGC,Superior Group of Companies Inc. Common Stock,$12.19,0.24,2.008%,194372000.00,United States,,42920,Consumer Discretionary,Apparel
SGHT,Sight Sciences Inc. Common Stock,$8.19,-0.31,-3.647%,451170638.00,United States,2021,133420,Health Care,Medical/Dental Instruments
SGLD,Scorpio Gold Corporation American Depositary Shares ,$5.08,-0.14,-2.682%,0.00,Canada,,1272174,,
SGLY,Singularity Future Technology Ltd. Common Stock,$1.38,0.02,1.471%,7457227.00,United States,2008,177159,Industrials,Integrated Freight & Logistics
SGML,Sigma Lithium Corporation Common Shares,$12.26,-0.38,-3.006%,1380087517.00,Canada,,972653,Basic Materials,Metal Mining
SGMT,Sagimet Biosciences Inc. Series A Common Stock,$10.50,0.24,2.339%,646707170.00,United States,2023,752205,Health Care,Biotechnology: Pharmaceutical Preparations
SGP,SpyGlass Pharma Inc. Common Stock,$26.86,0.76,2.912%,898412716.00,United States,2026,87110,Health Care,Medical/Dental Instruments
SGRY,Surgery Partners Inc. Common Stock,$14.60,0.71,5.112%,1911406596.00,United States,2015,3962492,Health Care,Hospital/Nursing Management
SHAZ,SharonAI Holdings Inc. Class A Common Stock,$52.64,-2.22,-4.047%,1884696503.00,United States,,1625932,Technology,EDP Services
SHBI,Shore Bancshares Inc Common Stock,$22.75,-0.21,-0.915%,759219279.00,United States,,160734,Finance,Major Banks
SHC,Sotera Health Company Common Stock,$18.68,-0.22,-1.164%,5330801171.00,United States,2020,1580930,Health Care,Misc Health and Biotechnology Services
SHEN,Shenandoah Telecommunications Co Common Stock,$12.20,-0.17,-1.374%,651049096.00,United States,,472468,Telecommunications,Telecommunications Equipment
SHFS,SHF Holdings Inc. Class A Common Stock,$0.1524,-0.007,-4.391%,1879542.00,United States,2021,101361,Finance,Finance: Consumer Services
SHFSW,SHF Holdings Inc. Warrants,$0.0124,-0.0003,-2.362%,152929.00,United States,2021,19505,Finance,Finance: Consumer Services
SHIM,Shimmick Corporation Common Stock,$3.30,-0.23,-6.516%,136408216.00,United States,2023,260654,Industrials,Military/Government/Technical
SHIP,Seanergy Maritime Holdings Corp. Common Stock,$18.01,0.35,1.982%,390244246.00,Greece,,274435,Consumer Discretionary,Marine Transportation
SHLS,Shoals Technologies Group Inc. Class A Common Stock,$6.70,-0.22,-3.179%,1127609665.00,United States,2021,4001522,Technology,Semiconductors
SHMD,SCHMID Group N.V. Class A Ordinary Shares,$3.11,0.025,0.81%,189582188.00,Germany,,985469,Technology,Industrial Machinery/Components
SHMDW,SCHMID Group N.V. Warrants,$0.89,0.1179,15.27%,54253424.00,Germany,,96998,Technology,Industrial Machinery/Components
SHOE,Shoe Station Group Inc. Common Stock,$12.84,-0.86,-6.277%,348622795.00,United States,,1661372,Consumer Discretionary,Clothing/Shoe/Accessory Stores
SHOO,Steven Madden Ltd. Common Stock,$41.44,-1.74,-4.03%,3032458817.00,United States,1993,929842,Consumer Discretionary,Shoe Manufacturing
SHOP,Shopify Inc. Class A Subordinate Voting Shares,$139.82,-7.55,-5.123%,181180297516.00,Canada,,9152061,Technology,Computer Software: Prepackaged Software
SHOT,RMG ML Sports Holdings Class A Ordinary Shares,$9.84,-0.01,-0.102%,0.00,United States,2026,1623,,
SHOTU,RMG ML Sports Holdings Unit,$9.99,0.01,0.10%,0.00,United States,2026,3137,,
SHPH,Shuttle Pharmaceuticals Holdings Inc. Common Stock,$3.61,0.25,7.44%,3708243.00,United States,2022,153082,Health Care,Biotechnology: Pharmaceutical Preparations
SIBN,SI-BONE Inc. Common Stock,$18.92,-0.10,-0.526%,847967439.00,United States,2018,561091,Health Care,Medical/Dental Instruments
SIDU,Sidus Space Inc. Class A Common Stock,$2.12,-0.05,-2.304%,214597691.00,United States,2021,3364515,Telecommunications,Telecommunications Equipment
SIEB,Siebert Financial Corp. Common Stock,$2.50,0.28,12.613%,102752340.00,United States,,185617,Finance,Investment Bankers/Brokers/Service
SIFY,Sify Technologies Limited American Depositary Shares,$14.21,-0.70,-4.695%,1029295879.00,India,,23108,Technology,Computer Software: Programming Data Processing
SIGA,SIGA Technologies Inc. Common Stock,$3.24,0.10,3.185%,232793080.00,United States,,1076969,Health Care,Biotechnology: Pharmaceutical Preparations
SIGI,Selective Insurance Group Inc. Common Stock,$91.21,-0.08,-0.088%,5433299344.00,United States,,302213,Finance,Property-Casualty Insurers
SIGIP,Selective Insurance Group Inc. Depositary Shares each representing a 1/1000th interest in a share of 4.60% Non-Cumulative Preferred Stock Series B,$15.29,-0.15,-0.972%,910811830.00,United States,,7021,Finance,Property-Casualty Insurers
SILC,Silicom Ltd Ordinary Shares,$40.06,-2.99,-6.945%,230249297.00,Israel,,144117,Telecommunications,Computer Communications Equipment
SILO,Silo Pharma Inc. Common Stock,$2.44,-0.04,-1.613%,4277930.00,United States,,7829,Health Care,Biotechnology: Pharmaceutical Preparations
SIMA,SIM Acquisition Corp. I Class A Ordinary Shares,$11.20,0.22,2.004%,0.00,United States,2024,3258,Miscellaneous,Industrial Machinery/Components
SIMAU,SIM Acquisition Corp. I Unit,$11.25,0.32,2.928%,0.00,United States,2024,1004,Finance,Blank Checks
SIMAW,SIM Acquisition Corp. I Warrant,$0.1701,-0.0075,-4.223%,0.00,United States,2024,200,Finance,Blank Checks
SIMO,Silicon Motion Technology Corporation American Depositary Shares,$237.35,-9.49,-3.845%,8048024637.00,Taiwan,2005,675908,Technology,Semiconductors
SINT,SiNtx Technologies Inc. Common Stock,$1.49,-0.04,-2.614%,9930156.00,United States,2014,24917,Health Care,Medical/Dental Instruments
SION,Sionna Therapeutics Inc. Common Stock,$6.46,0.43,7.131%,292072098.00,United States,2025,1406515,Health Care,Biotechnology: Pharmaceutical Preparations
SIRI,SiriusXM Holdings Inc. Common Stock,$27.62,-0.55,-1.952%,9309787529.00,United States,,4010109,Consumer Discretionary,Broadcasting
SITM,SiTime Corporation Common Stock,$552.75,-12.67,-2.241%,16621765149.00,United States,2019,315623,Technology,Semiconductors
SJ,Scienjoy Holding Corporation Class A Ordinary Shares ,$1.00,0.00,0.00%,42462768.00,China,2019,859,Technology,EDP Services
SKHY,SK hynix Inc. American Depositary Shares,$160.78,-3.80,-2.309%,1171869950900.00,South Korea,2026,10785383,Technology,Semiconductors
SKIN,SkinHealth Systems Inc. Class A Common Stock,$0.675,-0.0011,-0.163%,87845015.00,United States,2020,282192,Health Care,Medical/Dental Instruments
SKK,SKK Holdings Limited Class A Ordinary Shares,$4.53,-0.14,-2.998%,14453400.00,Singapore,2024,8443,Industrials,Water Sewer Pipeline Comm & Power Line Construction
SKWD,Skyward Specialty Insurance Group Inc. Common Stock,$57.42,0.01,0.017%,2549246628.00,United States,2023,406649,Finance,Property-Casualty Insurers
SKYA,SkyAI Inc. Common Stock,$1.31,-0.06,-4.38%,56654233.00,United States,2022,138852,Health Care,Medical/Dental Instruments
SKYAW,SkyAI Inc. Warrant,$0.0344,0.0029,9.206%,1487714.00,United States,2022,6089,Technology,EDP Services
SKYE,Skye Bioscience Inc. Common Stock,$1.80,0.12,7.143%,7969819.00,United States,,51823,Health Care,Biotechnology: Pharmaceutical Preparations
SKYQ,Sky Quarry Inc. Common Stock,$2.83,0.16,5.993%,24998494.00,United States,2024,1712859,Industrials,Environmental Services
SKYW,SkyWest Inc. Common Stock,$93.34,-1.32,-1.394%,3624235856.00,United States,1986,290273,Consumer Discretionary,Air Freight/Delivery Services
SKYX,SKYX Platforms Corp. Common Stock,$1.26,-0.08,-5.97%,170643052.00,United States,2022,1247031,Consumer Discretionary,Building Products
SLAB,Silicon Laboratories Inc. Common Stock,$219.12,0.07,0.032%,7311324670.00,United States,2000,324726,Technology,Semiconductors
SLBT,SL Science Holding Limited Ordinary Shares,$2.79,0.06,2.198%,1564519722.00,Taiwan,,7842,Health Care,Biotechnology: Biological Products (No Diagnostic Substances)
SLDB,Solid Biosciences Inc. Common Stock,$9.88,0.30,3.132%,1059385351.00,United States,2018,803050,Health Care,Biotechnology: Biological Products (No Diagnostic Substances)
SLDE,Slide Insurance Holdings Inc. Common Stock,$23.29,0.04,0.172%,2720544936.00,United States,2025,1155768,Finance,Property-Casualty Insurers
SLDP,Solid Power Inc. Class A Common Stock,$2.33,0.00,0.00%,531662224.00,United States,2021,2454562,Miscellaneous,Industrial Machinery/Components
SLDPW,Solid Power Inc. Warrant,$0.019,-0.0011,-5.473%,4335443.00,United States,2021,140242,Miscellaneous,Industrial Machinery/Components
SLE,Super League Enterprise Inc. Common Stock,$3.73,-0.17,-4.359%,9224928.00,United States,2019,105426,Technology,EDP Services
SLGB,Smart Logistics Global Limited Class A Ordinary Shares,$0.46,-0.02,-4.167%,20700000.00,Hong Kong,2025,302700,Industrials,Integrated Freight & Logistics
SLGL,Sol-Gel Technologies Ltd. Ordinary Shares,$69.52,0.42,0.608%,227608410.00,Israel,2018,130163,Health Care,Biotechnology: Pharmaceutical Preparations
SLM,SLM Corporation Common Stock,$25.77,-0.20,-0.77%,4843393108.00,United States,,1644361,Finance,Finance: Consumer Services
SLMBP,SLM Corporation Floating Rate Non-Cumulative Preferred Stock Series B,$74.83,-0.40,-0.532%,14064070867.00,United States,,2739,Finance,Finance: Consumer Services
SLMT,Brera Holdings PLC Class B Ordinary Shares,$4.00,-0.12,-2.913%,44037176.00,Ireland,2023,40985,Consumer Discretionary,Services-Misc. Amusement & Recreation
SLN,Silence Therapeutics Plc American Depository Share,$14.74,1.21,8.943%,689832000.00,United Kingdom,,1134895,Health Care,Biotechnology: Pharmaceutical Preparations
SLNG,Stabilis Solutions Inc. Common Stock,$6.59,0.59,9.833%,122549624.00,United States,,134534,Utilities,Oil/Gas Transmission
SLNH,Soluna Holdings Inc. Common Stock,$1.05,-0.03,-2.778%,259037149.00,United States,,7115808,Technology,EDP Services
SLNHP,Soluna Holdings Inc 9.0% Series A Cumulative Perpetual Preferred Stock ,$12.35,-0.18,-1.437%,3046770280.00,United States,,1925,Technology,EDP Services
SLP,Simulations Plus Inc. Common Stock,$18.42,0.02,0.109%,372541516.00,United States,,173846,Technology,EDP Services
SLRC,SLR Investment Corp. Common Stock,$12.645,-0.095,-0.746%,689843347.00,United States,2010,336333,Finance,Finance/Investors Services
SLS,SELLAS Life Sciences Group Inc. Common Stock,$13.22,-0.12,-0.90%,2669722273.00,United States,,5900476,Health Care,Biotechnology: Pharmaceutical Preparations
SLSN,Solesence Inc. Common Stock,$0.905,0.0049,0.544%,63935576.00,United States,,7648,Consumer Discretionary,Package Goods/Cosmetics
SLXN,Silexion Therapeutics Corp Ordinary Shares,$0.3701,0.0004,0.108%,2130248.00,Israel,,177678,Health Care,Biotechnology: Biological Products (No Diagnostic Substances)
SLXNW,Silexion Therapeutics Corp Warrant,$0.0113,-0.0027,-19.286%,65041.00,Israel,,1088,Health Care,Biotechnology: Biological Products (No Diagnostic Substances)
SMBC,Southern Missouri Bancorp Inc. Common Stock,$72.63,-0.96,-1.305%,800065352.00,United States,,82797,Finance,Banks
SMCI,Super Micro Computer Inc. Common Stock,$36.71,-0.57,-1.529%,23745216560.00,United States,2020,26719017,Technology,Computer Manufacturing
SMCIP,Super Micro Computer Inc. Depositary Shares representing a 1/20th Interest in a Share of 7% Series A Mandatory Convertible Preferred Stock,$62.03,-0.79,-1.258%,40123012345.00,United States,,60906,Technology,Computer Manufacturing
SMID,Smith-Midland Corporation Common Stock,$25.64,-0.64,-2.435%,136010098.00,United States,,18198,Industrials,Building Materials
SMMT,Summit Therapeutics Inc. Common Stock ,$14.16,0.54,3.965%,11296134364.00,United States,2015,4702014,Health Care,Biotechnology: Pharmaceutical Preparations
SMPL,The Simply Good Foods Company Common Stock,$11.38,-0.07,-0.611%,1006681002.00,United States,,2635881,Consumer Staples,Packaged Foods
SMSI,Smith Micro Software Inc. Common Stock,$2.84,-0.03,-1.045%,15875259.00,United States,1995,11901,Technology,Computer Software: Prepackaged Software
SMTC,Semtech Corporation Common Stock,$132.27,-0.69,-0.519%,12344180551.00,United States,,2441166,Technology,Semiconductors
SMTI,Sanara MedTech Inc. Common Stock,$34.79,-0.09,-0.258%,319651738.00,United States,,192012,Health Care,Industrial Specialties
SMTK,SmartKem Inc. Common Stock,$2.82,-0.25,-8.143%,1594076.00,United States,,427377,Technology,Semiconductors
SMX,SMX (Security Matters) Public Limited Company Ordinary Shares,$16.75,0.74,4.622%,18234184.00,Ireland,,11817,Technology,Industrial Machinery/Components
SMXT,Solarmax Technology Inc. Common Stock,$2.78,-0.135,-4.631%,13183358.00,United States,2024,15043,Consumer Discretionary,Engineering & Construction
SMXWW,SMX (Security Matters) Public Limited Company Warrant,$0.0169,0.0007,4.321%,18397.00,Ireland,,5598,Technology,Industrial Machinery/Components
SNAL,Snail Inc. Class A Common Stock,$2.75,-0.15,-5.172%,24628480.00,United States,2022,47287,Technology,Computer Software: Prepackaged Software
SND,Smart Sand Inc. Common Stock,$5.21,-0.06,-1.139%,220899108.00,United States,2016,188735,Industrials,Mining & Quarrying of Nonmetallic Minerals (No Fuels)
SNDK,Sandisk Corporation Common Stock,$1536.87,-29.83,-1.904%,225026970067.00,United States,,11687694,Technology,Electronic Components
SNDL,SNDL Inc. Common Shares,$1.36,-0.01,-0.73%,338180536.00,Canada,2019,1055327,Health Care, Medicinal Chemicals and Botanical Products 
SNDX,Syndax Pharmaceuticals Inc. Common Stock,$20.10,0.81,4.199%,1794871429.00,United States,2016,1405842,Health Care,Biotechnology: Pharmaceutical Preparations
SNES,SenesTech Inc. Common Stock,$1.08,0.02,1.887%,5857425.00,United States,2016,17790,Industrials,Agricultural Chemicals
SNEX,StoneX Group Inc. Common Stock,$67.81,-0.67,-0.978%,8179020800.00,United States,,561900,Finance,Investment Bankers/Brokers/Service
SNFCA,Security National Financial Corporation Class A Common Stock,$8.72,0.02,0.23%,238729960.00,United States,,24913,Finance,Finance: Consumer Services
SNGX,Soligenix Inc. Common Stock,$0.376,-0.004,-1.053%,8183820.00,United States,,122231,Health Care,Biotechnology: Pharmaceutical Preparations
SNOA,Sonoma Pharmaceuticals Inc. Common Stock,$1.29,0.00,0.00%,6177068.00,United States,2007,72511,Health Care,Medical/Dental Instruments
SNPS,Synopsys Inc. Common Stock,$414.82,-24.77,-5.635%,79494713494.00,United States,1992,2043234,Technology,Computer Software: Prepackaged Software
SNT,Senstar Technologies Corporation Common Shares,$1.6677,-0.0923,-5.244%,38910198.00,Canada,,1451,Telecommunications,Telecommunications Equipment
SNTG,Sentage Holdings Inc. Class A Ordinary Shares,$1.70,-0.0975,-5.424%,4769053.00,China,2021,9312,Finance,Finance: Consumer Services
SNTI,Senti Biosciences Holdings Inc. Common Stock,$0.34,-0.0383,-10.124%,10589216.00,United States,2021,72323,Health Care,Biotechnology: Biological Products (No Diagnostic Substances)
SNWV,SANUWAVE Health Inc. Common Stock,$4.60,-0.09,-1.919%,39570621.00,United States,,24058,Health Care,Medical/Dental Instruments
SNY,Sanofi ADS,$44.37,0.01,0.023%,108211960499.00,France,,2015092,Health Care,Biotechnology: Pharmaceutical Preparations
SNYR,Synergy CHC Corp. Common Stock,$0.108,0.0026,2.467%,1609187.00,United States,2024,1251279,Health Care,Other Pharmaceuticals
SOBR,SOBR Safe Inc. Common Stock,$0.4511,-0.0139,-2.989%,2430170.00,United States,,64947,Consumer Discretionary,Newspapers/Magazines
SOCA,Solarius Capital Acquisition Corp. Class A Ordinary Share,$10.33,0.00,0.00%,0.00,United States,2025,1,,
SOCAW,Solarius Capital Acquisition Corp. Warrant,$0.25,-0.0061,-2.382%,0.00,United States,2025,37839,,
SOFI,SoFi Technologies Inc. Common Stock  ,$17.05,-0.83,-4.642%,22021274024.00,United States,,41688839,Finance,Finance: Consumer Services
SOGP,Sound Group Inc. American Depositary Shares,$12.16,0.15,1.249%,50757615.00,China,2020,13887,Technology,Computer Software: Programming Data Processing
SOHU,Sohu.com Limited American Depositary Shares,$13.88,-0.17,-1.21%,361838025.00,China,,62250,Technology,EDP Services
SOLS,Solstice Advanced Materials Inc. Common Stock ,$61.73,-1.66,-2.619%,9805648088.00,United States,,2998190,Industrials,Major Chemicals
SONM,DNA X Inc. Common Stock,$3.525,-0.135,-3.689%,5246145.00,United States,2019,3360,Utilities,Telecommunications Equipment
SONO,Sonos Inc. Common Stock,$15.14,-0.46,-2.949%,1790970842.00,United States,2018,1350272,Consumer Staples,Consumer Electronics/Appliances
SOPH,SOPHiA GENETICS SA Ordinary Shares,$8.425,0.025,0.298%,717201926.00,Switzerland,2021,766060,Technology,EDP Services
SORA,AsiaStrategy Ordinary Shares,$2.08,0.17,8.901%,51717120.00,Hong Kong,2025,61581,Industrials,Other Specialty Stores
SORN,Soren Acquisition Corp. Class A Ordinary Shares,$9.96,0.00,0.00%,0.00,United States,2026,6,Finance,Blank Checks
SORNU,Soren Acquisition Corp. Unit,$10.25,0.02,0.196%,0.00,United States,2026,213,Finance,Blank Checks
SORNW,Soren Acquisition Corp. Warrant,$0.2999,0.00,0.00%,0.00,United States,2026,35,Finance,Blank Checks
SOTK,Sono-Tek Corporation Common Stock,$4.95,-0.36,-6.78%,77797779.00,United States,,15915,Technology,Industrial Machinery/Components
SOUN,SoundHound AI Inc Class A Common Stock,$6.85,-0.31,-4.33%,3042152431.00,United States,,26405274,Technology,Computer Software: Prepackaged Software
SOUNW,SoundHound AI Inc. Warrant,$1.2279,-0.1021,-7.677%,545322477.00,United States,2021,28515,Technology,Computer Software: Prepackaged Software
SOWG,Sow Good Inc. Common Stock,$3.73,0.44,13.374%,74972601.00,United States,,238927,Consumer Staples,Packaged Foods
SPAI,Safe Pro Group Inc. Common Stock,$4.60,-0.68,-12.879%,93669165.00,United States,2024,222499,Health Care,Industrial Specialties
SPCB,SuperCom Ltd. Ordinary Shares (Israel),$10.27,0.06,0.588%,64500242.00,Israel,,159059,Technology,Semiconductors
SPCX,Space Exploration Technologies Corp. Class A Common Stock,$142.23,-1.46,-1.016%,1930462419724.00,United States,2026,53660977,Technology,Computer Software: Programming Data Processing
SPEG,Silver Pegasus Acquisition Corp Class A Ordinary Shares,$10.37,0.00,0.00%,0.00,United States,2025,9,,
SPEGR,Silver Pegasus Acquisition Corp Rights.,$0.20,-0.04,-16.667%,0.00,United States,2025,2027,,
SPEGU,Silver Pegasus Acquisition Corp Unit,$10.48,0.00,0.00%,0.00,United States,2025,10,,
SPFI,South Plains Financial Inc. Common Stock,$43.71,0.11,0.252%,823457280.00,United States,2019,169477,Finance,Major Banks
SPHL,Springview Holdings Ltd Class A Ordinary Shares,$2.43,-0.04,-1.619%,29796611.00,Singapore,2024,9826,Consumer Discretionary,Homebuilding
SPKL,Spark I Acquisition Corp. Class A Ordinary Share,$11.56,0.00,0.00%,0.00,United States,2023,11934,,
SPKLW,Spark I Acquisition Corp. Warrant,$1.165,-0.055,-4.508%,0.00,United States,2023,207,,
SPOK,Spok Holdings Inc. Common Stock,$10.56,0.05,0.476%,220895527.00,United States,,140739,Telecommunications,Telecommunications Equipment
SPPL,SIMPPLE LTD. Ordinary Shares,$2.01,0.01,0.50%,19670230.00,Singapore,2023,18662,Consumer Discretionary,Diversified Commercial Services
SPRB,Spruce Biosciences Inc. Common Stock,$55.60,-3.37,-5.715%,159795123.00,United States,2020,58144,Health Care,Biotechnology: Pharmaceutical Preparations
SPRC,SciSparc Ltd. Ordinary Shares,$5.67,-0.96,-14.48%,3294117.00,Israel,,90084,Health Care,Biotechnology: Pharmaceutical Preparations
SPRO,Spero Therapeutics Inc. Common Stock,$1.20,-0.02,-1.639%,69881792.00,United States,2017,382301,Health Care,Biotechnology: Pharmaceutical Preparations
SPRY,ARS Pharmaceuticals Inc. Common Stock,$5.77,-0.23,-3.833%,573811169.00,United States,2020,1358022,Health Care,Biotechnology: Pharmaceutical Preparations
SPSC,SPS Commerce Inc. Common Stock,$82.93,-2.47,-2.892%,2985494430.00,United States,2010,396694,Technology,Computer Software: Prepackaged Software
SPT,Sprout Social Inc Class A Common Stock,$11.47,0.09,0.791%,694992672.00,United States,2019,1421496,Technology,Computer Software: Prepackaged Software
SPTX,Seaport Therapeutics Inc. Common Stock,$23.61,-0.07,-0.296%,1263856286.00,United States,2026,122767,Health Care,Biotechnology: Pharmaceutical Preparations
SPWH,Sportsman's Warehouse Holdings Inc. Common Stock,$1.20,0.01,0.84%,46823754.00,United States,2014,3412835,Consumer Discretionary,Other Specialty Stores
SPWR,SunPower Inc. Common Stock,$0.2621,-0.0179,-6.393%,54725677.00,United States,,1464596,Technology,Semiconductors
SPWRW,SunPower Inc. Warrants,$0.0704,-0.0396,-36.00%,14699304.00,United States,,11100,Technology,Semiconductors
SQFT,Presidio Property Trust Inc. Class A Common Stock,$1.54,-0.42,-21.429%,2209025.00,United States,2020,220082,Real Estate,Real Estate Investment Trusts
SQFTP,Presidio Property Trust Inc. 9.375% Series D Cumulative Redeemable Perpetual Preferred Stock $0.01 par value per share,$7.18,-0.20,-2.71%,10299222.00,United States,,1232,Real Estate,Real Estate Investment Trusts
SQFTW,Presidio Property Trust Inc. Series A Common Stock Purchase Warrants,$0.0158,0.0023,17.037%,22664.00,United States,,4279,Real Estate,Real Estate Investment Trusts
SRAD,Sportradar Group AG Class A Ordinary Shares,$12.31,-0.12,-0.965%,3837733151.00,Switzerland,2021,1762864,Technology,Computer Software: Programming Data Processing
SRBK,SR Bancorp Inc. Common stock,$19.50,0.01,0.051%,154719942.00,United States,2023,20509,Finance,Banks
SRCE,1st Source Corporation Common Stock,$84.90,-0.73,-0.853%,2044547027.00,United States,,80017,Finance,Major Banks
SRPT,Sarepta Therapeutics Inc. Common Stock (DE),$21.33,0.30,1.427%,2253024358.00,United States,,2623664,Health Care,Biotechnology: Pharmaceutical Preparations
SRRK,Scholar Rock Holding Corporation Common Stock,$55.89,-0.91,-1.602%,6806579411.00,United States,2018,763268,Health Care,Biotechnology: Biological Products (No Diagnostic Substances)
SRTA,Strata Critical Medical Inc. Class A Common Stock,$5.37,-0.29,-5.124%,475066748.00,United States,2019,1046016,Health Care,Medical/Nursing Services
SRTS,Sensus Healthcare Inc. Common Stock,$3.33,-0.21,-5.932%,54818656.00,United States,2016,88425,Health Care,Medical/Dental Instruments
SRZN,Surrozen Inc. Common Stock,$22.20,0.18,0.817%,260928988.00,United States,,124636,Health Care,Biotechnology: Biological Products (No Diagnostic Substances)
SSAC,SPACSphere Acquisition Corp. Class A Ordinary Shares,$10.08,-0.01,-0.099%,0.00,United States,2026,16743,Finance,Blank Checks
SSACR,SPACSphere Acquisition Corp. Rights,$0.18,0.01,5.882%,0.00,United States,2026,4752,Finance,Blank Checks
SSACW,SPACSphere Acquisition Corp. Warrant,$0.1195,0.0018,1.529%,0.00,United States,2026,39051,Finance,Blank Checks
SSBI,Summit State Bank Common Stock,$12.86,0.00,0.00%,85816452.00,United States,2006,501,Finance,Major Banks
SSEA,Starry Sea Acquisition Corp	Ordinary Shares,$10.30,0.00,0.00%,0.00,United States,2025,23,Finance,Blank Checks
SSEAR,Starry Sea Acquisition Corp Rights,$0.11,-0.04,-26.667%,0.00,United States,2025,100,Finance,Blank Checks
SSII,SS Innovations International Inc. Common Stock,$3.34,-0.07,-2.053%,669287353.00,India,,57939,Health Care,Medical/Dental Instruments
SSM,Sono Group N.V. Ordinary Shares,$4.755,2.075,77.425%,6775086.00,Germany,,33916119,Technology,Semiconductors
SSNC,SS&C Technologies Holdings Inc. Common Stock,$81.91,-0.76,-0.919%,19220590722.00,United States,2010,1319647,Technology,Computer Software: Prepackaged Software
SSP,E.W. Scripps Company (The) Class A Common Stock,$3.26,-0.05,-1.511%,302100911.00,United States,,868855,Industrials,Broadcasting
SSRM,SSR Mining Inc. Common Stock,$35.83,-1.78,-4.733%,7306070649.00,Canada,,3989929,Industrials,Precious Metals
SSTI,SoundThinking Inc. Common Stock,$5.97,-0.47,-7.298%,78587826.00,United States,2017,173705,Technology,Computer Software: Prepackaged Software
SSYS,Stratasys Ltd. Ordinary Shares (Israel),$7.585,-0.165,-2.129%,653618708.00,United States,1994,558913,Technology,Computer peripheral equipment
STAA,STAAR Surgical Company Common Stock,$23.52,0.93,4.117%,1179386504.00,United States,,737846,Health Care,Ophthalmic Goods
STAK,STAK Inc. Class A Ordinary Shares,$1.30,-0.01,-0.763%,24973454.00,China,2025,326303,Consumer Discretionary,Oil and Gas Field Machinery
STBA,S&T Bancorp Inc. Common Stock,$49.20,-0.28,-0.566%,1735062206.00,United States,,187656,Finance,Major Banks
STEP,StepStone Group Inc. Class A Common Stock,$49.68,-2.58,-4.937%,5995216866.00,United States,2020,1132458,Finance,Investment Managers
STEX,Streamex Corp. Common Stock,$0.7138,-0.0347,-4.636%,83133015.00,United States,,683496,Health Care,Biotechnology: Electromedical & Electrotherapeutic Apparatus
STFS,Star Fashion Culture Holdings Limited Class A Ordinary Shares,$4.53,0.06,1.342%,5407805.00,China,2024,115339,Consumer Discretionary,Advertising
STGW,Stagwell Inc. Class A Common Stock,$8.56,-0.12,-1.382%,2092709861.00,Canada,,686202,Consumer Discretionary,Advertising
STHO,Star Holdings Shares of Beneficial Interest,$9.62,-0.21,-2.136%,116222423.00,United States,,11000,Real Estate,Real Estate
STI,Solidion Technology Inc. Common Stock,$7.66,-0.115,-1.479%,65207826.00,United States,2022,24412,Miscellaneous,Industrial Machinery/Components
STIM,Neuronetics Inc. Common Stock,$2.84,0.00,0.00%,216400110.00,United States,2018,780684,Health Care,Medical/Dental Instruments
STKE,Sol Strategies Inc. Common Shares,$1.17,-0.04,-3.306%,46199648.00,Canada,,172330,,
STKH,Steakholder Foods Ltd. American Depositary Shares,$2.67,-0.32,-10.702%,2973389.00,Israel,2021,119038,Consumer Staples,Packaged Foods
STKS,The ONE Group Hospitality Inc. Common Stock,$1.65,-0.03,-1.786%,52286890.00,United States,,9407,Consumer Discretionary,Restaurants
STLD,Steel Dynamics Inc.,$234.09,1.47,0.632%,33551672120.00,United States,1996,664880,Industrials,Steel/Iron Ore
STLN,Starling Oncology Inc. Common Stock,$5.94,0.03,0.508%,605381723.00,United States,2020,947293,Health Care,Medical/Nursing Services
STLNW,Starling Oncology Inc. Warrant,$0.066,0.00,0.00%,6726464.00,United States,2020,6,Health Care,Medical/Nursing Services
STNE,StoneCo Ltd. Class A Common Shares,$9.66,-0.04,-0.412%,2383263683.00,Brazil,2018,4676372,Technology,EDP Services
STOK,Stoke Therapeutics Inc. Common Stock,$30.89,-0.31,-0.994%,1993215615.00,United States,2019,727568,Health Care,Biotechnology: Pharmaceutical Preparations
STRA,Strategic Education Inc. Common Stock,$83.32,0.48,0.579%,1850333816.00,United States,1996,355615,Real Estate,Other Consumer Services
STRC,Strategy Inc Variable Rate Series A Perpetual Stretch Preferred Stock,$96.80,-0.30,-0.309%,37193052697.00,United States,,1330316,Technology,Computer Software: Prepackaged Software
STRD,Strategy Inc 10.00% Series A Perpetual Stride Preferred Stock,$72.85,0.35,0.483%,27990845960.00,United States,,76106,Technology,Computer Software: Prepackaged Software
STRF,Strategy Inc 10.00% Series A Perpetual Strife Preferred Stock,$102.84,0.40,0.39%,39513776233.00,United States,,68901,Technology,Computer Software: Prepackaged Software
STRK,Strategy Inc 8.00% Series A Perpetual Strike Preferred Stock,$73.26,0.61,0.84%,28148378518.00,United States,,63405,Technology,Computer Software: Prepackaged Software
STRL,Sterling Infrastructure Inc. Common Stock,$456.10,-13.97,-2.972%,13951423060.00,United States,,767997,Industrials,Military/Government/Technical
STRO,Sutro Biopharma Inc. Common Stock,$20.82,0.58,2.866%,345219980.00,United States,2018,129554,Health Care,Biotechnology: Biological Products (No Diagnostic Substances)
STRR,Star Equity Holdings Inc. Common Stock,$10.3428,0.00,0.00%,38158757.00,United States,,730,Consumer Discretionary,Professional Services
STRRP,Star Equity Holdings Inc. 10% Series A Cumulative Perpetual Preferred Stock,$9.56,-0.14,-1.443%,35270693.00,United States,,10986,Consumer Discretionary,Professional Services
STRT,STRATTEC SECURITY CORPORATION Common Stock,$69.18,-0.96,-1.369%,275683199.00,United States,,94614,Consumer Discretionary,Auto Parts:O.E.M.
STRZ,Starz Entertainment Corp. Common Shares,$26.52,0.045,0.17%,454133015.00,United States,,414440,Consumer Discretionary,Movies/Entertainment
STTK,Shattuck Labs Inc. Common Stock,$6.87,-0.14,-1.997%,689495548.00,United States,2020,639602,Health Care,Biotechnology: Pharmaceutical Preparations
STX,Seagate Technology Holdings PLC Ordinary Shares (Ireland),$816.64,-11.74,-1.417%,185086979180.00,Ireland,2002,2421653,Technology,Electronic Components
SUGP,SU Group Holdings Limited Class A Ordinary Shares,$0.6519,-0.0981,-13.08%,1516645.00,Hong Kong,2024,748463,Consumer Discretionary,Diversified Commercial Services
SUIG,Sui Group Holdings Limited Common Stock,$0.9345,-0.0455,-4.643%,71772284.00,United States,,540020,Finance,Finance: Consumer Services
SUJA,Suja Life Inc. Class A Common Stock,$10.43,0.36,3.575%,402858875.00,United States,2026,642003,Consumer Staples,Beverages (Production/Distribution)
SUMA,SUMA Acquisition Corporation Class A Ordinary Shares,$9.93,0.03,0.303%,0.00,Canada,2026,809,,
SUMAU,SUMA Acquisition Corporation Units,$10.25,0.00,0.00%,0.00,Canada,2026,10,Finance,Blank Checks
SUNE,SUNation Energy Inc. Common Stock,$2.38,0.07,3.03%,15501197.00,United States,,823369,Consumer Discretionary,Engineering & Construction
SUNS,Sunrise Realty Trust Inc. Common Stock,$7.47,-0.02,-0.267%,100963407.00,United States,,74168,Real Estate,Real Estate Investment Trusts
SUPN,Supernus Pharmaceuticals Inc. Common Stock,$43.74,-0.47,-1.063%,2542475549.00,United States,2012,757874,Health Care,Biotechnology: Pharmaceutical Preparations
SUPX,SuperX AI Technology Limited Ordinary Shares,$8.07,-1.21,-13.039%,348757437.00,Hong Kong,2024,399958,,
SURG,SurgePays Inc. Common Stock,$0.1563,-0.0107,-6.407%,8269587.00,United States,,2353914,Consumer Discretionary,Advertising
SVAQ,Silicon Valley Acquisition Corp. Class A Ordinary Shares,$10.045,0.00,0.00%,0.00,United States,2026,45,Finance,Blank Checks
SVAQW,Silicon Valley Acquisition Corp. Warrants,$0.435,-0.055,-11.224%,0.00,United States,2026,9906,Finance,Blank Checks
SVC,Service Properties Trust Common Shares of Beneficial Interest,$7.67,-0.13,-1.667%,993337773.00,United States,,1870153,Real Estate,Real Estate Investment Trusts
SVCC,Stellar V Capital Corp. Class A Ordinary Shares,$10.67,0.00,0.00%,0.00,United States,2025,3008,,
SVCCU,Stellar V Capital Corp. Unit,$10.71,0.00,0.00%,0.00,United States,2025,4,Finance,Blank Checks
SVCO,Silvaco Group Inc. Common Stock,$6.53,-0.41,-5.908%,221274000.00,United States,2024,241681,Technology,Computer Software: Prepackaged Software
SVIV,Spring Valley Acquisition Corp. IV Class A Ordinary Shares,$10.20,0.00,0.00%,0.00,United States,2026,68183,Finance,Blank Checks
SVIVU,Spring Valley Acquisition Corp. IV Units,$10.3701,0.00,0.00%,0.00,United States,2026,2,Finance,Blank Checks
SVIVW,Spring Valley Acquisition Corp. IV Warrants,$0.7202,-0.0298,-3.973%,0.00,United States,2026,33075,Finance,Blank Checks
SVRA,Savara Inc. Common Stock,$5.35,-0.04,-0.742%,1099211080.00,United States,,1042104,Health Care,Biotechnology: Pharmaceutical Preparations
SVRE,SaverOne 2014 Ltd. American Depositary Shares,$2.67,0.025,0.945%,6674559.00,Israel,2022,269360,Technology,EDP Services
SVREW,SaverOne 2014 Ltd. Warrant,$0.0098,0.0014,16.667%,1058330280.00,Israel,2022,100,Technology,EDP Services
SVRN,SVRN Inc. Common Stock,$9.25,0.19,2.097%,17351298.00,Greece,,6695,Consumer Discretionary,Marine Transportation
SWAG,Stran & Company Inc. Common Stock,$1.70,-0.05,-2.857%,31687301.00,United States,2021,23599,Consumer Discretionary,Advertising
SWAGW,Stran & Company Inc. Warrant,$0.0063,0.0013,26.00%,117429.00,United States,2021,301,Consumer Discretionary,Advertising
SWBI,Smith & Wesson Brands Inc. Common Stock,$12.77,0.05,0.393%,572602714.00,United States,,457307,Industrials,Ordnance And Accessories
SWIM,Latham Group Inc. Common Stock,$6.875,-0.195,-2.758%,808816841.00,United States,2021,947104,Industrials,Plastic Products
SWKHL,SWK Holdings Corporation 9.00% Senior Notes due 2027,$25.48,0.0399,0.157%,309515523.00,United States,,229,,
SWKS,Skyworks Solutions Inc. Common Stock,$67.41,0.40,0.597%,10143370235.00,United States,,5312098,Technology,Semiconductors
SWMR,Swarmer Inc Common Stock,$32.20,-0.94,-2.836%,513170788.00,United States,2026,266279,Technology,Computer Software: Prepackaged Software
SWVL,Swvl Holdings Corp Class A Common Shares,$3.83,0.92,31.615%,110964196.00,United Arab Emirates,,1001523,Consumer Discretionary,Business Services
SWVLW,Swvl Holdings Corp Warrant,$0.0115,0.0002,1.77%,333182.00,United Arab Emirates,,305102,Consumer Discretionary,Business Services
SXTC,China SXT Pharmaceuticals Inc. Class A Ordinary Shares,$2.46,-0.10,-3.906%,3250831.00,China,2019,129284,Health Care,Biotechnology: Pharmaceutical Preparations
SXTP,60 Degrees Pharmaceuticals Inc. Common Stock,$1.02,-0.06,-5.556%,3587328.00,United States,2023,43066,Health Care,Biotechnology: Pharmaceutical Preparations
SXTPW,60 Degrees Pharmaceuticals Inc. Warrant,$0.031,-0.0057,-15.531%,109027.00,United States,2023,1028,Health Care,Biotechnology: Pharmaceutical Preparations
SY,So-Young International Inc. American Depository Shares,$2.74,-0.17,-5.842%,274827949.00,China,2019,1282733,Technology,EDP Services
SYBT,Stock Yards Bancorp Inc. Common Stock,$78.37,-0.84,-1.06%,2434692812.00,United States,,167214,Finance,Major Banks
SYM,Symbotic Inc. Class A Common Stock,$38.22,-1.45,-3.655%,23115521280.00,United States,2021,2410817,Industrials,Industrial Machinery/Components
SYNA,Synaptics Incorporated Common Stock $0.001 Par Value,$95.17,-1.55,-1.603%,3721811858.00,United States,2002,1174097,Technology,Semiconductors
SYPR,Sypris Solutions Inc. Common Stock,$1.84,0.02,1.099%,42368637.00,United States,,41007,Industrials,Industrial Machinery/Components
SYRE,Spyre Therapeutics Inc. Common Stock,$88.50,-0.83,-0.929%,7803377937.00,United States,2016,1429061,Health Care,Biotechnology: Pharmaceutical Preparations
SZZL,Sizzle Acquisition Corp. II Class A ordinary shares,$10.46,0.00,0.00%,0.00,United States,2025,202268,Finance,Blank Checks
SZZLR,Sizzle Acquisition Corp. II Right,$0.14,0.00,0.00%,0.00,United States,2025,4,Finance,Blank Checks
TACH,Titan Acquisition Corp. Class A Ordinary Shares,$10.49,0.00,0.00%,0.00,United States,2025,6263,Finance,Blank Checks
TACHU,Titan Acquisition Corp. Units,$10.70,0.00,0.00%,0.00,United States,2025,8,Finance,Blank Checks
TACHW,Titan Acquisition Corp. Warrants,$0.51,0.00,0.00%,0.00,United States,2025,1,Finance,Blank Checks
TACO,Berto Acquisition Corp. Ordinary Shares,$10.49,0.00,0.00%,382279014.00,United States,2025,43718,Finance,Blank Checks
TACOU,Berto Acquisition Corp. Unit,$10.75,0.00,0.00%,0.00,United States,2025,51,Finance,Blank Checks
TACOW,Berto Acquisition Corp. Warrant,$0.85,0.00,0.00%,0.00,United States,2025,500,Finance,Blank Checks
TACT,TransAct Technologies Incorporated Common Stock,$5.10,0.13,2.616%,52654802.00,United States,1996,14222,Technology,Computer peripheral equipment
TANH,Tantech Holdings Ltd. Class A Common Shares,$0.3398,-0.0067,-1.934%,4902344.00,China,2015,6293202,Industrials,Major Chemicals
TAOP,Taoping Inc. Ordinary Shares ,$0.8804,0.0793,9.899%,8410270.00,Hong Kong,,69772,Technology,Computer Software: Prepackaged Software
TAOX,Tao Synergies Inc. Common Stock,$3.84,-0.11,-2.785%,28735649.00,United States,,84493,Finance,Finance: Consumer Services
TARA,Protara Therapeutics Inc.  Common Stock,$3.90,0.04,1.036%,230472403.00,United States,2014,222076,Health Care,Biotechnology: Biological Products (No Diagnostic Substances)
TARS,Tarsus Pharmaceuticals Inc. Common Stock,$74.05,-0.19,-0.256%,3249535854.00,United States,2020,587256,Health Care,Biotechnology: Biological Products (No Diagnostic Substances)
TASK,TaskUs Inc. Class A Common Stock,$7.76,-0.49,-5.939%,711491283.00,United States,2021,320674,Technology,EDP Services
TATT,TAT Technologies Ltd. Ordinary Shares,$36.75,0.42,1.156%,477130285.00,Israel,,134878,Industrials,Aerospace
TAVI,Tavia Acquisition Corp. Ordinary Shares,$10.70,0.00,0.00%,0.00,United States,2024,63,Finance,Blank Checks
TAVIU,Tavia Acquisition Corp. Unit,$10.80,0.00,0.00%,0.00,United States,2024,38,Finance,Blank Checks
TAYD,Taylor Devices Inc. Common Stock,$59.99,-0.03,-0.05%,193468650.00,United States,,35531,Industrials,Industrial Machinery/Components
TBBK,The Bancorp Inc Common Stock,$64.35,-0.65,-1.00%,2624631159.00,United States,2004,284243,Finance,Major Banks
TBCH,Turtle Beach Corporation Common Stock,$12.05,-0.76,-5.933%,215812018.00,United States,,268063,Telecommunications,Telecommunications Equipment
TBCVU,Thunder Bridge Capital Partners V Ltd. Units,$9.93,0.01,0.101%,0.00,United States,2026,15486,Finance,Blank Checks
TBLA,Taboola.com Ltd. Ordinary Shares,$3.73,0.00,0.00%,940391762.00,Israel,,2346744,Technology,Computer Software: Programming Data Processing
TBLD,Thornburg Income Builder Opportunities Trust Common Stock,$22.36,0.05,0.224%,717350904.00,United States,2021,19642,Finance,Investment Managers
TBPH,Theravance Biopharma Inc. Ordinary Shares,$17.03,-0.01,-0.059%,884176381.00,Cayman Islands,,870675,Health Care,Biotechnology: Pharmaceutical Preparations
TC,Token Cat Limited American Depositary Shares,$2.01,0.04,2.03%,53089770.00,China,2018,114267,Consumer Discretionary,Business Services
TCBI,Texas Capital Bancshares Inc. Common Stock,$95.67,-1.31,-1.351%,4159192882.00,United States,2003,476071,Finance,Major Banks
TCBIO,Texas Capital Bancshares Inc. Depositary Shares 5.75% Fixed Rate Non-Cumulative Perpetual Preferred Stock Series B,$20.10,-0.1206,-0.596%,873834817.00,United States,,39844,Finance,Major Banks
TCBK,TriCo Bancshares Common Stock,$52.70,-0.68,-1.274%,1684641401.00,United States,,241581,Finance,Major Banks
TCBS,Texas Community Bancshares Inc. Common Stock,$17.4628,0.1528,0.883%,50165857.00,United States,2021,500,Finance,Banks
TCGX,TCGX Acquisition Corp. Class A Ordinary Shares,$13.95,-0.15,-1.064%,0.00,United States,2026,53546,,
TCMD,Tactile Systems Technology Inc. Common Stock,$22.25,-0.73,-3.177%,504013364.00,United States,2016,302632,Health Care,Medical/Dental Instruments
TCOM,Trip.com Group Limited American Depositary Shares,$43.84,-0.81,-1.814%,27606276932.00,China,2003,2160263,Consumer Discretionary,Business Services
TCPC,BlackRock TCP Capital Corp. Common Stock,$4.08,-0.08,-1.923%,342323322.00,United States,2012,478328,Finance,Finance/Investors Services
TCRT,Alaunos Therapeutics Inc. Common Stock,$1.66,-0.04,-2.353%,4217197.00,United States,,6375,Health Care,Biotechnology: Pharmaceutical Preparations
TCRX,TScan Therapeutics Inc. Common Stock,$0.6663,-0.0634,-8.689%,42311827.00,United States,2021,820283,Health Care,Biotechnology: Biological Products (No Diagnostic Substances)
TCX,Tucows Inc. Class A Common Stock,$10.52,-0.06,-0.567%,117635818.00,Canada,,138973,Technology,EDP Services
TDAC,Translational Development Acquisition Corp. Ordinary Shares,$10.845,-0.005,-0.046%,0.00,United States,2025,3434,,
TDACW,Translational Development Acquisition Corp. Warrants,$1.75,0.00,0.00%,0.00,United States,2025,2125,,
TDIC,Dreamland Limited Class A Ordinary Shares,$2.485,-0.055,-2.165%,8661674.00,Hong Kong,2025,14245,Consumer Discretionary,Other Consumer Services
TDTH,Trident Digital Tech Holdings Ltd Class B Ordinary Shares,$1.80,-0.03,-1.639%,15546152.00,Singapore,2024,13954,Consumer Discretionary,Business Services
TDUP,ThredUp Inc. Class A Common Stock,$2.52,-0.17,-6.32%,330960798.00,United States,2021,2263215,Consumer Discretionary,Catalog/Specialty Distribution
TDWD,Tailwind 2.0 Acquisition Corp. Class A Ordinary Shares,$10.10,0.00,0.00%,0.00,United States,2025,9,Finance,Blank Checks
TEAD,Teads Holding Co. Common Stock,$0.484,-0.018,-3.586%,47463538.00,United States,2021,139888,Technology,Computer Software: Programming Data Processing
TEAM,Atlassian Corporation Class A Common Stock,$187.03,-7.14,-3.677%,47344552569.00,Australia,2015,3890459,Technology,Computer Software: Prepackaged Software
TECH,Bio-Techne Corp Common Stock,$72.18,-0.13,-0.18%,11319140419.00,United States,,2903402,Health Care,Biotechnology: Biological Products (No Diagnostic Substances)
TECX,Tectonic Therapeutic Inc. Common Stock,$31.22,1.28,4.275%,610331207.00,United States,2018,240799,Health Care,Biotechnology: Biological Products (No Diagnostic Substances)
TELA,TELA Bio Inc. Common Stock,$0.7913,0.0533,7.222%,35525221.00,United States,2019,300518,Health Care,Medical/Dental Instruments
TELO,Telomir Pharmaceuticals Inc. Common Stock,$1.10,-0.02,-1.786%,75652452.00,United States,2024,19572,Health Care,Biotechnology: Pharmaceutical Preparations
TEM,Tempus AI Inc. Class A Common Stock,$62.27,-0.78,-1.237%,11235672256.00,United States,2024,6227956,Technology,Computer Software: Programming Data Processing
TENB,Tenable Holdings Inc. Common Stock,$35.47,-2.68,-7.025%,3906665197.00,United States,2018,3149868,Technology,Computer Software: Prepackaged Software
TENX,Tenax Therapeutics Inc. Common Stock,$1.80,-0.04,-2.174%,67363051.00,United States,,4294640,Health Care,Biotechnology: Pharmaceutical Preparations
TER,Teradyne Inc. Common Stock,$335.46,-14.37,-4.108%,52446067995.00,United States,,2585947,Industrials,Electrical Products
TFSL,TFS Financial Corporation Common Stock,$17.38,-0.09,-0.515%,4874095082.00,United States,2007,768153,Finance,Savings Institutions
TGHL,The GrowHub Limited Class A Ordinary Shares,$0.838,0.0769,10.104%,21201241.00,Singapore,2025,142477,Technology,EDP Services
TGL,Treasure Global Inc. Common Stock,$2.46,-0.135,-5.202%,4808887.00,United States,2022,25973,Consumer Discretionary,Business Services
TGTX,TG Therapeutics Inc. Common Stock,$56.09,1.79,3.297%,8585643183.00,United States,,3197681,Health Care,Biotechnology: Pharmaceutical Preparations
TH,Target Hospitality Corp. Common Stock,$18.07,-0.45,-2.43%,1800195254.00,United States,2018,890194,Consumer Discretionary,Hotels/Resorts
THCH,TH International Limited Ordinary shares,$1.35,-0.03,-2.174%,44878836.00,China,,1114,Consumer Discretionary,Restaurants
THEO,BOA Acquisition Corp. II Class A Ordinary Shares,$9.87,0.01,0.101%,0.00,United States,2026,48391,Finance,Blank Checks
THEOR,BOA Acquisition Corp. II Rights,$0.30,0.00,0.00%,0.00,United States,2026,197897,Finance,Blank Checks
THEOU,BOA Acquisition Corp. II Units,$10.20,0.00,0.00%,0.00,United States,2026,110,Finance,Blank Checks
THFF,First Financial Corporation Common Stock,$77.46,-0.82,-1.048%,921146264.00,United States,,95656,Finance,Major Banks
THH,TryHard Holdings Limited Ordinary Shares,$1.75,-0.38,-17.84%,8758094.00,Japan,2025,75350,Consumer Discretionary,Services-Misc. Amusement & Recreation
THRM,Gentherm Inc Common Stock,$38.62,-0.67,-1.705%,1185839343.00,United States,,166538,Consumer Discretionary,Auto Parts:O.E.M.
THRY,Thryv Holdings Inc. Common Stock,$1.80,-0.11,-5.759%,79990400.00,United States,,736511,Consumer Discretionary,Advertising
TIGO,Millicom International Cellular S.A. Common Stock,$92.60,-1.16,-1.237%,15514280765.00,Luxembourg,,850998,Telecommunications,Telecommunications Equipment
TIGR,UP Fintech Holding Ltd American Depositary Share representing fifteen Class A Ordinary Shares,$4.88,-0.16,-3.175%,872059226.00,China,2019,1585503,Finance,Investment Bankers/Brokers/Service
TIL,Instil Bio Inc. Common Stock,$7.69,0.08,1.051%,52153395.00,United States,2021,11904,Health Care,Biotechnology: Biological Products (No Diagnostic Substances)
TILE,Interface Inc. Common Stock,$37.00,-0.92,-2.426%,2138617020.00,United States,,788882,Consumer Discretionary,Home Furnishings
TIPT,Tiptree Inc. Common Stock,$18.32,-0.20,-1.08%,682231157.00,United States,,205825,Finance,Property-Casualty Insurers
TITN,Titan Machinery Inc. Common Stock,$20.54,-0.03,-0.146%,478626777.00,United States,2007,454556,Consumer Discretionary,Other Specialty Stores
TJGC,TJGC Group Limited Class A Ordinary Shares,$10.02,-0.06,-0.595%,153306000.00,Hong Kong,2025,3192496,Consumer Discretionary,Advertising
TKLF,Tokyo Lifestyle Co. Ltd. American Depositary Shares,$1.685,-0.015,-0.882%,7132236.00,Japan,2022,4161,Consumer Discretionary,Other Specialty Stores
TKNO,Alpha Teknova Inc. Common Stock,$7.08,-0.10,-1.393%,380112782.00,United States,2021,85837,Health Care,Biotechnology: In Vitro & In Vivo Diagnostic Substances
TLACU,Three Lions Acquisition Corp. Units,$9.95,-0.05,-0.50%,0.00,United States,,3794364,,
TLF,Tandy Leather Factory Inc. Common Stock,$2.65,0.03,1.145%,21708999.00,United States,,9124,Consumer Discretionary,Apparel
TLIH,Ten-League International Holdings Limited Ordinary Shares,$5.854,0.069,1.193%,17213306.00,Singapore,2025,3753,Consumer Discretionary,Industrial Specialties
TLN,Talen Energy Corporation Common Stock,$293.73,-2.03,-0.686%,14073855296.00,United States,,947999,Utilities,Electric Utilities: Central
TLNC,Talon Capital Corp. Class A Ordinary Shares,$10.23,0.00,0.00%,0.00,United States,2025,27682,Finance,Blank Checks
TLNCU,Talon Capital Corp. Units,$10.42,0.00,0.00%,0.00,United States,2025,4,Finance,Blank Checks
TLNCW,Talon Capital Corp. Warrants,$0.74,-0.01,-1.333%,0.00,United States,2025,18729,,
TLPH,Talphera Inc. Common Stock,$1.18,-0.01,-0.84%,61248839.00,United States,2011,63621,Health Care,Biotechnology: Pharmaceutical Preparations
TLRY,Tilray Brands Inc. Common Stock ,$4.50,-0.07,-1.532%,524351700.00,United States,2018,3476241,Health Care, Medicinal Chemicals and Botanical Products 
TLS,Telos Corporation Common Stock,$4.72,-0.10,-2.075%,352757644.00,United States,2020,575918,Technology,EDP Services
TLSA,Tiziana Life Sciences Ltd. Common Shares,$0.9636,-0.0244,-2.47%,122626899.00,United Kingdom,2018,515091,Health Care,Biotechnology: Pharmaceutical Preparations
TLSI,TriSalus Life Sciences Inc. Common Stock,$5.17,0.22,4.444%,318340682.00,United States,2021,82580,Health Care,Medical Specialities
TLSIW,TriSalus Life Sciences Inc. Warrant,$0.87,-0.03,-3.333%,53569902.00,United States,2021,384,Health Care,Medical Specialities
TLX,Telix Pharmaceuticals Limited American Depositary Shares,$10.85,-0.24,-2.164%,3675730982.00,Australia,,186107,Health Care,Biotechnology: Pharmaceutical Preparations
TMC,TMC the metals company Inc. Common Stock,$4.455,-0.315,-6.604%,1965258572.00,Canada,,5966745,Basic Materials,Metal Mining
TMCI,Treace Medical Concepts Inc. Common Stock,$4.60,-0.10,-2.128%,299158939.00,United States,2021,254463,Health Care,Medical/Dental Instruments
TMCR,The Metals Royalty Company Inc. Common Stock,$5.82,-0.54,-8.491%,366944848.00,Canada,,50693,Basic Materials,Precious Metals
TMCWW,TMC the metals company Inc. Warrants,$0.0079,0.0012,17.91%,3484970.00,Canada,,230590,Basic Materials,Metal Mining
TMDX,TransMedics Group Inc. Common Stock,$82.24,-2.63,-3.099%,2851683925.00,United States,2019,883878,Health Care,Biotechnology: Electromedical & Electrotherapeutic Apparatus
TMS,Teamshares Inc. Common Stock,$5.92,-0.44,-6.918%,436070255.00,United States,2025,190124,,
TMSWW,Teamshares Inc. Warrants,$0.96,-0.245,-20.332%,70714095.00,United States,2025,1256,,
TMTS,Spartacus Acquisition Corp. II Class A Ordinary Shares,$10.07,0.00,0.00%,0.00,United States,2026,2337,,
TMTSW,Spartacus Acquisition Corp. II Warrants,$0.43,-0.03,-6.522%,0.00,United States,2026,2532,,
TMUS,T-Mobile US Inc. Common Stock,$182.16,1.72,0.953%,195397861024.00,United States,,3942014,Telecommunications,Telecommunications Equipment
TMUSI,T-Mobile US Inc. 5.500% Senior Notes due June 2070,$19.84,-0.265,-1.318%,0.00,United States,,91889,Telecommunications,Telecommunications Equipment
TMUSL,T-Mobile US Inc. 6.250% Senior Notes due 2069,$23.26,0.17,0.736%,0.00,United States,,20174,Telecommunications,Telecommunications Equipment
TMUSZ,T-Mobile US Inc. 5.500% Senior Notes due March 2070,$19.945,-0.115,-0.573%,0.00,United States,,53279,Telecommunications,Telecommunications Equipment
TNDM,Tandem Diabetes Care Inc. Common Stock,$21.28,-0.73,-3.317%,1480634885.00,United States,2013,919306,Health Care,Medical/Dental Instruments
TNGX,Tango Therapeutics Inc.,$22.35,-0.49,-2.145%,3768441702.00,United States,2020,1544350,Health Care,Biotechnology: Pharmaceutical Preparations
TNMG,TNL Mediagene Ordinary Shares,$0.4848,-0.0056,-1.142%,3060522.00,Taiwan,,105903,Consumer Discretionary,Advertising
TNON,Tenon Medical Inc. Common Stock,$4.52,-0.01,-0.221%,3015052.00,United States,2022,119340,Health Care,Medical/Dental Instruments
TNONW,Tenon Medical Inc. Warrant,$0.0085,0.0011,14.865%,5670.00,United States,,8963,Health Care,Medical/Dental Instruments
TNXP,Tonix Pharmaceuticals Holding Corp. Common Stock,$13.98,-0.12,-0.851%,239771316.00,United States,,498231,Health Care,Biotechnology: Pharmaceutical Preparations
TNYA,Tenaya Therapeutics Inc. Common Stock,$0.6854,-0.0024,-0.349%,153687250.00,United States,2021,1071271,Health Care,Biotechnology: Biological Products (No Diagnostic Substances)
TOMZ,TOMI Environmental Solutions Inc. Common Stock,$1.63,-0.02,-1.212%,13272401.00,United States,,3121,Industrials,Major Chemicals
TONX,TON Strategy Company Common Stock,$3.12,-0.28,-8.235%,171824606.00,United States,,1908417,Finance,Finance: Consumer Services
TOP,TOP Financial Group Limited Class A Ordinary Shares,$15.51,-1.12,-6.735%,1949692507.00,Hong Kong,2022,221017,Finance,Investment Bankers/Brokers/Service
TORO,Toro Corp. Common Stock,$6.11,-0.01,-0.163%,211157506.00,Cyprus,,16233,Consumer Discretionary,Marine Transportation
TOUR,Tuniu Corporation American Depositary Shares,$4.95,0.12,2.484%,53775597.00,China,2014,6495,Consumer Discretionary,Transportation Services
TOWN,TowneBank Common Stock,$36.48,-0.56,-1.512%,2722040198.00,United States,,603061,Finance,Major Banks
TOYO,TOYO Co. Ltd Ordinary Shares,$4.18,-0.03,-0.713%,159565197.00,Japan,,1110595,Consumer Discretionary,Miscellaneous manufacturing industries
TPCS,TechPrecision Corporation Common stock,$5.40,-0.13,-2.351%,54541679.00,United States,,11237,Industrials,Metal Fabrications
TPG,TPG Inc. Class A Common Stock,$52.41,-1.71,-3.16%,19806722526.00,United States,2022,3137770,Finance,Investment Managers
TPGXL,TPG Operating Group II L.P. 6.950% Fixed-Rate Junior Subordinated Notes due 2064,$21.60,-0.5256,-2.376%,7880236740.00,United States,,27251,,
TPST,Tempest Therapeutics Inc. Common Stock,$1.05,-0.04,-3.67%,17366755.00,United States,,159097,Health Care,Biotechnology: Pharmaceutical Preparations
TRAW,Traws Pharma Inc. Common Stock,$0.59,-0.002,-0.338%,9067283.00,United States,2013,25658,Health Care,Biotechnology: Pharmaceutical Preparations
TRAX,First Tracks Biotherapeutics Inc. Ordinary Shares ,$41.17,-0.67,-1.601%,1471038806.00,United States,,557555,Health Care,Biotechnology: Pharmaceutical Preparations
TRDA,Entrada Therapeutics Inc. Common Stock,$7.07,0.02,0.284%,275282250.00,United States,2021,205488,Health Care,Biotechnology: Pharmaceutical Preparations
TREE,LendingTree Inc. Common Stock,$27.37,-0.67,-2.389%,384262785.00,United States,,368448,Finance,Finance: Consumer Services
TREO,Tactical Resources Corp. Common Shares,$5.03,-0.31,-5.805%,68468531.00,Canada,,21235,Basic Materials,Metal Mining
TRGS,TRG Latin America Acquisitions Corp. Class A Ordinary Shares,$9.96,0.00,0.00%,0.00,United States,2026,778,Finance,Blank Checks
TRI,Thomson Reuters Corporation Common Shares,$106.35,-0.97,-0.904%,46070820000.00,United States,,1716147,Consumer Discretionary,Publishing
TRIB,Trinity Biotech plc American Depositary Shares,$9.72,-0.15,-1.52%,7903643.00,Ireland,1992,10044,Health Care,Biotechnology: In Vitro & In Vivo Diagnostic Substances
TRIP,TripAdvisor Inc. Common Stock,$9.46,-0.06,-0.63%,1108705775.00,United States,,2758691,Technology,Computer Software: Programming Data Processing
TRMB,Trimble Inc. Common Stock,$58.94,-1.00,-1.668%,13743620241.00,United States,1990,3729134,Industrials,Industrial Machinery/Components
TRMD,TORM plc Class A Common Stock,$33.21,0.40,1.219%,3365259199.00,United Kingdom,,762245,Consumer Discretionary,Marine Transportation
TRMK,Trustmark Corporation Common Stock,$45.18,-0.49,-1.073%,2623628669.00,United States,,239308,Finance,Major Banks
TRNR,Interactive Strength Inc. Common Stock,$2.885,-0.105,-3.512%,4672840.00,United States,2023,4731,Technology,Consumer Electronics/Appliances
TRNS,Transcat Inc. Common Stock,$84.88,-1.61,-1.861%,794460927.00,United States,,61545,Industrials,Electrical Products
TRON,Tron Inc. Common Stock,$1.64,-0.11,-6.286%,777986585.00,United States,2023,2758562,Finance,Finance: Consumer Services
TROO,TROOPS Inc. Ordinary Shares ,$2.34,0.07,3.084%,285854788.00,China,,374994,Finance,Diversified Financial Services
TROW,T. Rowe Price Group Inc. Common Stock,$108.975,-2.305,-2.071%,23246094754.00,United States,1986,1326361,Finance,Investment Managers
TRS,TriMas Corporation Common Stock,$38.91,0.13,0.335%,1395852398.00,United States,2007,413405,Industrials,Industrial Specialties
TRSG,Tungray Technologies Inc Class A Ordinary Shares,$1.48,0.09,6.475%,24203158.00,Singapore,2024,609,Industrials,Industrial Machinery/Components
TRST,TrustCo Bank Corp NY Common Stock,$56.15,-0.57,-1.005%,956107601.00,United States,,176137,Finance,Major Banks
TRUG,TruGolf Holdings Inc. Class A Common Stock,$0.4417,-0.0292,-6.201%,2037322.00,United States,2021,1053010,Consumer Discretionary,Recreational Games/Products/Toys
TRUP,Trupanion Inc. Common Stock,$27.88,-1.27,-4.357%,1223168395.00,United States,,400556,Health Care,Medical Specialities
TRVG,trivago N.V. American Depositary Shares,$5.86,0.13,2.269%,413831290.00,Germany,2016,272909,Technology,EDP Services
TRVI,Trevi Therapeutics Inc. Common Stock,$16.57,-0.03,-0.181%,2360824685.00,United States,2019,945066,Health Care,Biotechnology: Pharmaceutical Preparations
TSAT,Telesat Corporation Class A Common Shares and Class B Variable Voting Shares ,$42.94,-0.46,-1.06%,1552624864.00,Canada,,100009,Industrials,Metal Fabrications
TSBK,Timberland Bancorp Inc. Common Stock,$45.02,-0.57,-1.25%,350060573.00,United States,,39510,Finance,Banks
TSCO,Tractor Supply Company Common Stock,$34.71,-0.19,-0.544%,18085303155.00,United States,1994,7523336,Consumer Discretionary,RETAIL: Building Materials
TSEM,Tower Semiconductor Ltd. Ordinary Shares,$199.06,-5.99,-2.921%,22499950860.00,Israel,1994,1755912,Technology,Semiconductors
TSHA,Taysha Gene Therapies Inc. Common Stock,$5.70,0.01,0.176%,1857251207.00,United States,2020,1763169,Health Care,Biotechnology: Biological Products (No Diagnostic Substances)
TSLA,Tesla Inc. Common Stock,$356.09,-11.86,-3.223%,1406394331529.00,United States,2010,36113957,Industrials,Auto Manufacturing
TSSI,TSS Inc. Common Stock,$7.86,-0.01,-0.127%,221801890.00,United States,,911061,Consumer Discretionary,Professional Services
TTAN,ServiceTitan Inc. Class A Common Stock,$95.45,-2.59,-2.642%,9105698916.00,United States,2024,810993,Technology,Computer Software: Prepackaged Software
TTD,The Trade Desk Inc. Class A Common Stock,$13.78,0.06,0.437%,6474949073.00,United States,2016,16471070,Technology,Computer Software: Programming Data Processing
TTEC,TTEC Holdings Inc. Common Stock,$1.34,0.00,0.00%,66056560.00,United States,1996,802640,Consumer Discretionary,Professional Services
TTEK,Tetra Tech Inc. Common Stock,$35.74,-0.40,-1.107%,9151027857.00,United States,1991,1948764,Consumer Discretionary,Military/Government/Technical
TTGT,TechTarget Inc. Common Stock,$3.77,-0.10,-2.584%,272694128.00,United States,,203114,Telecommunications,Telecommunications Equipment
TTMI,TTM Technologies Inc. Common Stock,$115.33,-3.59,-3.019%,12149884485.00,United States,2000,1433123,Technology,Electrical Products
TTRX,Turn Therapeutics Inc. Common Stock,$9.82,0.22,2.292%,292518553.00,United States,,43205,Health Care,Biotechnology: Pharmaceutical Preparations
TTWO,Take-Two Interactive Software Inc. Common Stock,$216.68,-3.02,-1.375%,40514922389.00,United States,1997,2792028,Technology,Computer Software: Prepackaged Software
TULP,Bloomia Holdings Inc. Common Stock,$3.40,0.00,0.00%,16226694.00,United States,,210,Consumer Staples,Farming/Seeds/Milling
TURB,Turbo Energy S.A. American Depositary Shares,$1.17,-0.01,-0.847%,14060054.00,Spain,2023,62128,Miscellaneous,Industrial Machinery/Components
TUSK,Mammoth Energy Services Inc. Common Stock,$3.10,-0.03,-0.958%,149195514.00,United States,2016,64763,Energy,Oilfield Services/Equipment
TVA,Texas Ventures Acquisition III Corp Class A Ordinary Share,$10.55,0.00,0.00%,0.00,United States,2025,14688,,
TVACU,Texas Ventures Acquisition III Corp Unit,$10.75,0.00,0.00%,0.00,United States,2025,15,Finance,Blank Checks
TVACW,Texas Ventures Acquisition III Corp Warrants,$0.4285,0.00,0.00%,0.00,United States,2025,12,,
TVAI,Thayer Ventures Acquisition Corporation II Class A Ordinary Shares,$10.38,0.01,0.096%,0.00,United States,2025,91033,,
TVGN,Tevogen Inc. Common Stock,$7.17,0.19,2.722%,46687742.00,United States,2022,2752,Health Care,Biotechnology: Biological Products (No Diagnostic Substances)
TVGNW,Tevogen Inc. Warrant,$0.0531,0.0031,6.20%,345763.00,United States,2022,457055,Health Care,Biotechnology: Biological Products (No Diagnostic Substances)
TVIV,Texas Ventures Acquisition IV Corp Class A Ordinary Shares,$9.92,0.00,0.00%,0.00,United States,2026,800,,
TVIVW,Texas Ventures Acquisition IV Corp Warrant,$0.28,0.0192,7.362%,0.00,United States,2026,2351,,
TVRD,Tvardi Therapeutics Inc. Common Stock,$1.745,-0.055,-3.056%,23276456.00,United States,2014,95979,Health Care,Biotechnology: Pharmaceutical Preparations
TVTX,Travere Therapeutics Inc. Common Stock,$65.71,-0.57,-0.86%,6193895698.00,United States,,1074165,Health Care,Biotechnology: Pharmaceutical Preparations
TW,Tradeweb Markets Inc. Class A Common Stock,$106.71,-0.85,-0.79%,24973155838.00,United States,2019,1191041,Finance,Investment Bankers/Brokers/Service
TWAV,TaoWeave Inc. Common Stock,$1.365,0.005,0.368%,5292404.00,United States,,17886,Technology,Computer Software: Programming Data Processing
TWFG,TWFG Inc. Class A Common Stock,$28.80,-0.03,-0.104%,1556691667.00,United States,2024,174399,Finance,Specialty Insurers
TWG,Top Wealth Group Holding Limited Class A Ordinary Shares,$0.4301,-0.0299,-6.50%,26987291.00,Hong Kong,2024,146202,Consumer Staples,Packaged Foods
TWIN,Twin Disc Incorporated Common Stock,$22.42,-0.53,-2.309%,323359781.00,United States,,70067,Industrials,Industrial Machinery/Components
TWLV,Twelve Seas Investment Company III Class A Ordinary Shares,$10.07,0.00,0.00%,0.00,United States,2026,19,Finance,Blank Checks
TWLVR,Twelve Seas Investment Company III Rights,$0.1271,0.0204,19.119%,0.00,United States,2026,952,Finance,Blank Checks
TWST,Twist Bioscience Corporation Common Stock,$132.06,-6.94,-4.993%,8755733038.00,United States,2018,1275731,Health Care,Biotechnology: Biological Products (No Diagnostic Substances)
TXG,10x Genomics Inc. Class A Common Stock,$59.98,-2.47,-3.955%,7814864257.00,United States,2019,1960984,Industrials,Biotechnology: Laboratory Analytical Instruments
TXMD,TherapeuticsMD Inc. Common Stock,$2.17,-0.01,-0.459%,25116366.00,United States,,29914,Health Care,Biotechnology: Pharmaceutical Preparations
TXN,Texas Instruments Incorporated Common Stock,$253.34,-7.57,-2.901%,231362168771.00,United States,,7214609,Technology,Semiconductors
TXRH,Texas Roadhouse Inc. Common Stock,$191.57,-3.28,-1.683%,12574832194.00,United States,2004,916461,Consumer Discretionary,Restaurants
TYGO,Tigo Energy Inc. Common Stock,$1.06,-0.01,-0.935%,81380134.00,United States,2021,489474,Technology,Semiconductors
TYRA,Tyra Biosciences Inc. Common Stock,$25.30,0.27,1.079%,1509826557.00,United States,2021,423521,Health Care,Biotechnology: Pharmaceutical Preparations
TZOO,Travelzoo Common Stock,$6.28,-0.20,-3.086%,64070676.00,United States,,54769,Consumer Discretionary,Advertising
UAL,United Airlines Holdings Inc. Common Stock,$104.63,-3.36,-3.111%,33961200064.00,United States,,5271448,Consumer Discretionary,Air Freight/Delivery Services
UBCP,United Bancorp Inc. Common Stock,$15.71,0.25,1.617%,90104988.00,United States,,1153,Finance,Major Banks
UBSI,United Bankshares Inc. Common Stock,$46.50,-0.63,-1.337%,6333884552.00,United States,,716865,Finance,Major Banks
UCAR,U Power Limited Class A Ordinary Shares,$0.6043,-0.006,-0.983%,21451896.00,China,2023,42266,Miscellaneous,Industrial Machinery/Components
UCL,uCloudlink Group Inc. American Depositary Shares,$0.3939,0.0176,4.677%,15004537.00,Hong Kong,2020,510184,Consumer Discretionary,Telecommunications Equipment
UCTT,Ultra Clean Holdings Inc. Common Stock,$65.11,-2.72,-4.01%,2947987358.00,United States,2004,697440,Technology,Semiconductors
UEIC,Universal Electronics Inc. Common Stock,$4.605,0.045,0.987%,59335711.00,United States,1993,19703,Consumer Staples,Consumer Electronics/Appliances
UFCS,United Fire Group Inc. Common Stock,$54.15,0.28,0.52%,1391949522.00,United States,,107033,Finance,Property-Casualty Insurers
UFG,Uni-Fuels Holdings Limited Class A Ordinary Shares,$0.5401,-0.0201,-3.588%,17534347.00,Singapore,2025,10724,Energy,Oil Refining/Marketing
UFPI,UFP Industries Inc. Common Stock,$82.47,-1.69,-2.008%,4549168163.00,United States,1993,423409,Basic Materials,Forest Products
UFPT,UFP Technologies Inc. Common Stock,$294.06,-3.89,-1.306%,2277727007.00,United States,1993,141617,Health Care,Medical/Dental Instruments
UG,United-Guardian Inc. Common Stock,$7.13,-0.11,-1.519%,32757494.00,United States,,14999,Consumer Discretionary,Package Goods/Cosmetics
UK,Ucommune International Ltd Class A Ordinary Shares,$2.09,0.06,2.956%,1416918.00,United States,2019,4143,Consumer Discretionary,Business Services
ULBI,Ultralife Corporation Common Stock,$6.18,-0.13,-2.06%,102979002.00,United States,1992,62126,Miscellaneous,Industrial Machinery/Components
ULCC,Frontier Group Holdings Inc. Common Stock,$5.52,-0.18,-3.158%,1270791056.00,United States,2021,2881036,Consumer Discretionary,Air Freight/Delivery Services
ULH,Universal Logistics Holdings Inc. Common Stock,$18.41,-0.165,-0.888%,485431290.00,United States,2005,27785,Industrials,Trucking Freight/Courier Services
ULTA,Ulta Beauty Inc. Common Stock,$545.66,8.56,1.594%,23331041626.00,United States,2007,828445,Consumer Discretionary,Other Specialty Stores
UMBF,UMB Financial Corporation Common Stock,$137.95,-3.68,-2.598%,10477306639.00,United States,,571163,Finance,Major Banks
UMBFO,UMB Financial Corporation Depositary Shares Each Representing a 1/400th Interest in a Share of 7.750% Fixed-Rate Reset Non-Cumulative Perpetual Preferred Stock Series B,$26.46,-0.04,-0.151%,2009637794.00,United States,,15150,Finance,Major Banks
UNB,Union Bankshares Inc. Common Stock,$23.76,0.185,0.785%,117513824.00,United States,,5556,Finance,Major Banks
UNCY,Unicycive Therapeutics Inc. Common Stock,$5.05,-0.15,-2.885%,140669048.00,United States,2021,671303,Health Care,Biotechnology: Pharmaceutical Preparations
UNIT,Uniti Group Inc. Common Stock,$9.75,-0.17,-1.714%,2366570066.00,United States,,2229035,Real Estate,Real Estate Investment Trusts
UNTY,Unity Bancorp Inc. Common Stock,$57.80,-0.23,-0.396%,580461008.00,United States,,44736,Finance,Major Banks
UONE,Urban One Inc. Class A Common Stock,$4.913,0.0726,1.50%,22673318.00,United States,,2019,Consumer Discretionary,Broadcasting
UONEK,Urban One Inc. Class D Common Stock,$4.20,0.00,0.00%,19382849.00,United States,,859,Consumer Discretionary,Broadcasting
UPB,Upstream Bio Inc. Common Stock,$6.55,-0.07,-1.057%,358750319.00,United States,2024,476498,Health Care,Biotechnology: Pharmaceutical Preparations
UPBD,Upbound Group Inc. Common Stock,$18.42,0.12,0.656%,1073875040.00,United States,,811707,Consumer Discretionary,Diversified Commercial Services
UPC,Universe Pharmaceuticals Inc. Class A Ordinary Shares,$4.27,-0.31,-6.769%,21454145.00,China,2021,107521,Health Care,Biotechnology: Pharmaceutical Preparations
UPLD,Upland Software Inc. Common Stock,$4.105,-0.245,-5.632%,12139269.00,United States,2014,13432,Technology,Computer Software: Prepackaged Software
UPST,Upstart Holdings Inc. Common stock,$27.39,-1.29,-4.498%,2665404330.00,United States,2020,5286763,Finance,Finance: Consumer Services
UPWK,Upwork Inc. Common Stock,$9.19,0.16,1.772%,1147861924.00,United States,2018,4415654,Technology,EDP Services
UPXI,Upexi Inc. Common Stock,$1.04,-0.05,-4.587%,76390452.00,United States,2021,4486007,Finance,Finance: Consumer Services
URBN,Urban Outfitters Inc. Common Stock,$79.29,-1.40,-1.735%,6790005731.00,United States,1993,1639629,Consumer Discretionary,Clothing/Shoe/Accessory Stores
URGN,UroGen Pharma Ltd. Ordinary Shares,$43.39,0.30,0.696%,2120927672.00,Israel,2017,584244,Health Care,Biotechnology: Pharmaceutical Preparations
UROY,Uranium Royalty Corp. Common Stock,$4.14,-0.07,-1.663%,606437579.00,Canada,,2285958,Finance,Investment Bankers/Brokers/Service
USAR,USA Rare Earth Inc. Class A Common Stock,$17.26,-0.56,-3.143%,4223868909.00,United States,2023,9845361,Basic Materials,Metal Mining
USAU,U.S. Gold Corp. Common Stock,$15.13,-0.68,-4.301%,250040846.00,United States,,209516,Basic Materials,Metal Mining
USCB,USCB Financial Holdings Inc. Class A Common Stock,$22.26,0.02,0.09%,411241702.00,United States,2021,48452,Finance,Major Banks
USDE,StablecoinX Inc. Class A Common Stock,$8.36,-0.51,-5.75%,227284398.00,United States,,4815690,Finance,Finance: Consumer Services
USDEW,StablecoinX Inc. Warrants,$1.76,-0.04,-2.222%,47849347.00,United States,,162020,Finance,Finance: Consumer Services
USEA,United Maritime Corporation Common Stock,$2.82,0.06,2.174%,26897552.00,Greece,,267948,Consumer Discretionary,Marine Transportation
USGO,U.S. GoldMining Inc. Common stock,$8.45,-0.50,-5.587%,118601969.00,United States,2023,61132,Basic Materials,Precious Metals
USIO,Usio Inc. Common Stock,$2.81,0.03,1.079%,80072113.00,United States,,345218,Finance,Investment Bankers/Brokers/Service
USLM,United States Lime & Minerals Inc. Common Stock,$115.05,-3.08,-2.607%,3300596163.00,United States,,114873,Industrials,Mining & Quarrying of Nonmetallic Minerals (No Fuels)
UTHR,United Therapeutics Corporation Common Stock,$512.70,2.32,0.455%,21990057788.00,United States,1999,479398,Health Care,Biotechnology: Pharmaceutical Preparations
UTMD,Utah Medical Products Inc. Common Stock,$71.76,0.63,0.886%,228470780.00,United States,,14259,Health Care,Medical/Dental Instruments
UTSI,UTStarcom Holdings Corp. Ordinary Shares,$2.30,-0.10,-4.167%,21836453.00,China,2000,663,Telecommunications,Telecommunications Equipment
UVSP,Univest Financial Corporation Common Stock,$41.10,-0.42,-1.012%,1133569565.00,United States,,169897,Finance,Major Banks
UXIN,Uxin Limited ADS,$1.13,-0.02,-1.739%,248577695.00,China,2018,27337,Consumer Discretionary,Business Services
UYSC,UY Scuti Acquisition Corp. Ordinary Shares,$10.99,0.00,0.00%,0.00,United States,2025,8,Finance,Blank Checks
UYSCR,UY Scuti Acquisition Corp. Rights,$0.075,-0.0125,-14.286%,0.00,United States,2025,1996,Finance,Blank Checks
UYSCU,UY Scuti Acquisition Corp. Units,$11.08,0.00,0.00%,0.00,United States,2025,8,,
UZX,Linkage Global Inc. Class A Ordinary Shares,$0.1187,-0.0004,-0.336%,7850603.00,Japan,2023,282382,Consumer Discretionary,Catalog/Specialty Distribution
VABK,Virginia National Bankshares Corporation Common Stock,$46.35,0.05,0.108%,251461821.00,United States,,6431,Finance,Major Banks
VAI,Valor Energy Incorporated Common Stock,$1.70,0.02,1.19%,24747731.00,China,2018,19364,Consumer Discretionary,Rental/Leasing Companies
VALN,Valneva SE American Depositary Shares,$6.57,0.27,4.286%,623398517.00,France,2021,27435,Health Care,Biotechnology: Biological Products (No Diagnostic Substances)
VALU,Value Line Inc. Common Stock,$38.71,1.70,4.593%,363238111.00,United States,1983,4246,Finance,Investment Managers
VANI,Vivani Medical Inc. Common Stock (DE),$1.36,-0.03,-2.158%,122676564.00,United States,2014,191476,Health Care,Biotechnology: Electromedical & Electrotherapeutic Apparatus
VBIO,Valion Bio Inc. Common Stock,$3.07,-0.50,-14.006%,3946869.00,United States,2021,292808,Health Care,Biotechnology: Electromedical & Electrotherapeutic Apparatus
VBNK,VersaBank Common Shares,$18.965,-0.23,-1.198%,614769573.00,Canada,,126739,Finance,Commercial Banks
VC,Visteon Corporation Common Stock,$100.76,-0.685,-0.675%,2689831426.00,United States,,522267,Consumer Discretionary,Auto Parts:O.E.M.
VCEL,Vericel Corporation Common Stock,$40.50,0.60,1.504%,2073867867.00,United States,,651139,Health Care,Biotechnology: Biological Products (No Diagnostic Substances)
VCIG,VCI Global Limited Ordinary Share,$1.86,-0.20,-9.709%,2355683.00,Malaysia,2023,101250,Consumer Discretionary,Diversified Commercial Services
VCRE,Vicore Pharma Holding AB American Depositary Shares,$11.0712,0.0312,0.283%,3116826145.00,Sweden,,7684,Health Care,Biotechnology: Pharmaceutical Preparations
VCTR,Victory Capital Holdings Inc. Class A Common Stock,$113.08,-4.93,-4.178%,6955502402.00,United States,2018,792425,Finance,Investment Managers
VCYT,Veracyte Inc. Common Stock,$43.43,0.24,0.556%,3491369447.00,United States,2013,873084,Health Care,Medical Specialities
VECO,Veeco Instruments Inc. Common Stock,$42.05,-2.25,-5.079%,2570501362.00,United States,1994,519851,Technology,Industrial Machinery/Components
VEEA,Veea Inc. Common Stock,$1.71,-0.09,-5.00%,5319311.00,United States,2021,166493,Technology,EDP Services
VEEAW,Veea Inc. Warrant,$0.0307,0.0057,22.80%,95499.00,United States,2021,1400,Technology,EDP Services
VEEE,Twin Vee PowerCats Co. Common Stock,$9.40,-0.70,-6.931%,5400319.00,United States,2021,18463,Industrials,Marine Transportation
VELO,Velo3D Inc. Common stock,$11.25,-0.66,-5.542%,361677578.00,United States,,859126,Technology,Industrial Machinery/Components
VEON,VEON Ltd. ADS,$62.32,0.44,0.711%,4291429672.00,Netherlands,,88866,Telecommunications,Telecommunications Equipment
VERA,Vera Therapeutics Inc. Class A Common Stock,$34.23,0.15,0.44%,2466727957.00,United States,2021,4070046,Health Care,Biotechnology: Pharmaceutical Preparations
VERI,Veritone Inc. Common Stock,$0.785,-0.0087,-1.096%,78858798.00,United States,2017,1719234,Technology,EDP Services
VERU,Veru Inc. Common Stock,$2.69,-0.11,-3.929%,45865361.00,United States,,203209,Health Care,Biotechnology: Pharmaceutical Preparations
VERX,Vertex Inc. Class A Common Stock,$13.83,-0.33,-2.331%,2243474663.00,United States,2020,1420505,Technology,Computer Software: Prepackaged Software
VFF,Village Farms International Inc. Common Shares,$2.84,-0.04,-1.389%,347293083.00,Canada,,547626,Consumer Staples,Farming/Seeds/Milling
VFS,VinFast Auto Ltd. Ordinary Shares,$3.11,-0.035,-1.113%,7275956991.00,Singapore,,187838,Industrials,Auto Manufacturing
VFSWW,VinFast Auto Ltd. Warrant,$0.212,-0.028,-11.667%,495981634.00,Singapore,,13991,Industrials,Auto Manufacturing
VGAS,Verde Clean Fuels Inc. Class A Common Stock,$1.36,0.06,4.615%,60587485.00,United States,2021,3293,Industrials,Major Chemicals
VGASW,Verde Clean Fuels Inc. Warrant,$0.0278,-0.002,-6.711%,1238479.00,United States,2021,570,Industrials,Major Chemicals
VHC,VirnetX Holding Corp Common Stock,$11.28,-0.52,-4.407%,47563620.00,United States,,246459,Miscellaneous,Multi-Sector Companies
VHCP,Vine Hill Capital Investment Corp. II Class A Ordinary Shares,$10.07,0.01,0.099%,0.00,United States,2026,11017,,
VHCPU,Vine Hill Capital Investment Corp. II Units,$10.16,0.04,0.395%,0.00,United States,2025,3032,Finance,Blank Checks
VHCPW,Vine Hill Capital Investment Corp. II Warrants,$0.34,0.00,0.00%,0.00,United States,2026,313,,
VHUB,VenHub Global Inc. Common Stock,$0.8416,-0.0347,-3.96%,76916228.00,United States,,33870,Technology,Industrial Machinery/Components
VIAV,Viavi Solutions Inc. Common Stock,$34.81,-1.48,-4.078%,8589361513.00,United States,,2986810,Technology,Semiconductors
VICR,Vicor Corporation Common Stock,$175.99,-11.69,-6.229%,8114323765.00,United States,,771619,Technology,Industrial Machinery/Components
VINP,Vinci Compass Investments Ltd. Class A Common Shares,$9.835,0.055,0.562%,643426334.00,Brazil,2021,96084,Finance,Investment Managers
VIOT,Viomi Technology Co. Ltd American Depositary Shares,$0.9693,0.0184,1.935%,60541137.00,China,2018,299387,Consumer Discretionary,Consumer Electronics/Appliances
VIP,Vulcan Infrastructure and Power Inc. Class A Common Stock,$1.70,-0.03,-1.734%,31330833.00,United States,,112570,Finance,Finance: Consumer Services
VIR,Vir Biotechnology Inc. Common Stock,$11.63,0.69,6.307%,1967981592.00,United States,2019,2778115,Health Care,Biotechnology: Biological Products (No Diagnostic Substances)
VIRC,Virco Manufacturing Corporation Common Stock,$6.06,0.06,1.00%,95321031.00,United States,,19940,Consumer Discretionary,Industrial Specialties
VISN,Vistance Networks Inc. Common Stock,$6.22,-0.09,-1.426%,1434496283.00,United States,2013,8439749,Technology,Radio And Television Broadcasting And Communications Equipment
VITL,Vital Farms Inc. Common Stock,$10.21,-0.47,-4.401%,438330840.00,United States,2020,1101971,Consumer Staples,Packaged Foods
VIVK,Vivakor Inc. Common Stock,$0.7839,0.0038,0.487%,6415144.00,United States,,2519156,Utilities,Environmental Services
VIVO,VivoPower PLC Class A Ordinary Shares,$3.81,-0.26,-6.388%,121895445.00,United Kingdom,,255052,Utilities,Power Generation
VIVS,VivoSim Labs Inc. Common Stock,$0.2787,-0.0127,-4.358%,4622656.00,United States,,366357,Health Care,Biotechnology: Biological Products (No Diagnostic Substances)
VKTX,Viking Therapeutics Inc. Common Stock,$33.67,0.89,2.715%,3927704389.00,United States,2015,1675129,Health Care,Biotechnology: Pharmaceutical Preparations
VLGEA,Village Super Market Inc. Class A Common Stock,$42.98,-0.30,-0.693%,636511923.00,United States,,43793,Consumer Staples,Food Chains
VLOS,Velos Acquisition I Corp. Class A Ordinary shares,$10.69,0.02,0.187%,0.00,United States,2024,572,,
VLOSU,Velos Acquisition I Corp. Units,$10.71,0.00,0.00%,0.00,United States,2024,1,Finance,Blank Checks
VLOSW,Velos Acquisition I Corp. Warrant,$0.44,0.01,2.326%,0.00,United States,2024,1726,Finance,Blank Checks
VLY,Valley National Bancorp Common Stock,$13.38,-0.26,-1.906%,7393857924.00,United States,,6663965,Finance,Major Banks
VLYPN,Valley National Bancorp 8.250% Fixed-Rate Reset Non-Cumulative Perpetual Preferred Stock Series C,$25.79,0.00,0.00%,14251688779.00,United States,,10890,Finance,Major Banks
VLYPO,Valley National Bancorp 5.50% Fixed-to-Floating Rate Non-Cumulative Perpetual Preferred Stock Series B,$25.05,-0.03,-0.12%,13842760911.00,United States,,2050,Finance,Major Banks
VLYPP,Valley National Bancorp 6.25% Fixed-to-Floating Rate Non-Cumulative Perpetual Preferred Stock Series A,$25.19,-0.01,-0.04%,13920125643.00,United States,,5832,Finance,Major Banks
VMAR,Vision Marine Technologies Inc. Common Shares,$7.90,0.12,1.542%,5159063.00,Canada,2020,62984,Industrials,Marine Transportation
VMD,Viemed Healthcare Inc. Common Shares,$8.80,-0.04,-0.452%,335176406.00,United States,,354082,Health Care,Misc Health and Biotechnology Services
VMET,Versamet Royalties Corporation Common Stock,$9.93,-0.32,-3.122%,1080677005.00,Canada,,456168,Industrials,Precious Metals
VNCE,Vince Holding Corp. Common Stock,$6.50,-0.34,-4.971%,83507411.00,United States,,104621,Consumer Discretionary,Clothing/Shoe/Accessory Stores
VNDA,Vanda Pharmaceuticals Inc. Common Stock,$5.42,0.02,0.37%,327707764.00,United States,2006,584857,Health Care,Biotechnology: Pharmaceutical Preparations
VNET,VNET Group Inc. American Depositary Shares,$6.22,0.16,2.64%,1770782019.00,China,2011,4128976,Technology,Computer Software: Programming Data Processing
VNME,Vendome Acquisition Corporation I Class A Ordinary Shares,$10.28,0.01,0.097%,0.00,United States,2025,444530,Finance,Blank Checks
VNOM,Viper Energy Inc. Class A Common Stock,$45.39,0.60,1.34%,16303856193.00,United States,2014,1116503,Energy,Oil & Gas Production
VOD,Vodafone Group Plc American Depositary Shares,$16.05,0.01,0.062%,38133208450.00,United Kingdom,,3881682,Telecommunications,Telecommunications Equipment
VOGX,Vogenx Inc Common Stock,$33.13,-0.87,-2.559%,492149032.00,United States,2026,338700,Health Care,Biotechnology: Pharmaceutical Preparations
VOR,Vor Biopharma Inc. Common Stock,$22.64,0.16,0.712%,1339434336.00,United States,2021,607350,Health Care,Biotechnology: Biological Products (No Diagnostic Substances)
VOXR,Vox Royalty Corp. Common Stock,$5.36,-0.135,-2.457%,372494722.00,Canada,,398104,Basic Materials,Precious Metals
VRA,Vera Bradley Inc. Common Stock,$3.19,-0.21,-6.176%,90718024.00,United States,2010,82908,Consumer Discretionary,Apparel
VRAX,Virax Biolabs Group Limited Ordinary Shares,$2.60,-0.22,-7.801%,2072169.00,United Kingdom,2022,86190,Health Care,Biotechnology: In Vitro & In Vivo Diagnostic Substances
VRCA,Verrica Pharmaceuticals Inc. Common Stock,$5.24,-0.22,-4.029%,90016839.00,United States,2018,43497,Health Care,Biotechnology: Pharmaceutical Preparations
VRDN,Viridian Therapeutics Inc. Common Stock,$23.03,-0.13,-0.561%,2609120955.00,United States,2014,998399,Health Care,Biotechnology: Pharmaceutical Preparations
VREX,Varex Imaging Corporation Common Stock,$18.47,-0.02,-0.108%,777587000.00,United States,,763144,Technology,Industrial Machinery/Components
VRM,Vroom Inc. Common Stock,$9.30,0.00,0.00%,48679483.00,United States,,8784,Consumer Discretionary,Retail-Auto Dealers and Gas Stations
VRME,VerifyMe Inc. Common Stock,$0.6395,0.0029,0.456%,8419143.00,United States,,44579,Technology,EDP Services
VRNS,Varonis Systems Inc. Common Stock,$42.35,-1.42,-3.244%,4864341540.00,United States,2014,1769714,Technology,Computer Software: Prepackaged Software
VRRM,Verra Mobility Corporation Class A Common Stock,$4.17,-0.26,-5.869%,633768293.00,United States,2017,4162978,Consumer Discretionary,Transportation Services
VRSK,Verisk Analytics Inc. Common Stock,$194.35,0.57,0.294%,25295820932.00,United States,2009,984249,Technology,EDP Services
VRSN,VeriSign Inc. Common Stock,$288.37,0.09,0.031%,26039811000.00,United States,1998,736594,Technology,EDP Services
VRTX,Vertex Pharmaceuticals Incorporated Common Stock,$547.65,3.13,0.575%,138807875029.00,United States,1991,734942,Health Care,Biotechnology: Pharmaceutical Preparations
VRXA,Veraxa Biotech AG Ordinary Shares,$1.40,0.05,3.704%,197970938.00,Switzerland,,384765,Health Care,Biotechnology: Pharmaceutical Preparations
VRXAW,Veraxa Biotech AG Warrants,$0.0998,0.00,0.00%,14112500.00,Switzerland,,15,Health Care,Biotechnology: Pharmaceutical Preparations
VS,Versus Systems Inc. Common Stock,$1.25,-0.02,-1.575%,7765808.00,Canada,,20343,Technology,EDP Services
VSA,VisionSys AI Inc. American Depositary Shares,$3.30,-0.01,-0.302%,9216689.00,China,2014,3831,Real Estate,Other Consumer Services
VSAT,ViaSat Inc. Common Stock,$66.28,-0.99,-1.472%,9130455087.00,United States,1996,1335351,Consumer Discretionary,Telecommunications Equipment
VSEC,VSE Corporation Common Stock,$198.25,-10.43,-4.998%,5563880699.00,United States,,303174,Consumer Discretionary,Military/Government/Technical
VSECU,VSE Corporation Tangible Equity Units,$52.69,-1.08,-2.009%,1478743375.00,United States,,99378,,
VSME,VS Media Holdings Limited Class A Ordinary Shares,$1.02,-0.03,-2.857%,2805800.00,Singapore,2023,6378,Consumer Discretionary,Advertising
VSNT,Versant Media Group Inc. Class A Common Stock ,$40.31,-0.81,-1.97%,5594717734.00,United States,,1279538,Industrials,Broadcasting
VSTM,Verastem Inc. Common Stock,$7.61,0.39,5.402%,689187786.00,United States,2012,2077967,Health Care,Biotechnology: Pharmaceutical Preparations
VTGN,Vistagen Therapeutics Inc. Common Stock,$0.2433,-0.0117,-4.588%,10796902.00,United States,,596008,Health Care,Biotechnology: Pharmaceutical Preparations
VTIX,Virtuix Holdings Inc. Class A Common Stock,$1.29,-0.04,-3.008%,43823040.00,United States,,76195,Technology,Computer peripheral equipment
VTRS,Viatris Inc. Common Stock,$16.63,0.12,0.727%,19101066068.00,United States,,6527776,Health Care,Biotechnology: Pharmaceutical Preparations
VTSI,VirTra Inc. Common Stock,$2.99,-0.10,-3.236%,33845676.00,United States,,36647,Consumer Discretionary,Miscellaneous manufacturing industries
VTVT,vTv Therapeutics Inc. Class A Common Stock,$31.95,-0.05,-0.156%,126328000.00,United States,2015,52706,Health Care,Biotechnology: Pharmaceutical Preparations
VUZI,Vuzix Corporation Common Stock,$2.42,-0.19,-7.28%,204282437.00,United States,,815852,Technology,Radio And Television Broadcasting And Communications Equipment
VVOS,Vivos Therapeutics Inc. Common Stock,$0.1686,-0.0274,-13.98%,3391899.00,United States,2020,18095219,Health Care,Medical/Dental Instruments
VWAV,VisionWave Holdings Inc. Common Stock,$0.61,-0.2151,-26.07%,18424549.00,United States,,2971993,Technology,Computer Software: Prepackaged Software
VWAVW,VisionWave Holdings Inc. Warrant,$0.066,-0.023,-25.843%,1993476.00,United States,,44220,Technology,Computer Software: Prepackaged Software
VYGR,Voyager Therapeutics Inc. Common Stock,$3.43,-0.02,-0.58%,211349562.00,United States,2015,461294,Health Care,Biotechnology: Biological Products (No Diagnostic Substances)
WABC,Westamerica Bancorporation Common Stock,$58.17,0.12,0.207%,1344375770.00,United States,,184460,Finance,Major Banks
WAFD,WaFd Inc. Common Stock,$35.38,-0.38,-1.063%,2617951520.00,United States,,431060,Finance,Major Banks
WAFDP,WaFd Inc. Depositary Shares,$16.55,-0.16,-0.958%,1224621189.00,United States,,9793,Finance,Major Banks
WAFU,Wah Fu Education Group Limited Ordinary Shares,$1.33,-0.02,-1.481%,5866043.00,China,2019,15849,Real Estate,Other Consumer Services
WALD,Waldencast plc Class A Ordinary Share,$1.35,-0.04,-2.878%,173611233.00,United States,2021,237126,Consumer Discretionary,Package Goods/Cosmetics
WASH,Washington Trust Bancorp Inc. Common Stock,$38.56,-0.57,-1.457%,735505818.00,United States,,158167,Finance,Major Banks
WATR,Air Water Ventures Limited Ordinary Shares,$2.14,-0.06,-2.727%,67708432.00,United Arab Emirates,,343083,Consumer Staples,Beverages (Production/Distribution)
WATT,Energous Corporation Common Stock,$10.38,-0.70,-6.318%,57370997.00,United States,2014,210382,Technology,Radio And Television Broadcasting And Communications Equipment
WAVE,Eco Wave Power Global AB (publ) American Depositary Shares,$5.83,-0.27,-4.426%,36377241.00,Israel,2021,25379,Utilities,Electric Utilities: Central
WAY,Waystar Holding Corp. Common Stock,$25.76,-0.42,-1.604%,4939439196.00,United States,2024,2082146,Technology,EDP Services
WB,Weibo Corporation American Depositary Share,$6.80,-0.03,-0.439%,1670573490.00,China,2014,1213210,Technology,Computer Software: Programming Data Processing
WBD,Warner Bros. Discovery Inc. Series A Common Stock ,$28.32,-0.21,-0.736%,71103117852.00,United States,,14728568,Telecommunications,Cable & Other Pay Television Services
WBTN,WEBTOON Entertainment Inc. Common stock,$10.32,-0.22,-2.087%,1400538242.00,United States,2024,402211,Consumer Discretionary,Publishing
WBUY,WEBUY GLOBAL LTD. Class A Ordinary Shares,$0.9957,0.0957,10.633%,5457535.00,Singapore,2023,1097734,Consumer Discretionary,Other Specialty Stores
WCT,Wellchange Holdings Company Limited Class A Ordinary shares,$1.35,0.08,6.299%,4138193.00,Hong Kong,2024,1470030,Technology,Computer Software: Prepackaged Software
WDAY,Workday Inc. Class A Common Stock,$198.38,0.93,0.471%,47809580000.00,United States,,3642714,Technology,EDP Services
WDC,Western Digital Corporation Common Stock,$450.44,-0.11,-0.024%,162402062815.00,United States,,5480183,Technology,Electronic Components
WDFC,WD-40 Company Common Stock,$212.65,-1.50,-0.70%,2853996064.00,United States,1973,89569,Industrials,Major Chemicals
WEN,Wendy's Company (The) Common Stock,$8.27,0.04,0.486%,1576840321.00,United States,,4709183,Consumer Discretionary,Restaurants
WENN,Wen Acquisition Corp Class A Ordinary Shares,$10.38,-0.01,-0.096%,0.00,United States,2025,109454,,
WENNU,Wen Acquisition Corp Unit,$10.46,0.00,0.00%,0.00,United States,2025,7,Finance,Blank Checks
WENNW,Wen Acquisition Corp Warrant,$0.28,-0.01,-3.448%,0.00,United States,2025,2050,Finance,Blank Checks
WERN,Werner Enterprises Inc. Common Stock,$37.84,-1.34,-3.42%,2269535583.00,United States,1986,648299,Industrials,Trucking Freight/Courier Services
WEST,Westrock Coffee Company Common Stock,$7.70,-0.09,-1.155%,751730880.00,United States,,260444,Consumer Staples,Beverages (Production/Distribution)
WETH,Wetouch Technology Inc. Common Stock,$1.20,0.005,0.418%,16057841.00,China,,24661,Technology,Computer peripheral equipment
WETO,Wetour Robotics Limited Ordinary Shares,$5.94,0.46,8.394%,6402138.00,China,2025,14257695,Industrials,Other Transportation
WEYS,Weyco Group Inc. Common Stock,$44.24,-0.53,-1.184%,422535488.00,United States,,22016,Consumer Staples,Apparel
WFCF,Where Food Comes From Inc. Common Stock,$14.12,1.27,9.883%,70312842.00,United States,,23689,Technology,Computer Software: Prepackaged Software
WFF,WF Holding Limited Ordinary Shares,$1.97,-0.05,-2.475%,82582270.00,Malaysia,2025,271791,Consumer Discretionary,Miscellaneous manufacturing industries
WFRD,Weatherford International plc Ordinary Shares,$94.52,-3.25,-3.324%,6775708072.00,United States,,1746094,Consumer Discretionary,Oil and Gas Field Machinery
WGS,GeneDx Holdings Corp. Class A Common Stock,$84.81,0.00,0.00%,2529249702.00,United States,2020,341997,Health Care,Medical/Nursing Services
WHF,WhiteHorse Finance Inc. Common Stock,$7.02,-0.05,-0.707%,150764826.00,United States,,69700,Finance,Finance Companies
WHFCL,WhiteHorse Finance Inc. 7.875% Notes due 2028,$25.03,0.0722,0.289%,581774493.00,United States,,13538,,
WHLR,Wheeler Real Estate Investment Trust Inc. Common Stock,$0.5793,-0.1007,-14.809%,447249.00,United States,2012,3211016,Real Estate,Real Estate Investment Trusts
WHLRD,Wheeler Real Estate Investment Trust Inc. Series D Cumulative Preferred Stock,$36.00,0.00,0.00%,27793836.00,United States,,168,Real Estate,Real Estate Investment Trusts
WHLRL,Wheeler Real Estate Investment Trust Inc. 7.00% Senior Subordinated Convertible Notes Due 2031,$80.00,0.00,0.00%,61764080.00,United States,,4,Real Estate,Real Estate Investment Trusts
WHLRP,Wheeler Real Estate Investment Trust Inc. Class B Preferred Stock,$9.00,-0.40,-4.255%,6948459.00,United States,,47126,Real Estate,Real Estate Investment Trusts
WHWK,Whitehawk Therapeutics Inc. Common Stock,$4.63,0.09,1.982%,263951716.00,United States,,194097,Health Care,Biotechnology: Pharmaceutical Preparations
WIMI,WiMi Hologram Cloud Inc. Class B Ordinary Shares,$1.33,-0.02,-1.481%,24452122.00,China,2020,62280,Technology,Computer Software: Prepackaged Software
WINA,Winmark Corporation Common Stock,$326.05,-6.67,-2.005%,1171226702.00,United States,,75801,Consumer Discretionary,Other Specialty Stores
WING,Wingstop Inc. Common Stock,$109.60,0.12,0.11%,2985783042.00,United States,2015,1377663,Consumer Discretionary,Restaurants
WIX,Wix.com Ltd. Ordinary Shares,$88.375,0.125,0.142%,3698450535.00,Israel,2013,2204929,Technology,Computer Software: Programming Data Processing
WKEY,WISeKey International Holding Ltd American Depositary Shares,$6.15,-0.32,-4.946%,69976754.00,Switzerland,,39380,Technology,EDP Services
WKHS,Workhorse Group Inc. Common Stock,$3.56,0.13,3.79%,38905763.00,United States,,445263,Industrials,Auto Manufacturing
WKSP,Worksport Ltd. Common Stock,$0.579,-0.0308,-5.051%,8857735.00,Canada,,706603,Consumer Discretionary,Auto Parts:O.E.M.
WLCO,Wilco 63 Corporation Class A Ordinary Shares,$9.84,0.00,0.00%,0.00,Cayman Islands,2026,110,Finance,Blank Checks
WLCOU,Wilco 63 Corporation Units,$9.98,0.00,0.00%,0.00,Cayman Islands,2026,60,Finance,Blank Checks
WLCOW,Wilco 63 Corporation Warrant,$0.32,0.00,0.00%,0.00,Cayman Islands,2026,20927,Finance,Blank Checks
WLDN,Willdan Group Inc. Common Stock,$87.34,-0.61,-0.694%,1330370828.00,United States,2006,178045,Consumer Discretionary,Military/Government/Technical
WLDS,Wearable Devices Ltd. Ordinary Share,$2.23,-0.02,-0.889%,5485222.00,Israel,2022,35774,Telecommunications,Computer Communications Equipment
WLDSW,Wearable Devices Ltd. Warrant,$12.00,0.00,0.00%,29516892.00,Israel,2022,71,Telecommunications,Computer Communications Equipment
WLFC,Willis Lease Finance Corporation Common Stock,$54.02,-0.11,-0.203%,1142204876.00,United States,1996,196893,Consumer Discretionary,Industrial Specialties
WLII,Willow Lane Acquisition Corp. II Class A Ordinary Shares,$10.26,0.00,0.00%,0.00,United States,2026,683,Finance,Blank Checks
WLIIU,Willow Lane Acquisition Corp. II Unit,$10.4401,0.00,0.00%,0.00,United States,2026,2,,
WLIIW,Willow Lane Acquisition Corp. II Warrants,$0.8156,0.00,0.00%,0.00,United States,2026,167,Finance,Blank Checks
WLTH,Wealthfront Corporation Common Stock,$8.86,-0.35,-3.80%,1323340374.00,United States,2025,964343,Finance,Finance: Consumer Services
WMG,Warner Music Group Corp. Class A Common Stock,$27.97,-0.24,-0.851%,14631380239.00,United States,2020,896667,Consumer Discretionary,Services-Misc. Amusement & Recreation
WMT,Walmart Inc. Common Stock,$105.92,1.05,1.001%,840342401847.00,United States,,22055106,Consumer Discretionary,Department/Specialty Retail Stores
WNEB,Western New England Bancorp Inc. Common Stock,$13.54,-0.20,-1.456%,271421107.00,United States,,43613,Finance,Savings Institutions
WNW,Meiwu Technology Company Limited Ordinary Shares,$2.44,-0.07,-2.789%,64246349.00,China,2020,96237,Consumer Discretionary,Package Goods/Cosmetics
WOK,WORK Medical Technology Group LTD Class A Ordinary Shares,$2.22,-0.02,-0.893%,9918023.00,China,2024,54919,Health Care,Medical/Dental Instruments
WOOF,Petco Health and Wellness Company Inc. Class A Common Stock,$2.58,-0.08,-3.008%,834258568.00,United States,2021,1570905,Consumer Discretionary,Other Specialty Stores
WPRT,Westport Fuel Systems Inc Common Shares,$1.85,0.00,0.00%,35142108.00,Canada,2008,60109,Industrials,Industrial Machinery/Components
WRAP,Wrap Technologies Inc. Common Stock,$1.59,-0.04,-2.454%,102676749.00,United States,,507496,Industrials,Ordnance And Accessories
WRD,WeRide Inc. American Depositary Shares,$5.66,-0.10,-1.736%,1897551649.00,China,2024,1322887,Technology,EDP Services
WRLD,World Acceptance Corporation Common Stock,$180.31,-3.50,-1.904%,840817986.00,United States,1991,53008,Finance,Finance: Consumer Services
WSBC,WesBanco Inc. Common Stock,$39.48,-0.53,-1.325%,3786364498.00,United States,,611551,Finance,Major Banks
WSBCO,WesBanco Inc. Depositary Shares each representing 1/40th interest in a share of 7.375% Fixed-Rate Reset Non-Cumulative Perpetual Preferred Stock Series B,$25.86,0.09,0.349%,2480126290.00,United States,,597,Finance,Major Banks
WSBF,Waterstone Financial Inc. Common Stock (MD),$20.84,-0.12,-0.573%,374641264.00,United States,2005,74255,Finance,Savings Institutions
WSBK,Winchester Bancorp Inc. Common Stock,$12.97,0.01,0.077%,120561027.00,United States,2025,1128,Finance,Banks
WSC,WillScot Holdings Corporation Class A Common Stock,$19.70,-1.00,-4.831%,3569461873.00,United States,2015,2386111,Industrials,Misc Corporate Leasing Services
WSE,Wise Group plc Class A Ordinary Shares,$12.94,-0.17,-1.297%,15909772844.00,United Kingdom,,1298322,Industrials,Diversified Commercial Services
WSFS,WSFS Financial Corporation Common Stock,$76.69,-0.76,-0.981%,3918138497.00,United States,,313935,Finance,Major Banks
WSHP,WeShop Holdings Limited Class A Ordinary Shares,$5.00,-0.03,-0.596%,119965010.00,Jersey,,37026,Consumer Discretionary,Other Specialty Stores
WSTN,Westin Acquisition Corp Class A Ordinary Share,$10.16,0.00,0.00%,81838800.00,Singapore,2025,6,Technology,EDP Services
WTBA,West Bancorporation Common Stock,$28.08,-0.17,-0.602%,478588303.00,United States,,39909,Finance,Major Banks
WTF,Waton Financial Limited Ordinary Shares,$2.6601,0.0001,0.004%,128316499.00,Hong Kong,2025,5674,Finance,Investment Bankers/Brokers/Service
WTFC,Wintrust Financial Corporation Common Stock,$148.74,-1.62,-1.077%,10034887932.00,United States,,353556,Finance,Major Banks
WTFCN,Wintrust Financial Corporation Depositary Shares Each Representing a 1/1000th Interest in a Share of 7.875% Fixed-Rate Reset Non-Cumulative Perpetual Preferred StocK,$26.18,-0.01,-0.038%,1766259016.00,United States,,19751,Finance,Major Banks
WTG,Wintergreen Acquisition Corp. Ordinary Shares,$10.58,0.00,0.00%,0.00,China,2025,32566,Finance,Blank Checks
WTW,Willis Towers Watson Public Limited Company Ordinary Shares,$334.47,-4.08,-1.205%,31062876768.00,United Kingdom,,415128,Finance,Specialty Insurers
WULF,TeraWulf Inc. Common Stock,$14.65,-0.48,-3.173%,7309891118.00,United States,,26256153,Finance,Finance: Consumer Services
WVE,Wave Life Sciences Inc. Common Stock,$4.97,0.07,1.429%,979329430.00,Singapore,2015,3000424,Health Care,Biotechnology: Pharmaceutical Preparations
WVVI,Willamette Valley Vineyards Inc. Common Stock,$2.32,0.10,4.505%,11552507.00,United States,,9140,Consumer Staples,Beverages (Production/Distribution)
WVVIP,Willamette Valley Vineyards Inc. Series A Redeemable Preferred Stock,$2.97,-0.34,-10.272%,14789201.00,United States,,147615,Consumer Staples,Beverages (Production/Distribution)
WW,WW International Inc.  Common Stock,$16.27,-0.42,-2.516%,162679825.00,United States,,156014,Consumer Discretionary,Other Consumer Services
WWD,Woodward Inc. Common Stock,$336.58,-3.24,-0.953%,19873642096.00,United States,,673156,Energy,Industrial Machinery/Components
WXM,WF International Limited Ordinary Shares,$4.365,0.155,3.682%,13209599.00,China,2025,16775,Consumer Discretionary,Engineering & Construction
WYFI,WhiteFiber Inc. Ordinary Shares,$17.50,-1.42,-7.505%,679842065.00,United States,2025,2076360,Finance,Finance: Consumer Services
WYHG,Wing Yip Food Holdings Group Limited American Depositary Shares,$4.275,-0.355,-7.667%,53791179.00,China,2024,355075,Consumer Staples,Specialty Foods
WYNN,Wynn Resorts Limited Common stock,$90.60,-0.68,-0.745%,9329434525.00,United States,2002,1824732,Consumer Discretionary,Hotels/Resorts
XAIR,Beyond Air Inc. Common Stock,$3.66,-0.31,-7.809%,3504929.00,United States,,265538,Health Care,Medical/Dental Instruments
XBIO,Xenetic Biosciences Inc. Common Stock,$4.23,0.04,0.955%,9911656.00,United States,,25861,Health Care,Biotechnology: Pharmaceutical Preparations
XBIT,XBiotech Inc. Common Stock,$2.22,-0.08,-3.478%,67682763.00,United States,2015,221170,Health Care,Biotechnology: Pharmaceutical Preparations
XBP,XBP Global Holdings Inc. Common Stock,$2.85,-0.11,-3.716%,33861816.00,United States,2021,29668,Technology,EDP Services
XCBE,X3 Acquisition Corp. Ltd. Class A Ordinary Shares,$10.00,0.01,0.10%,0.00,United States,2026,810,,
XCBEU,X3 Acquisition Corp. Ltd. Unit,$10.2499,0.1599,1.585%,0.00,United States,2026,1800,Finance,Blank Checks
XCBEW,X3 Acquisition Corp. Ltd. Warrant,$0.2201,0.00,0.00%,0.00,United States,2026,3288,Finance,Blank Checks
XCH,XCHG Limited American Depositary Share,$3.83,0.28,7.887%,16953242.00,Germany,2024,10093,Miscellaneous,Industrial Machinery/Components
XCUR,Exicure Inc. Common Stock,$1.30,-0.01,-0.763%,8509794.00,United States,,16632,Health Care,Biotechnology: Pharmaceutical Preparations
XE,X-Energy Inc. Class A Common Stock,$18.41,-0.04,-0.217%,7481200048.00,United States,2026,9765364,Industrials,Metal Fabrications
XEL,Xcel Energy Inc. Common Stock,$75.89,0.20,0.264%,47403497482.00,United States,,7560583,Utilities,Power Generation
XELB,Xcel Brands Inc. Common Stock,$0.90,-0.03,-3.226%,5904247.00,United States,,93884,Miscellaneous,Multi-Sector Companies
XELLL,Xcel Energy Inc. 6.25% Junior Subordinated Notes Series due 2085,$22.50,0.05,0.223%,0.00,United States,,40891,Utilities,Power Generation
XENE,Xenon Pharmaceuticals Inc. Common Shares,$60.00,-0.22,-0.365%,5810425920.00,Canada,2014,418820,Health Care,Biotechnology: Pharmaceutical Preparations
XERS,Xeris Biopharma Holdings Inc. Common Stock,$8.43,-0.01,-0.118%,1536960180.00,United States,2018,1144102,Health Care,Biotechnology: Pharmaceutical Preparations
XFOR,X4 Pharmaceuticals Inc. Common Stock,$4.07,0.03,0.743%,403527244.00,United States,2017,203821,Health Care,Biotechnology: Biological Products (No Diagnostic Substances)
XGN,Exagen Inc. Common Stock,$7.12,-0.22,-2.997%,172484414.00,United States,2019,183933,Health Care,Medical Specialities
XHG,XChange TEC.INC American Depositary Shares ,$3.51,0.02,0.573%,180933220.00,China,2019,8776,Finance,Specialty Insurers
XHLD,TEN Holdings Inc. Common Stock,$9.42,0.33,3.63%,112827513.00,United States,2025,1590320,Consumer Discretionary,Business Services
XIIIU,Churchill Capital Corp XIII Units,$10.58,0.08,0.762%,0.00,United States,2026,1805,,
XLAB,Exascale Labs Holdings Inc. Class A Common Stock,$4.01,-0.17,-4.067%,365712000.00,United States,,142372,Technology,Computer Software: Prepackaged Software
XLABW,Exascale Labs Holdings Inc. Warrant,$0.3726,-0.0874,-19.00%,33981120.00,United States,,29934,Technology,Computer Software: Prepackaged Software
XLO,Xilio Therapeutics Inc. Common Stock,$8.88,-0.07,-0.782%,58431723.00,United States,2021,31146,Health Care,Biotechnology: Pharmaceutical Preparations
XMAX,XMAX Inc. Common Stock,$8.79,-0.18,-2.007%,567160915.00,United States,,702024,Consumer Discretionary,Home Furnishings
XMTR,Xometry Inc. Class A Common Stock,$91.15,-1.54,-1.661%,5225043679.00,United States,2021,438741,Consumer Discretionary,Business Services
XNCR,Xencor Inc. Common Stock,$27.91,0.645,2.366%,2075203310.00,United States,2013,1475817,Health Care,Biotechnology: Pharmaceutical Preparations
XNDU,Xanadu Quantum Technologies Limited Class B Subordinate Voting Shares,$9.93,-0.83,-7.714%,3020944558.00,Canada,,1953585,Technology,Computer Manufacturing
XNET,Xunlei Limited American Depositary Shares,$4.825,-0.105,-2.13%,1535647544.00,China,2014,256719,Technology,Computer Software: Prepackaged Software
XOS,Xos Inc. Common Stock,$3.10,-0.05,-1.587%,44075341.00,United States,2020,413769,Consumer Discretionary,Auto Parts:O.E.M.
XP,XP Inc. Class A Common Stock,$18.72,0.49,2.688%,9702799498.00,Brazil,2019,5841235,Finance,Investment Bankers/Brokers/Service
XPEL,XPEL Inc. Common Stock,$48.17,-1.09,-2.213%,1328082931.00,United States,,197613,Industrials,Industrial Specialties
XPON,Expion Energy Inc. Common Stock,$6.17,-0.84,-11.983%,5937607.00,United States,2022,205702,Miscellaneous,Industrial Machinery/Components
XRAY,DENTSPLY SIRONA Inc. Common Stock,$10.76,-0.41,-3.671%,2145047706.00,United States,1987,3582148,Health Care,Medical/Dental Instruments
XRPN,Armada Acquisition Corp. II Class A Ordinary Shares,$10.51,-0.01,-0.095%,0.00,United States,2025,387473,Finance,Blank Checks
XRPNU,Armada Acquisition Corp. II Units,$11.47,0.17,1.504%,0.00,United States,2025,1355,Finance,Blank Checks
XRPNW,Armada Acquisition Corp. II Warrant,$1.03,-0.02,-1.905%,0.00,United States,2025,15804,Finance,Blank Checks
XRTX,XORTX Therapeutics Inc. Common Shares,$2.16,-0.16,-6.897%,3923780.00,Canada,,14431,Health Care,Biotechnology: Pharmaceutical Preparations
XRX,Xerox Holdings Corporation Common Stock,$3.16,-0.07,-2.167%,414953855.00,United States,,2844246,Technology,Computer peripheral equipment
XRXDW,Xerox Holdings Corporation Warrants,$0.33,-0.005,-1.493%,43333789.00,United States,,264333,Technology,Computer peripheral equipment
XSLL,Xsolla SPAC 1 Class A Ordinary Shares,$9.98,0.02,0.201%,0.00,United States,2026,24605,Finance,Blank Checks
XSLLW,Xsolla SPAC 1 Warrants,$0.23,-0.025,-9.804%,0.00,United States,2026,200163,Finance,Blank Checks
XTER,Karman Line Acquisition Corp. Class A Ordinary Shares,$9.82,-0.01,-0.102%,0.00,United States,2026,12838,,
XTERU,Karman Line Acquisition Corp. Units,$9.959,0.00,0.00%,0.00,United States,2026,6,,
XTERW,Karman Line Acquisition Corp. Warrants,$0.2506,0.0006,0.24%,0.00,United States,2026,196461,,
XTIA,XTI Aerospace Inc. Common Stock,$1.15,-0.20,-14.815%,44249457.00,United States,2014,1577007,Technology,EDP Services
XTLB,XTL Biopharmaceuticals Ltd. American Depositary Shares,$2.32,-0.17,-6.827%,5701314.00,Israel,,4021,Health Care,Biotechnology: Pharmaceutical Preparations
XWEL,XWELL Inc. Common Stock,$0.95,0.0373,4.087%,8159803.00,United States,,20096,Consumer Discretionary,Other Consumer Services
XXII,22nd Century Group Inc. Common Stock,$2.61,-0.59,-18.438%,1863524.00,United States,,441472,Health Care, Medicinal Chemicals and Botanical Products 
YAAS,Youxin Technology Ltd Class A Ordinary shares,$1.88,-0.08,-4.082%,29543518.00,China,2024,58089,Technology,Computer Software: Prepackaged Software
YARW,Yarrow Bioscience Inc. Common Stock,$30.98,-1.98,-6.007%,82708731.00,United States,2018,45264,Health Care,Biotechnology: Pharmaceutical Preparations
YB,Yuanbao Inc. American Depositary Shares,$13.63,-0.21,-1.517%,628073140.00,China,2025,19575,Finance,Specialty Insurers
YDDL,One and One Green Technologies. Inc Class A Ordinary Shares,$1.83,-0.45,-19.737%,102540999.00,Philippines,2025,855802,Consumer Discretionary,Industrial Specialties
YDES,YD Bio Limited Ordinary Shares,$3.775,0.065,1.752%,267388331.00,United States,,428666,Health Care,Medical Specialities
YDESW,YD Bio Limited Warrants,$0.425,-0.005,-1.163%,30103322.00,United States,,8974,Health Care,Medical Specialities
YDKG,Yueda Digital Holding Class A Ordinary Share,$0.9102,-0.0805,-8.126%,5044567.00,China,2007,10456,Consumer Discretionary,Advertising
YHC,LQR House Inc. Common Stock,$1.48,-0.17,-10.303%,1929708.00,United States,2023,95794,Consumer Staples,Beverages (Production/Distribution)
YHGJ,Yunhong Green CTI Ltd. Common Stock,$2.79,-0.02,-0.712%,7279791.00,United States,,4823,Industrials,Specialty Chemicals
YHNA,YHN Acquisition I Limited Ordinary Shares,$11.03,0.00,0.00%,0.00,Hong Kong,2024,2945,,
YI,111 Inc. American Depositary Shares,$3.32,0.02,0.606%,29205920.00,China,2018,817,Consumer Staples,Retail-Drug Stores and Proprietary Stores
YIBO,Planet Image International Limited Class A Ordinary Shares,$1.24,-0.045,-3.502%,73450434.00,China,2024,2432,Technology,Computer peripheral equipment
YICC,Yorkville International Capital Corp. Class A Ordinary Shares,$9.94,0.01,0.101%,0.00,United States,2026,129025,Finance,Blank Checks
YICCU,Yorkville International Capital Corp. Units,$10.50,0.00,0.00%,0.00,United States,2026,5,Finance,Blank Checks
YICCW,Yorkville International Capital Corp. Warrants,$0.385,0.005,1.316%,0.00,United States,2026,7712,Finance,Blank Checks
YJ,Yunji Inc. American Depository Shares,$2.41,-0.26,-9.738%,11870551.00,China,2019,118273,Consumer Discretionary,Other Specialty Stores
YMAT,J-Star Holding Co. Ltd. Class A Ordinary Shares,$1.885,0.034,1.837%,7559044.00,Taiwan,2025,24694,Consumer Discretionary,Recreational Games/Products/Toys
YMT,Yimutian Inc. American Depositary Shares,$2.50,-0.33,-11.661%,1191428.00,China,2025,114119,Technology,EDP Services
YORW,York Water Company (The) Common Stock,$34.13,0.05,0.147%,553881470.00,United States,,79992,Utilities,Water Supply
YOUL,Youlife Group Inc. American Depositary Shares,$0.4793,-0.0397,-7.649%,66963484.00,China,,233305,Real Estate,Other Consumer Services
YQ,17 Education & Technology Group Inc. American Depositary Shares,$2.08,0.12,6.122%,22579831.00,China,2020,2726,Real Estate,Other Consumer Services
YSWY,Yesway Inc. Class A Common Stock,$24.31,-0.60,-2.409%,1536264275.00,United States,2026,464179,Consumer Staples,Food Chains
YSXT,YSX Tech. Co. Ltd Class A Ordinary Shares,$1.22,0.03,2.521%,38896650.00,China,2024,55123,Consumer Discretionary,Automotive Aftermarket
YTRA,Yatra Online Inc. Ordinary Shares,$0.97,-0.03,-3.00%,62052147.00,India,,4919,Consumer Discretionary,Transportation Services
YXT,YXT.COM GROUP HOLDING LIMITED American Depository Shares,$2.62,0.00,0.00%,17318897.00,China,2024,24820,Technology,Computer Software: Prepackaged Software
YYAI,AiRWA Inc. Common Stock,$0.812,-0.0265,-3.16%,3720079.00,United States,,424884,Technology,Computer Software: Programming Data Processing
YYGH,YY Group Holding Limited Class A Ordinary Shares,$1.47,0.15,11.364%,18870949.00,Singapore,2024,3327344,Consumer Discretionary,Professional Services
Z,Zillow Group Inc. Class C Capital Stock,$33.45,-1.51,-4.319%,7522067211.00,United States,,3693105,Consumer Discretionary,Business Services
ZBAO,Zhibao Technology Inc. Class A Ordinary Shares,$0.1519,-0.0178,-10.489%,5902765.00,China,2024,781740,Finance,Specialty Insurers
ZBIO,Zenas BioPharma Inc. Common Stock,$31.98,-0.34,-1.052%,2084351602.00,United States,2024,432282,Health Care,Biotechnology: Pharmaceutical Preparations
ZBRA,Zebra Technologies Corporation Class A Common Stock,$343.70,-9.85,-2.786%,16260673842.00,United States,1991,664346,Industrials,Industrial Machinery/Components
ZCMD,Zhongchao Inc. Class A Ordinary Shares,$0.859,-0.0178,-2.03%,7622316.00,China,2020,340847,Real Estate,Other Consumer Services
ZD,Ziff Davis Inc. Common Stock,$55.24,0.09,0.163%,1894025370.00,United States,,589041,Telecommunications,Telecommunications Equipment
ZDAI,DirectBooking Technology Co. Ltd. Class A Ordinary Shares,$1.63,0.01,0.617%,13673211.00,Hong Kong,2024,18803,Consumer Discretionary,General Bldg Contractors - Nonresidential Bldgs
ZENA,ZenaTech Inc. Common Stock,$1.675,-0.075,-4.286%,143906000.00,Canada,,2150504,Technology,Computer Software: Prepackaged Software
ZEO,Zeo Energy Corporation Class A Common Stock,$0.2106,-0.0271,-11.401%,13095843.00,United States,2021,23332778,Miscellaneous,Industrial Machinery/Components
ZEOWW,Zeo Energy Corporation Warrants,$0.0165,0.00,0.00%,1026028.00,United States,2021,170,Miscellaneous,Industrial Machinery/Components
ZG,Zillow Group Inc. Class A Common Stock,$34.36,-1.43,-3.996%,7726703419.00,United States,2011,666945,Consumer Discretionary,Business Services
ZION,Zions Bancorporation N.A. Common Stock,$66.36,-0.33,-0.495%,9685464638.00,United States,,1223750,Finance,Major Banks
ZIONP,Zions Bancorporation N.A. Depositary Shares (Each representing 1/40th Interest in a Share of Series A Floating-Rate Non-Cumulative Perpetual Preferred Stock),$17.71,-0.1211,-0.679%,2584833917.00,United States,,8573,Finance,Major Banks
ZJK,ZJK Industrial Co. Ltd. Class A Ordinary Shares,$2.24,0.02,0.901%,144081838.00,China,2024,15541,Industrials,Metal Fabrications
ZJYL,JIN MEDICAL INTERNATIONAL LTD. Class A Ordinary Shares,$2.20,-0.12,-5.172%,172551467.00,China,2023,13441,Health Care,Industrial Specialties
ZKIN,ZK International Group Co. Ltd Ordinary Share,$1.24,-0.05,-3.876%,71067262.00,China,2017,56250,Industrials,Metal Fabrications
ZKP,Lafayette Digital Acquisition Corp. I Class A Ordinary Shares,$10.02,0.00,0.00%,0.00,United States,2026,26,Finance,Blank Checks
ZKPU,Lafayette Digital Acquisition Corp. I Unit,$10.03,0.00,0.00%,0.00,United States,2026,6,Finance,Blank Checks
ZKPW,Lafayette Digital Acquisition Corp. I Warrant,$0.24,0.00,0.00%,0.00,United States,2026,3891,Finance,Blank Checks
ZLAB,Zai Lab Limited American Depositary Shares,$25.30,-0.16,-0.628%,2840335568.00,China,2017,979696,Health Care,Biotechnology: Pharmaceutical Preparations
ZM,Zoom Communications Inc. Class A Common Stock,$94.90,-1.78,-1.841%,27690274174.00,United States,2019,2634886,Technology,Computer Software: Programming Data Processing
ZNB,Zeta Network Group Class A Ordinary Shares,$1.56,-0.13,-7.692%,5733081.00,United States,,53446,Real Estate,Other Consumer Services
ZNTL,Zentalis Pharmaceuticals Inc. Common Stock,$3.71,-0.05,-1.33%,351220387.00,United States,2020,863822,Health Care,Biotechnology: Pharmaceutical Preparations
ZOOZ,ZOOZ Strategy Ltd. Ordinary Shares,$6.36,-0.33,-4.933%,50941107.00,Israel,,42160,Technology,Industrial Machinery/Components
ZOOZW,ZOOZ Strategy Ltd. Warrant,$0.0219,0.00,0.00%,175410.00,Israel,,1,Technology,Industrial Machinery/Components
ZS,Zscaler Inc. Common Stock,$178.37,-10.015,-5.316%,28844127974.00,United States,2018,2272651,Technology,EDP Services
ZSQR,Z Squared Inc. Common Stock,$2.91,-0.04,-1.356%,154231155.00,United States,2020,477065,Finance,Finance: Consumer Services
ZSTK,ZeroStack Corp. Common Stock,$5.09,-0.19,-3.598%,111066482.00,Canada,2021,118694,Health Care,Other Pharmaceuticals
ZTEK,Zentek Ltd. Common Stock,$0.492,-0.026,-5.019%,62296810.00,Canada,,930084,Industrials,Major Chemicals
ZTG,Zenta Group Company Limited Class A Ordinary Shares,$0.755,-0.1436,-15.98%,8915673.00,Macau,2025,311751,Consumer Discretionary,Professional Services
ZUMZ,Zumiez Inc. Common Stock,$17.82,-0.08,-0.447%,300662871.00,United States,2005,199630,Consumer Discretionary,Clothing/Shoe/Accessory Stores
ZURA,Zura Bio Limited Class A Ordinary Shares,$5.65,0.11,1.986%,541434624.00,Cayman Islands,,1096187,Health Care,Biotechnology: Biological Products (No Diagnostic Substances)
ZVRA,Zevra Therapeutics Inc. Common Stock,$12.06,0.32,2.726%,716168399.00,United States,,1039329,Health Care,Biotechnology: Pharmaceutical Preparations
ZYBT,Zhengye Biotechnology Holding Limited Class A Ordinary Shares,$1.65,-0.08,-4.624%,78195770.00,China,2025,33425,Health Care,Biotechnology: Pharmaceutical Preparations
ZYME,Zymeworks Inc. Common Stock,$29.67,0.26,0.884%,2105360680.00,United States,,483096,Health Care,Biotechnology: Pharmaceutical Preparations
