Symbol,Name,Last Sale,Net Change,% Change,Market Cap,Country,IPO Year,Volume,Sector,Industry
A,Agilent Technologies Inc. Common Stock,$149.93,-3.63,-2.364%,42345021364.00,United States,1999,2715516,Industrials,Biotechnology: Laboratory Analytical Instruments
AA,Alcoa Corporation Common Stock ,$50.90,0.95,1.902%,13432990751.00,United States,2016,4678335,Industrials,Aluminum
AAC,Ares Acquisition Corporation III Class A Ordinary Shares,$10.06,0.00,0.00%,710278856.00,,2026,2262,Industrials,Metal Fabrications
AADX,Applied Aerospace & Defense Inc. Common Stock,$12.55,-0.65,-4.924%,2163538651.00,,2026,1461886,Industrials,Military/Government/Technical
AAMI,Acadian Asset Management Inc. Common Stock,$90.08,-4.12,-4.374%,3196950730.00,United Kingdom,2014,476400,Finance,Investment Managers
AAP,Advance Auto Parts Inc.,$42.76,0.58,1.375%,2582704000.00,United States,,2071078,Consumer Discretionary,Auto & Home Supply Stores
AAT,American Assets Trust Inc. Common Stock,$22.41,-0.05,-0.223%,1376068413.00,United States,2011,398987,Real Estate,Real Estate Investment Trusts
AAUC,Allied Gold Corporation Common Shares,$22.81,-0.75,-3.183%,3178525439.00,,2025,341840,,
AB,AllianceBernstein Holding L.P.  Units,$36.67,-0.05,-0.136%,3413068281.00,United States,,328875,Finance,Investment Managers
ABBV,AbbVie Inc. Common Stock,$259.99,3.57,1.392%,459432822927.00,United States,2012,3864358,Health Care,Biotechnology: Pharmaceutical Preparations
ABCB,Ameris Bancorp Common Stock,$83.55,-0.70,-0.831%,5606809818.00,United States,1994,389563,Finance,Major Banks
ABEV,Ambev S.A. American Depositary Shares (Each representing 1 Common Share),$2.89,0.02,0.697%,45551136005.00,Brazil,2013,27955654,Consumer Staples,Beverages (Production/Distribution)
ABG,Asbury Automotive Group Inc Common Stock,$209.36,-2.04,-0.965%,3758413343.00,United States,2002,157460,Consumer Discretionary,Retail-Auto Dealers and Gas Stations
ABM,ABM Industries Incorporated Common Stock,$46.41,-0.22,-0.472%,2718740636.00,United States,,357096,Consumer Discretionary,Diversified Commercial Services
ABR,Arbor Realty Trust Common Stock,$4.95,-0.06,-1.198%,923462313.00,United States,2004,3436985,Real Estate,Real Estate Investment Trusts
ABR^D,Arbor Realty Trust 6.375% Series D Cumulative Redeemable Preferred Stock Liquidation Preference $25.00 per Share,$15.59,-0.03,-0.192%,,United States,,23894,,
ABR^E,Arbor Realty Trust 6.25% Series E Cumulative Redeemable Preferred Stock,$15.36,0.00,0.00%,,United States,,24029,,
ABR^F,Arbor Realty Trust 6.25% Series F Fixed-to-Floating Rate Cumulative Redeemable Preferred Stock Liquidation Preference $25.00 per share,$22.61,-0.01,-0.044%,,United States,,5161,,
ABT,Abbott Laboratories Common Stock,$108.93,-1.43,-1.296%,188490652433.00,United States,,7229084,Health Care,Biotechnology: Pharmaceutical Preparations
ABX,Abacus Global Management Inc. Class A Common Stock,$9.21,-0.39,-4.063%,900666613.00,United States,,368914,Finance,Investment Managers
ABXL,Abacus Global Management Inc. 9.875% Fixed Rate Senior Notes due 2028,$25.49,-0.02,-0.078%,1902862835.00,United States,,10912,Finance,Investment Managers
ACA,Arcosa Inc. Common Stock ,$145.48,0.18,0.124%,7144058573.00,United States,2018,523120,Industrials,Metal Fabrications
ACCO,Acco Brands Corporation Common Stock,$4.25,-0.03,-0.701%,392307164.00,United States,,746309,Consumer Discretionary,Publishing
ACEL,Accel Entertainment Inc. ,$11.58,-0.06,-0.515%,940220441.00,United States,2017,259405,Consumer Discretionary,Services-Misc. Amusement & Recreation
ACH,Accendra Health Inc. Common Stock,$1.15,-0.06,-4.959%,88440410.00,United States,,1069879,Health Care,Medical Specialities
ACHR,Archer Aviation Inc. Class A Common Stock,$5.56,-0.22,-3.806%,4327265006.00,United States,2020,20197326,Industrials,Aerospace
ACI,Albertsons Companies Inc. Class A Common Stock,$12.46,0.11,0.891%,6047158010.00,United States,2020,6229038,Consumer Staples,Food Chains
ACM,AECOM Common Stock,$66.23,-1.20,-1.78%,8523564228.00,United States,2007,2415562,Consumer Discretionary,Military/Government/Technical
ACN,Accenture plc Class A Ordinary Shares (Ireland),$188.09,-1.67,-0.88%,125551995399.00,Ireland,2001,3409521,Consumer Discretionary,Business Services
ACP,abrdn Income Credit Strategies Fund Common Shares,$5.04,-0.03,-0.592%,0.00,United States,2011,397905,Finance,Investment Managers
ACP^A,abrdn Income Credit Strategies Fund 5.250% Series A Perpetual Preferred Stock,$18.93,0.01,0.053%,,United States,,2746,,
ACR,ACRES Commercial Realty Corp. Common Stock,$13.93,0.00,0.00%,187393172.00,United States,,30686,Real Estate,Real Estate Investment Trusts
ACR^C,ACRES Commercial Realty Corp. 8.625% Fixed-to-Floating Series C Cumulative Redeemable Preferred Stock ,$23.928,-0.222,-0.919%,,United States,,13382,,
ACR^D,ACRES Commercial Realty Corp. 7.875% Series D Cumulative Redeemable Preferred Stock,$20.144,-0.256,-1.255%,,United States,,4565,,
ACRE,Ares Commercial Real Estate Corporation Common Stock,$4.47,-0.10,-2.188%,248000575.00,United States,2012,280296,Real Estate,Real Estate Investment Trusts
ACV,Virtus Diversified Income & Convertible Fund Common Shares of Beneficial Interest,$25.94,-0.26,-0.992%,268815027.00,United States,2015,34925,Finance,Finance/Investors Services
ACVA,ACV Auctions Inc. Class A Common Stock,$6.76,-0.27,-3.841%,1147901945.00,United States,2025,4005301,Consumer Discretionary,Business Services
AD,Array Digital Infrastructure Inc. Common Shares,$36.92,0.26,0.709%,3193580000.00,United States,1988,248303,Telecommunications,Telecommunications Equipment
ADC,Agree Realty Corporation Common Stock,$72.50,0.25,0.346%,9017499975.00,United States,,1437013,Real Estate,Real Estate Investment Trusts
ADC^A,Agree Realty Corporation Depositary Shares each representing 1/1000th of a 4.250% Series A Cumulative Redeemable Preferred Stock,$16.78,-0.02,-0.119%,,United States,,16028,,
ADCT,ADC Therapeutics SA Common Shares,$1.24,0.07,5.983%,158307942.00,Switzerland,2020,1148537,Health Care,Biotechnology: Pharmaceutical Preparations
ADIG,ADI Global Distribution Inc. Common Stock,$20.34,-1.53,-6.996%,1544277847.00,United States,2026,1144825,Industrials,Wholesale Distributors
ADM,Archer-Daniels-Midland Company Common Stock,$84.55,3.26,4.01%,40749682743.00,United States,,4010030,Consumer Staples,Packaged Foods
ADNT,Adient plc Ordinary Shares ,$18.25,-0.72,-3.795%,1407019009.00,United States,2016,847729,Consumer Discretionary,Auto Parts:O.E.M.
ADT,ADT Inc. Common Stock,$7.37,-0.02,-0.271%,5384221658.00,United States,2018,5825906,Consumer Discretionary,Diversified Commercial Services
ADX,Adams Diversified Equity Fund Inc.,$25.86,-0.03,-0.116%,0.00,United States,,272100,Finance,Investment Managers
AEE,Ameren Corporation Common Stock,$106.09,0.08,0.075%,29370300499.00,United States,,1237456,Utilities,Power Generation
AEFC,Aegon Funding Company LLC 5.10% Subordinated Notes due 2049,$17.70,-0.07,-0.394%,0.00,United States,2019,145894,,
AEG,Aegon Ltd. New York Registry Shares,$9.18,0.04,0.438%,17524165682.00,Netherlands,,4871531,Finance,Life Insurance
AEM,Agnico Eagle Mines Limited Common Stock,$193.46,-9.65,-4.751%,98192750673.00,Canada,,4666031,Basic Materials,Precious Metals
AEO,American Eagle Outfitters Inc. Common Stock,$16.58,-0.05,-0.301%,2778365861.00,United States,,4928270,Consumer Discretionary,Clothing/Shoe/Accessory Stores
AER,AerCap Holdings N.V. Ordinary Shares,$144.16,-1.78,-1.22%,22262638170.00,Netherlands,2006,1349819,Consumer Discretionary,Diversified Commercial Services
AERO,Grupo Aeromexico S.A.B. de C.V. American Depositary Shares (each representing ten (10) Common Shares),$14.56,0.05,0.345%,2124353635.00,,2025,490138,Consumer Discretionary,Air Freight/Delivery Services
AES,The AES Corporation Common Stock,$14.77,0.03,0.204%,10537488565.00,United States,,5605595,Industrials,Electric Utilities: Central
AESI,Atlas Energy Solutions Inc. Common Stock,$12.68,-0.42,-3.206%,1585043759.00,United States,2023,2626155,Industrials,Mining & Quarrying of Nonmetallic Minerals (No Fuels)
AEXA,American Exceptionalism Acquisition Corp. A Class A Ordinary Shares,$11.55,-0.12,-1.028%,0.00,,2025,31883,,
AFB,AllianceBernstein National Municipal Income Fund Inc,$10.81,-0.09,-0.826%,0.00,United States,2002,40199,Finance,Trusts Except Educational Religious and Charitable
AFG,American Financial Group Inc. Common Stock,$142.42,-0.13,-0.091%,11809675188.00,United States,,267850,Finance,Property-Casualty Insurers
AFGB,American Financial Group Inc. 5.875% Subordinated Debentures due 2059,$20.27,-0.18,-0.88%,1680818116.00,United States,2019,11257,Finance,Property-Casualty Insurers
AFGC,American Financial Group Inc. 5.125% Subordinated Debentures due 2059,$17.57,-0.46,-2.551%,1456930158.00,United States,2019,34745,Finance,Property-Casualty Insurers
AFGD,American Financial Group Inc. 5.625% Subordinated Debentures due 2060,$20.42,-0.32,-1.543%,1693256336.00,United States,2020,16181,Finance,Property-Casualty Insurers
AFGE,American Financial Group Inc. 4.500% Subordinated Debentures due 2060,$15.67,-0.43,-2.671%,1299379372.00,United States,2020,12479,Finance,Property-Casualty Insurers
AFL,AFLAC Incorporated Common Stock,$116.02,0.17,0.147%,58165849434.00,United States,,3158990,Finance,Accident &Health Insurance
AG,First Majestic Silver Corp. Ordinary Shares (Canada),$19.86,-0.73,-3.545%,9789120766.00,Canada,,12411258,Basic Materials,Precious Metals
AGBK,AGI Inc Class A Common Shares,$6.63,0.42,6.763%,1061695527.00,Cayman Islands,2026,302438,Finance,Commercial Banks
AGCO,AGCO Corporation Common Stock,$122.32,4.01,3.389%,8566281091.00,United States,,1316474,Industrials,Industrial Machinery/Components
AGD,abrdn Global Dynamic Dividend Fund Common Shares of Beneficial Interest,$12.28,-0.22,-1.76%,0.00,United States,2006,83216,Finance,Trusts Except Educational Religious and Charitable
AGI,Alamos Gold Inc. Class A Common Shares,$34.92,-1.69,-4.616%,14665192152.00,Canada,2015,3459475,Basic Materials,Precious Metals
AGL,agilon health inc. Common Stock,$87.47,-0.42,-0.478%,1468727139.00,United States,2021,99436,Health Care,Misc Health and Biotechnology Services
AGM,Federal Agricultural Mortgage Corporation Common Stock,$219.85,-0.05,-0.023%,2386078219.00,United States,,86217,Finance,Finance Companies
AGM^D,Federal Agricultural Mortgage Corporation 5.700% Non-Cumulative Preferred Stock Series D,$21.02,-0.10,-0.473%,,United States,,2272,,
AGM^E,Federal Agricultural Mortgage Corporation 5.750% Non-Cumulative Preferred Stock Series E,$20.63,-0.13,-0.626%,,United States,,6356,,
AGM^F,Federal Agricultural Mortgage Corporation 5.250% Non-Cumulative Preferred Stock Series F,$18.63,-0.11,-0.587%,,United States,,9393,,
AGM^G,Federal Agricultural Mortgage Corporation 4.875% Non-Cumulative Preferred Stock Series G,$17.30,-0.15,-0.86%,,United States,,4009,,
AGM^H,Federal Agricultural Mortgage Corporation 6.500% Non-Cumulative Preferred Stock Series H,$23.2001,-0.2099,-0.897%,,United States,,2639,,
AGM^I,Federal Agricultural Mortgage Corporation 6.875% Non-Cumulative Preferred Stock Series I,$24.38,-0.23,-0.935%,,United States,,2375,,
AGO,Assured Guaranty Ltd. Common Stock,$74.46,-0.24,-0.321%,3274691828.00,Bermuda,2004,279898,Finance,Property-Casualty Insurers
AGRO,Adecoagro S.A. Common Shares,$12.02,0.64,5.624%,1734587761.00,Luxembourg,2011,1385952,Consumer Staples,Farming/Seeds/Milling
AGX,Argan Inc. Common Stock,$404.75,-20.24,-4.762%,5674290223.00,United States,,503022,Consumer Discretionary,Engineering & Construction
AHL^D,Aspen Insurance Holdings Limited 5.625% Perpetual Non-Cumulative Preference Shares,$18.56,-0.06,-0.322%,,Bermuda,,10000,,
AHL^E,Aspen Insurance Holdings Limited Depositary Shares each representing a 1/1000th interest in a share of 5.625% Perpetual Non-Cumulative Preference Shares,$18.50,-0.09,-0.484%,,Bermuda,,26575,,
AHL^F,Aspen Insurance Holdings Limited Depositary Shares each representing a 1/1000th Interest in a 7.00% Perpetual Non-Cumulative Preference Share,$23.43,-0.01,-0.043%,,Bermuda,,10735,,
AHR,American Healthcare REIT Inc. Common Stock,$56.54,1.33,2.409%,13184291208.00,United States,2024,3166459,Real Estate,Real Estate Investment Trusts
AHRT,AH Realty Trust Inc. Common Stock,$6.41,-0.07,-1.08%,478141079.00,United States,2013,718551,Finance,Real Estate
AHRT^A,AH Realty Trust Inc. 6.75% Series A Cumulative Redeemable Perpetual Preferred Stock,$22.085,0.00,0.00%,,United States,,827,,
AHT,Ashford Hospitality Trust Inc Common Stock,$3.13,-0.07,-2.188%,20250518.00,United States,2003,23091,Real Estate,Real Estate Investment Trusts
AHT^D,Ashford Hospitality Trust Inc 8.45% Series D Cumulative Preferred Stock,$6.1301,-0.6599,-9.719%,,United States,,11018,,
AHT^F,Ashford Hospitality Trust Inc 7.375% Series F Cumulative Preferred Stock,$6.80,0.04,0.592%,,United States,,412,,
AHT^G,Ashford Hospitality Trust Inc 7.375% Series G Cumulative Preferred Stock,$6.2148,-0.0905,-1.435%,,United States,,787,,
AHT^H,Ashford Hospitality Trust Inc 7.50% Series H Cumulative Preferred Stock,$6.325,0.125,2.016%,,United States,,1908,,
AHT^I,Ashford Hospitality Trust Inc 7.50% Series I Cumulative Preferred Stock,$6.30,0.17,2.773%,,United States,,2467,,
AI,C3.ai Inc. Class A Common Stock,$10.34,-0.48,-4.436%,1655301493.00,United States,2020,4778110,Technology,Computer Software: Prepackaged Software
AIG,American International Group Inc. New Common Stock,$75.88,-0.48,-0.629%,39677133664.00,United States,,3335787,Finance,Property-Casualty Insurers
AII,American Integrity Insurance Group Inc. Common Stock,$25.65,-0.35,-1.346%,502571403.00,United States,2025,201998,Finance,Property-Casualty Insurers
AIIA,AI Infrastructure Acquisition Corp. Class A Ordinary Shares,$10.22,0.00,0.00%,0.00,,2025,450,Finance,Blank Checks
AIN,Albany International Corporation Common Stock,$54.33,-1.10,-1.984%,1542972000.00,United States,,276036,Consumer Discretionary,Textiles
AIO,Virtus Artificial Intelligence & Technology Opportunities Fund Common Shares of Beneficial Interest,$25.80,-0.46,-1.752%,885997078.00,,2019,42669,Finance,Finance/Investors Services
AIR,AAR Corp. Common Stock,$124.48,-4.81,-3.72%,5011420403.00,United States,,332544,Industrials,Aerospace
AIT,Applied Industrial Technologies Inc. Common Stock,$319.11,-4.87,-1.503%,11710971938.00,United States,,341759,Consumer Discretionary,Industrial Specialties
AIV,Apartment Investment and Management Company Common Stock,$2.55,0.04,1.594%,370354090.00,United States,1994,1299515,Real Estate,Real Estate Investment Trusts
AIZ,Assurant Inc. Common Stock,$280.78,-1.08,-0.383%,13849127298.00,United States,2004,246064,Finance,Property-Casualty Insurers
AIZN,Assurant Inc. 5.25% Subordinated Notes due 2061,$18.26,-0.15,-0.815%,921385193.00,United States,2020,10044,Finance,Property-Casualty Insurers
AJG,Arthur J. Gallagher & Co. Common Stock,$262.00,-0.15,-0.057%,67150600000.00,United States,,2024854,Finance,Specialty Insurers
AKA,a.k.a. Brands Holding Corp. Common Stock,$10.50,0.04,0.382%,115406120.00,,2021,2614,Consumer Discretionary,Catalog/Specialty Distribution
AKO/A,Embotelladora Andina S.A.,$23.40,-0.223,-0.944%,,Chile,,399,,
AKO/B,Embotelladora Andina S.A.,$29.30,0.11,0.377%,,Chile,,29379,,
AKR,Acadia Realty Trust Common Stock,$20.45,-0.02,-0.098%,2808454165.00,United States,,2470327,Real Estate,Real Estate Investment Trusts
ALB,Albemarle Corporation Common Stock,$135.54,0.57,0.422%,15994405426.00,United States,,1553454,Industrials,Major Chemicals
ALB^A,Albemarle Corporation Depositary Shares each representing a 1/20th of 7.25% Series A Mandatory Convertible Preferred Stock,$55.05,0.24,0.438%,,United States,,27705,,
ALC,Alcon Inc. Ordinary Shares,$71.75,-0.31,-0.43%,35853475000.00,Switzerland,2019,1405045,Health Care,Ophthalmic Goods
ALG,Alamo Group Inc. Common Stock,$164.10,-0.48,-0.292%,1997255357.00,United States,,156303,Industrials,Industrial Machinery/Components
ALH,Alliance Laundry Holdings Inc. Common Stock,$22.26,-0.65,-2.837%,4425045277.00,United States,2025,1223227,Industrials,Industrial Machinery/Components
ALIT,Alight Inc. Class A Common Stock,$13.82,-0.49,-3.424%,372298265.00,United States,2021,379591,Consumer Discretionary,Business Services
ALK,Alaska Air Group Inc. Common Stock,$40.69,-0.64,-1.549%,4541130953.00,United States,,2358020,Consumer Discretionary,Air Freight/Delivery Services
ALL,Allstate Corporation (The) Common Stock,$257.87,0.07,0.027%,65204479567.00,United States,,1067484,Finance,Property-Casualty Insurers
ALL^B,Allstate Corporation (The) 5.100% Fixed-to-Floating Rate Subordinated Debentures due 2053,$25.61,0.00,0.00%,,United States,,18522,,
ALL^H,Allstate Corporation (The) Depositary Shares each representing a 1/1000th interest in a share of Fixed Rate Noncumulative Perpetual Preferred Stock Series H,$18.60,-0.03,-0.161%,,United States,,88713,,
ALL^I,Allstate Corporation (The) Depositary Shares each representing a 1/1000th interest in a share of Fixed Rate Noncumulative Perpetual Preferred Stock Series I,$17.45,0.09,0.518%,,United States,,42729,,
ALL^J,Allstate Corporation (The) Depositary Shares each representing a 1/1000th interest in a share of Fixed Rate Noncumulative Perpetual Preferred Stock Series J,$25.83,-0.02,-0.077%,,United States,,52781,,
ALLE,Allegion plc Ordinary Shares,$151.82,-3.43,-2.209%,12910284851.00,United States,2013,1146219,Consumer Discretionary,Diversified Commercial Services
ALLY,Ally Financial Inc. Common Stock,$41.85,-0.36,-0.853%,12730757152.00,United States,2014,3182721,Finance,Major Banks
ALSN,Allison Transmission Holdings Inc. Common Stock,$122.71,-3.00,-2.386%,10133151043.00,United States,2012,617738,Consumer Discretionary,Auto Parts:O.E.M.
ALTG,Alta Equipment Group Inc. Class A Common Stock,$5.72,-0.18,-3.051%,186854508.00,United States,2019,415593,Industrials,Industrial Machinery/Components
ALTG^A,Alta Equipment Group Inc. Depositary Shares (each representing 1/1000th in a share of 10% Series A Cumulative Perpetual Preferred Stock),$26.00,0.02,0.077%,,United States,,1316,,
ALUB,Alussa Energy Acquisition Corp. II Class A Ordinary Shares,$10.12,0.01,0.099%,0.00,,2026,97914,,
ALV,Autoliv Inc. Common Stock,$119.21,-2.00,-1.65%,8730608639.00,Sweden,,492583,Consumer Discretionary,Auto Parts:O.E.M.
ALX,Alexander's Inc. Common Stock,$267.25,-4.41,-1.623%,1364923253.00,United States,,34405,Real Estate,Real Estate Investment Trusts
AM,Antero Midstream Corporation Common Stock,$22.48,0.06,0.268%,10670671520.00,United States,2017,1977791,Utilities,Natural Gas Distribution
AMBP,Ardagh Metal Packaging S.A. Ordinary Shares,$5.06,-0.02,-0.394%,3024359905.00,,,1066987,Industrials,Containers/Packaging
AMBQ,Ambiq Micro Inc. Common Stock,$55.94,-2.37,-4.064%,1352882944.00,United States,2025,614653,Technology,Semiconductors
AMC,AMC Entertainment Holdings Inc. Class A Common Stock,$2.58,-0.06,-2.273%,2302919966.00,United States,2013,16052707,Consumer Discretionary,Movies/Entertainment
AMCR,Amcor plc Ordinary Shares,$45.82,-0.07,-0.153%,21184679516.00,United Kingdom,2019,2605402,Consumer Discretionary,Miscellaneous manufacturing industries
AME,AMETEK Inc.,$231.32,-3.85,-1.637%,53032710962.00,United States,,1542635,Industrials,Industrial Machinery/Components
AMG,Affiliated Managers Group Inc. Common Stock,$360.75,-7.44,-2.021%,9328970830.00,United States,,216527,Finance,Investment Managers
AMH,American Homes 4 Rent Common Shares of Beneficial Interest,$33.42,0.12,0.36%,12003793728.00,United States,2013,1977970,Real Estate,Real Estate Investment Trusts
AMH^G,American Homes 4 Rent Series G cumulative redeemable perpetual preferred shares of beneficial interest,$21.987,-0.283,-1.271%,,United States,,11265,,
AMH^H,American Homes 4 Rent Series H cumulative redeemable perpetual Preferred Shares of Beneficial Interest,$23.07,-0.26,-1.114%,,United States,,19560,,
AMN,AMN Healthcare Services Inc,$33.54,-0.74,-2.159%,1299003898.00,United States,,574360,Consumer Discretionary,Professional Services
AMP,Ameriprise Financial Inc. Common Stock,$542.64,-10.47,-1.893%,48781753662.00,United States,,467992,Finance,Investment Managers
AMPX,Amprius Technologies Inc. Common Stock,$9.48,-0.40,-4.049%,1384844259.00,United States,2022,4007271,Miscellaneous,Industrial Machinery/Components
AMPY,Amplify Energy Corp. Common Stock,$4.99,0.07,1.423%,206867686.00,United States,2016,654026,Energy,Oil & Gas Production
AMR,Alpha Metallurgical Resources Inc. Common Stock,$233.41,-2.29,-0.972%,2959415893.00,United States,2018,345921,Energy,Coal Mining
AMRC,Ameresco Inc. Class A Common Stock,$22.60,0.48,2.17%,1199296369.00,United States,2010,802630,Consumer Discretionary,Engineering & Construction
AMRZ,Amrize Ltd Ordinary Shares,$42.81,-0.89,-2.037%,23413886820.00,Switzerland,2025,3825993,Industrials,Building Materials
AMT,American Tower Corporation (REIT) Common Stock,$176.02,0.32,0.182%,82018287649.00,United States,,2389161,Real Estate,Real Estate Investment Trusts
AMTB,Amerant Bancorp Inc. Class A Common Stock,$28.43,-0.28,-0.975%,1114167663.00,United States,,392626,Finance,Major Banks
AMTD,AMTD IDEA Group American Depositary Shares each representing six (6) Class A Ordinary Shares,$0.7506,-0.0083,-1.094%,71836589.00,,,7888,Finance,Finance: Consumer Services
AMTM,Amentum Holdings Inc. Common Stock,$19.99,0.00,0.00%,4887683196.00,United States,2024,1837222,Consumer Discretionary,Business Services
AMWL,American Well Corporation Class A Common Stock,$12.07,0.10,0.835%,205295709.00,United States,2020,155886,Consumer Discretionary,Business Services
AMX,America Movil S.A.B. de C.V. American Depositary Shares (each representing the right to receive twenty (20) Series B Shares,$22.98,-0.06,-0.26%,69164055000.00,Mexico,2023,1526974,Telecommunications,Telecommunications Equipment
AN,AutoNation Inc. Common Stock,$204.08,2.83,1.406%,6747049288.00,United States,,422143,Consumer Discretionary,Retail-Auto Dealers and Gas Stations
ANDG,Andersen Group Inc. Class A Common Stock,$55.72,-0.02,-0.036%,6295716601.00,,2025,397049,Consumer Discretionary,Business Services
ANET,Arista Networks Inc. Common Stock,$189.26,-6.43,-3.286%,238699376880.00,United States,,4369502,Telecommunications,Computer Communications Equipment
ANF,Abercrombie & Fitch Company Common Stock,$140.68,-2.40,-1.677%,6250652963.00,United States,,1732491,Consumer Discretionary,Clothing/Shoe/Accessory Stores
ANG^D,American National Group Inc. Depositary Shares each representing a 1/1000th interest in a share of 7.375% Fixed-Rate Non-Cumulative Preferred Stock Series D,$23.15,-0.03,-0.129%,,United States,,14594,,
ANGX,Angel Studios Inc. Class A Common Stock,$4.34,0.13,3.088%,810522424.00,United States,2025,933958,Consumer Discretionary,Movies/Entertainment
ANRO,Alto Neuroscience Inc. Common Stock,$35.20,-0.18,-0.509%,1381322061.00,United States,2024,350151,Health Care,Biotechnology: Pharmaceutical Preparations
ANVS,Annovis Bio Inc. Common Stock,$1.69,-0.03,-1.744%,72004397.00,United States,2020,457209,Health Care,Biotechnology: Pharmaceutical Preparations
AOD,abrdn Total Dynamic Dividend Fund Common Shares of Beneficial Interest,$10.65,-0.18,-1.662%,0.00,United States,2007,674976,Finance,Investment Managers
AOMD,Angel Oak Mortgage REIT Inc. 9.750% Senior Notes due 2030,$25.16,0.00,0.00%,0.00,United States,2025,11961,Finance,Real Estate
AOMN,Angel Oak Mortgage REIT Inc. 9.500% Senior Notes due 2029,$25.18,-0.05,-0.198%,0.00,United States,2024,1403,Finance,Real Estate
AOMR,Angel Oak Mortgage REIT Inc. Common Stock,$8.20,-0.10,-1.205%,190361991.00,United States,2021,94240,Finance,Real Estate
AON,Aon plc Class A Ordinary Shares (Ireland),$326.30,4.78,1.487%,69216529114.00,United States,,2423251,Finance,Specialty Insurers
AORT,Artivion Inc. Common Stock,$27.09,0.10,0.371%,1320806027.00,United States,,675153,Health Care,Medical/Dental Instruments
AOS,A.O. Smith Corporation Common Stock,$58.49,-0.64,-1.082%,7949292435.00,United States,,1020232,Consumer Discretionary,Consumer Electronics/Appliances
AP,Ampco-Pittsburgh Corporation Common Stock,$8.38,-0.20,-2.331%,173119244.00,United States,,85594,Industrials,Fluid Controls
APAM,Artisan Partners Asset Management Inc. Class A Common Stock,$41.70,-0.87,-2.044%,3380730297.00,United States,2013,874754,Finance,Investment Managers
APD,Air Products and Chemicals Inc. Common Stock,$305.32,-4.14,-1.338%,67990346020.00,United States,,965982,Basic Materials,Major Chemicals
APG,APi Group Corporation Common Stock,$39.12,-0.13,-0.331%,16906110819.00,United States,2020,2546129,Consumer Discretionary,Diversified Commercial Services
APH,Amphenol Corporation Common Stock,$163.18,4.63,2.92%,201198240513.00,United States,,7712999,Technology,Electrical Products
APLE,Apple Hospitality REIT Inc. Common Shares,$15.57,-0.38,-2.382%,3675807608.00,United States,2015,2908046,Real Estate,Real Estate Investment Trusts
APO,Apollo Global Management Inc. (New) Common Stock,$131.69,-4.89,-3.58%,77768628609.00,United States,,2577458,Finance,Investment Managers
APOS,Apollo Global Management Inc. 7.625% Fixed-Rate Resettable Junior Subordinated Notes due 2053,$25.17,-0.48,-1.871%,14335177601.00,United States,1987,49292,Finance,Investment Managers
APTV,Aptiv PLC Ordinary Shares,$44.85,0.09,0.201%,9312354895.00,United Kingdom,,4036468,Consumer Discretionary,Auto Parts:O.E.M.
AQN,Algonquin Power & Utilities Corp. Common Shares,$5.66,0.00,0.00%,4356771891.00,United States,2016,4145690,Utilities,Electric Utilities: Central
AQNB,Algonquin Power & Utilities Corp. 6.20% Fixed-to-Floating Subordinated Notes Series 2019-A due July 1 2079,$26.21,-0.13,-0.494%,20129935276.00,United States,2019,13323,Utilities,Electric Utilities: Central
AR,Antero Resources Corporation Common Stock,$39.81,1.33,3.456%,12239146590.00,United States,2013,5020488,Energy,Oil & Gas Production
ARCO,Arcos Dorados Holdings Inc. Class A Shares,$8.06,0.14,1.768%,1697944239.00,Argentina,2011,992403,Consumer Discretionary,Restaurants
ARDC,Ares Dynamic Credit Allocation Fund Inc. Common Shares,$12.40,0.00,0.00%,284145244.00,United States,2012,124437,Finance,Investment Managers
ARDT,Ardent Health Inc. Common Stock,$10.94,0.12,1.109%,1543042223.00,United States,2024,289132,Health Care,Hospital/Nursing Management
ARE,Alexandria Real Estate Equities Inc. Common Stock,$51.63,0.34,0.663%,8996402039.00,United States,,1671479,Real Estate,Real Estate Investment Trusts
ARES,Ares Management Corporation Class A Common Stock,$139.09,-4.08,-2.85%,45938259782.00,United States,2014,1529737,Finance,Investment Managers
ARES^B,Ares Management Corporation 6.75% Series B Mandatory Convertible Preferred Stock,$43.81,-1.89,-4.136%,,United States,,75150,,
ARI,Apollo Commercial Real Estate Finance Inc,$6.81,-0.10,-1.447%,873124353.00,United States,2009,2042992,Real Estate,Real Estate Investment Trusts
ARIS,Aris Mining Corporation Common Shares,$18.87,-1.12,-5.603%,3894768000.00,,2023,1338751,,
ARL,American Realty Investors Inc. Common Stock,$15.05,0.05,0.333%,243088247.00,United States,,724,Finance,Real Estate
ARLO,Arlo Technologies Inc. Common Stock,$12.57,-0.58,-4.411%,1352699231.00,United States,2018,1558022,Consumer Discretionary,Diversified Commercial Services
ARMK,Aramark Common Stock,$56.62,0.31,0.551%,14926449991.00,United States,2013,2781390,Consumer Discretionary,Restaurants
AROC,Archrock Inc. Common Stock,$31.69,0.17,0.539%,5556467083.00,United States,,1584554,Utilities,Natural Gas Distribution
ARR,ARMOUR Residential REIT Inc.,$16.12,-0.10,-0.617%,2693610056.00,United States,,3327358,Real Estate,Real Estate Investment Trusts
ARR^C,ARMOUR Residential REIT Inc. 7% Series C Cumulative Redeemable Preferred Stock (liquidation preference $25.00 per share),$20.685,0.005,0.024%,,United States,,14361,,
ARW,Arrow Electronics Inc. Common Stock,$205.98,1.55,0.758%,10485499030.00,United States,,462092,Technology,Electronic Components
ARX,Accelerant Holdings Class A Common Shares,$19.78,0.05,0.253%,4295989559.00,Cayman Islands,2025,1488997,Finance,Specialty Insurers
AS,Amer Sports Inc. Ordinary Shares,$29.46,-1.09,-3.568%,16428881221.00,,2024,7234316,Consumer Discretionary,Apparel
ASA,ASA  Gold and Precious Metals Limited,$61.20,-2.60,-4.075%,1114876912.00,United States,,69836,Industrials,Precious Metals
ASAN,Asana Inc. Class A Common Stock,$9.83,-0.43,-4.191%,2265911599.00,United States,2020,5031709,Technology,Computer Software: Prepackaged Software
ASB,Associated Banc-Corp Common Stock,$29.90,-0.71,-2.32%,5646604804.00,United States,,2205662,Finance,Major Banks
ASB^E,Associated Banc-Corp Depositary Shares each representing a 1/40th interest in a share of 5.875% Non-Cumulative Perpetual Preferred Stock Series E,$19.545,-0.395,-1.981%,,United States,,9032,,
ASB^F,Associated Banc-Corp Depositary Shares each representing a 1/40th interest in a share of Associated Banc-Corp 5.625% Non-Cumulative Perpetual Preferred Stock Series F,$18.76,-0.33,-1.729%,,United States,,18550,,
ASBA,Associated Banc-Corp 6.625% Fixed-Rate Reset Subordinated Notes due 2033,$24.74,0.08,0.324%,3733286163.00,United States,2023,30786,Finance,Major Banks
ASC,Ardmore Shipping Corporation Common Stock,$17.68,0.29,1.668%,721390216.00,,2013,729618,Consumer Discretionary,Marine Transportation
ASG,Liberty All-Star Growth Fund Inc.,$5.12,-0.08,-1.538%,0.00,United States,,333778,Finance,Investment Managers
ASGI,abrdn Global Infrastructure Income Fund Common Shares of Beneficial Interest,$22.26,-0.21,-0.935%,0.00,United States,2020,335033,Finance,Investment Managers
ASH,Ashland Inc. Common Stock,$75.64,2.31,3.15%,3463810507.00,United States,,722770,Consumer Discretionary,Specialty Chemicals
ASIC,Ategrity Specialty Insurance Company Holdings Common Stock,$26.26,-0.01,-0.038%,1258561129.00,,2025,41439,Finance,Property-Casualty Insurers
ASIX,AdvanSix Inc. Common Stock ,$16.76,-0.05,-0.297%,452539877.00,United States,2016,194054,Industrials,Major Chemicals
ASPN,Aspen Aerogels Inc. Common Stock,$4.84,-0.09,-1.826%,401665715.00,United States,2014,870816,Consumer Discretionary,RETAIL: Building Materials
ASR,Grupo Aeroportuario del Sureste S.A. de C.V. Common Stock,$250.02,-6.49,-2.53%,7500600000.00,Mexico,,57599,Consumer Discretionary,Aerospace
ASX,ASE Technology Holding Co. Ltd. American Depositary Shares (each representing Two Common Shares) ,$37.43,0.48,1.299%,83352821747.00,Taiwan,2018,7412138,Technology,Semiconductors
ATEN,A10 Networks Inc. Common Stock,$24.95,-0.44,-1.733%,1811595074.00,United States,2014,1146845,Telecommunications,Computer Communications Equipment
ATH^A,Athene Holding Ltd. Depositary Shares Each Representing a 1/1000th Interest in a 6.35% Fixed-to-Floating Rate Perpetual Non-Cumulative Preference Share Series A,$23.86,0.04,0.168%,,Bermuda,,43740,,
ATH^B,Athene Holding Ltd. Depositary Shares Each Representing a 1/1000th Interest in a 5.625% Fixed Rate Perpetual Non- Cumulative Preference Share Series B par value $1.00 per share,$18.34,-0.22,-1.185%,,Bermuda,,38493,,
ATH^D,Athene Holding Ltd. Depositary Shares Each Representing a 1/1000th Interest in a 4.875% Fixed-Rate Perpetual Non-Cumulative Preference Share Series D,$15.98,-0.27,-1.662%,,Bermuda,,194025,,
ATH^E,Athene Holding Ltd. Depositary Shares Each Representing a 1/1000th Interest in a 7.750% Fixed-Rate Reset Perpetual Non-Cumulative Preference Share Series E,$25.24,-0.03,-0.119%,,Bermuda,,25495,,
ATHM,Autohome Inc. American Depositary Shares each representing four class A ordinary shares.,$22.10,0.16,0.729%,2545277133.00,China,2013,435404,Technology,EDP Services
ATHS,Athene Holding Ltd. 7.250% Fixed-Rate Reset Junior Subordinated Debentures due 2064,$24.68,-0.16,-0.644%,5029907400.00,Bermuda,2024,28271,Finance,Life Insurance
ATI,ATI Inc. Common Stock,$200.95,-3.25,-1.592%,27363438464.00,United States,,1415192,Industrials,Steel/Iron Ore
ATKR,Atkore Inc. Common Stock,$93.63,-0.06,-0.064%,3162123857.00,United States,2016,1211576,Miscellaneous,Industrial Machinery/Components
ATMU,Atmus Filtration Technologies Inc. Common Stock,$46.20,-1.03,-2.181%,3769713347.00,United States,2023,641476,Consumer Discretionary,Auto Parts:O.E.M.
ATO,Atmos Energy Corporation Common Stock,$167.70,1.57,0.945%,28339380338.00,United States,,785307,Utilities,Oil/Gas Transmission
ATR,AptarGroup Inc. Common Stock,$130.92,-0.70,-0.532%,8324041409.00,United States,,418185,Industrials,Plastic Products
ATS,ATS Corporation Common Shares,$18.49,-0.77,-3.998%,1814366270.00,Canada,2023,214906,Industrials,Industrial Machinery/Components
AU,AngloGold Ashanti PLC Ordinary Shares,$108.13,-4.19,-3.73%,54688829651.00,South Africa,,2548864,Basic Materials,Precious Metals
AUB,Atlantic Union Bankshares Corporation Common Stock,$39.51,-0.82,-2.033%,5642616541.00,United States,,841549,Finance,Major Banks
AUB^A,Atlantic Union Bankshares Corporation Depositary Shares each representing a 1/400th ownership interest in a share of 6.875% Perpetual Non-Cumulative Preferred Stock Series A,$24.45,0.13,0.535%,,United States,,11709,,
AUNA,Auna SA Class A Ordinary Shares,$5.15,-0.02,-0.387%,381166770.00,Peru,2024,58719,Health Care,Medical/Nursing Services
AVA,Avista Corporation Common Stock,$37.64,0.48,1.292%,3152456521.00,United States,,676207,Utilities,Power Generation
AVAL,Grupo Aval Acciones y Valores S.A. ADR (Each representing 20 preferred shares),$5.24,0.00,0.00%,6220790649.00,,2014,96870,Finance,Commercial Banks
AVBC,Avidia Bancorp Inc. Common Stock,$21.70,-0.45,-2.032%,433355640.00,United States,2025,155398,Finance,Banks
AVD,American Vanguard Corporation Common Stock ($0.10 Par Value),$2.29,0.09,4.091%,67556447.00,United States,1998,265157,Industrials,Agricultural Chemicals
AVEX,AEVEX Corp. Class A Common Stock,$16.89,-0.71,-4.034%,1926164313.00,,2026,947820,Industrials,Aerospace
AVK,Advent Convertible and Income Fund,$12.46,-0.07,-0.559%,0.00,United States,2003,141985,Finance,Trusts Except Educational Religious and Charitable
AVNT,Avient Corporation Common Stock,$42.62,-1.44,-3.268%,3909087221.00,United States,,677498,Industrials,Major Chemicals
AVTR,Avantor Inc. Common Stock,$14.20,-0.34,-2.338%,9604295528.00,United States,2019,5670907,Industrials,Biotechnology: Laboratory Analytical Instruments
AVY,Avery Dennison Corporation Common Stock,$173.07,-1.04,-0.597%,13116653736.00,United States,,889246,Consumer Discretionary,Containers/Packaging
AWF,Alliancebernstein Global High Income Fund,$10.10,-0.02,-0.198%,0.00,United States,1993,219717,Finance,Trusts Except Educational Religious and Charitable
AWI,Armstrong World Industries Inc Common Stock,$168.94,-3.64,-2.109%,7139881824.00,United States,,389339,Industrials,Plastic Products
AWK,American Water Works Company Inc. Common Stock,$137.40,-0.83,-0.60%,27305363089.00,United States,2008,1661811,Utilities,Water Supply
AWP,abrdn Global Premier Properties Fund Common Shares of Beneficial Interest,$11.45,-0.09,-0.78%,0.00,United States,2007,113233,Finance,Trusts Except Educational Religious and Charitable
AWR,American States Water Company Common Stock,$89.19,-0.10,-0.112%,3535101483.00,United States,,165513,Utilities,Water Supply
AX,Axos Financial Inc. Common Stock,$94.68,-2.11,-2.18%,5371654841.00,United States,2018,262171,Finance,Savings Institutions
AXP,American Express Company Common Stock,$324.19,-5.98,-1.811%,218928694760.00,United States,,2560687,Finance,Finance: Consumer Services
AXR,AMREP Corporation Common Stock,$22.91,-0.22,-0.951%,121992291.00,United States,,1447,Real Estate,Homebuilding
AXS,Axis Capital Holdings Limited Common Stock,$99.80,1.02,1.033%,7282038437.00,Bermuda,2003,479320,Finance,Property-Casualty Insurers
AXS^E,Axis Capital Holdings Limited Depositary Shares each representing 1/100th interest in a share of a 5.50% Series E Preferred Shares,$18.40,0.02,0.109%,,Bermuda,,73928,,
AXTA,Axalta Coating Systems Ltd. Common Shares,$35.08,-1.34,-3.679%,7507821495.00,United States,2014,1335898,Consumer Discretionary,Paints/Coatings
AYI,Acuity Inc. Common Stock,$326.08,-5.71,-1.721%,9761383166.00,United States,,163716,Consumer Discretionary,Building Products
AZN,AstraZeneca PLC Ordinary Shares,$162.47,0.34,0.21%,251946431936.00,United Kingdom,2026,2598454,Health Care,Biotechnology: Pharmaceutical Preparations
AZO,AutoZone Inc. Common Stock,$2965.83,-25.41,-0.849%,48418227620.00,United States,,315248,Consumer Discretionary,Auto & Home Supply Stores
AZUL,Azul S.A. American Depositary Shares each representing two (2) Common Shares,$7.25,-0.35,-4.605%,1336022475.00,,,79339,Consumer Discretionary,Air Freight/Delivery Services
AZZ,AZZ Inc.,$135.75,-1.41,-1.028%,4079491261.00,United States,,218888,Industrials,Industrial Specialties
B,Barrick Mining Corporation Common Shares,$43.10,-1.73,-3.859%,70937618459.00,Canada,,11191329,Basic Materials,Precious Metals
BA,Boeing Company (The) Common Stock,$205.66,-2.12,-1.02%,162547498313.00,United States,,5010290,Industrials,Aerospace
BA^A,Boeing Company (The) Depositary Shares each representing a 1/20th interest in a share of 6.00% Series A Mandatory Convertible Preferred Stock par value $1.00,$63.86,-0.98,-1.511%,,United States,,2201647,,
BABA,Alibaba Group Holding Limited American Depositary Shares each representing eight Ordinary share,$112.85,-1.17,-1.026%,273377547131.00,China,2014,9847297,Consumer Discretionary,Business Services
BAC,Bank of America Corporation Common Stock,$61.99,0.05,0.081%,433480471146.00,United States,,25048183,Finance,Major Banks
BAC^B,Bank of America Corporation Depositary Shares each representing a 1/1000th interest in a share of 6.000% Non-Cumulative Preferred Stock Series GG,$23.85,-0.20,-0.832%,,United States,,235778,,
BAC^E,Bank of America Corporation Depositary Sh repstg 1/1000th Perp Pfd Ser E,$18.65,0.05,0.269%,,United States,,41668,,
BAC^K,Bank of America Corporation Depositary Shares each representing a 1/1000th interest in a share of 5.875% Non- Cumulative Preferred Stock Series HH,$23.44,-0.26,-1.097%,,United States,,122441,,
BAC^L,Bank of America Corporation Non Cumulative Perpetual Conv Pfd Ser L,$1285.10,-0.28,-0.022%,,United States,,8792,,
BAC^M,Bank of America Corporation Depositary Shares each representing a 1/1000th interest in a share of 5.375% Non-Cumulative Preferred Stock Series KK,$20.31,-0.67,-3.194%,,United States,,128455,,
BAC^N,Bank of America Corporation Depositary shares each representing 1/1000th interest in a share of 5.000% Non-Cumulative Preferred Stock Series LL,$19.05,-0.45,-2.308%,,United States,,154508,,
BAC^O,Bank of America Corporation Depositary shares each representing 1/1000th interest in a share of 4.375% Non-Cumulative Preferred Stock Series NN,$16.51,-0.14,-0.841%,,United States,,129783,,
BAC^P,Bank of America Corporation Depositary Shares each representing a 1/1000th interest in a share of 4.125% Non-Cumulative Preferred Stock Series PP,$15.81,-0.27,-1.679%,,United States,,116260,,
BAC^Q,Bank of America Corporation Depositary shares each representing 1/1000th interest in a share of 4.250% Non-Cumulative Preferred Stock Series QQ,$16.12,-0.15,-0.922%,,United States,,127466,,
BAC^S,Bank of America Corporation Depositary shares each representing 1/1000th interest in a share of 4.750% Non-Cumulative Preferred Stock Series SS,$17.98,-0.39,-2.123%,,United States,,79848,,
BAH,Booz Allen Hamilton Holding Corporation Common Stock,$75.38,-0.27,-0.357%,9067081265.00,United States,2010,1314487,Consumer Discretionary,Professional Services
BAK,Braskem SA ADR,$1.65,-0.05,-2.941%,657696463.00,Brazil,,1467790,Industrials,Major Chemicals
BALL,Ball Corporation Common Stock,$62.77,-0.20,-0.318%,16615429719.00,United States,,1596258,Industrials,Containers/Packaging
BALY,Bally's Corporation Common Stock,$9.09,0.13,1.451%,458767955.00,United States,2024,79844,Consumer Discretionary,Hotels/Resorts
BAM,Brookfield Asset Management Inc Class A Limited Voting Shares,$49.66,-1.84,-3.573%,79318790314.00,,2022,2010955,Real Estate,Building operators
BANC,Banc of California Inc. Common Stock,$18.16,-0.46,-2.47%,2868381607.00,United States,,2370079,Finance,Major Banks
BANC^F,Banc of California Inc. Depositary Shares each representing a 1/40th interest in a share of 7.75% non-cumulative perpetual preferred stock Series F,$25.21,0.02,0.079%,,United States,,19819,,
BAP,Credicorp Ltd. Common Stock,$372.52,6.14,1.676%,35159300729.00,Peru,,294048,Finance,Commercial Banks
BARK,BARK Inc. Class A Common Stock,$10.80,0.17,1.599%,97561336.00,United States,2020,37765,Consumer Discretionary,Other Specialty Stores
BAX,Baxter International Inc. Common Stock,$25.48,-0.52,-2.00%,13173058055.00,United States,,5275296,Health Care,Medical/Dental Instruments
BB,BlackBerry Limited Common Stock,$7.83,-0.32,-3.926%,4588860817.00,Canada,,9509798,Technology,Computer Software: Prepackaged Software
BBAI,BigBear.ai Inc. Common Stock,$2.95,-0.18,-5.751%,1414508754.00,United States,2021,17054430,Technology,Computer Software: Prepackaged Software
BBAR,Banco BBVA Argentina S.A. ADS,$15.11,-0.03,-0.198%,3086016431.00,Argentina,,797579,Finance,Commercial Banks
BBD,Banco Bradesco Sa American Depositary Shares,$3.32,0.04,1.22%,37134844844.00,Brazil,,31082844,Finance,Major Banks
BBDC,Barings BDC Inc. Common Stock,$9.30,-0.14,-1.483%,973774021.00,United States,,1331801,Finance,Diversified Financial Services
BBDO,Banco Bradesco Sa American Depositary Shares (each representing one Common Share),$3.06,0.07,2.341%,34226694344.00,Brazil,,98962,Finance,Major Banks
BBN,BlackRock Taxable Municipal Bond Trust Common Shares of Beneficial Interest,$15.65,-0.16,-1.012%,0.00,United States,2010,180491,Finance,Finance Companies
BBT,Beacon Financial Corporation Common stock,$30.39,-0.66,-2.126%,2547170854.00,United States,,969587,Finance,Banks
BBUC,Brookfield Business Corporation Class A Subordinate Voting Shares,$27.02,-0.37,-1.351%,5617458000.00,,,289478,Consumer Discretionary,Engineering & Construction
BBVA,Banco Bilbao Vizcaya Argentaria S.A. Common Stock,$28.64,-0.32,-1.105%,163504863568.00,Spain,,1240125,Finance,Commercial Banks
BBW,Build-A-Bear Workshop Inc. Common Stock,$30.40,0.13,0.429%,381138267.00,United States,2004,978580,Consumer Discretionary,Recreational Games/Products/Toys
BBWI,Bath & Body Works Inc.,$18.61,-0.64,-3.325%,3752619275.00,United States,,6331241,Consumer Discretionary,Other Specialty Stores
BBY,Best Buy Co. Inc. Common Stock,$82.63,2.48,3.094%,17415687621.00,United States,,4615278,Consumer Discretionary,Consumer Electronics/Video Chains
BC,Brunswick Corporation Common Stock,$73.37,-2.53,-3.333%,4754187292.00,United States,,703855,Industrials,Industrial Machinery/Components
BC^C,Brunswick Corporation 6.375% Notes due 2049,$24.37,-0.02,-0.082%,,United States,,16720,,
BCAT,BlackRock Capital Allocation Term Trust Common Shares of Beneficial Interest,$15.80,-0.18,-1.126%,1708533000.00,United States,2020,633726,Finance,Finance/Investors Services
BCC,Boise Cascade L.L.C. Common Stock,$75.84,-2.17,-2.782%,2646160060.00,United States,2013,383965,Consumer Discretionary,RETAIL: Building Materials
BCE,BCE Inc. Common Stock,$23.41,-0.18,-0.763%,21830429376.00,Canada,,4205886,Telecommunications,Telecommunications Equipment
BCH,Banco De Chile ADS,$41.45,0.34,0.827%,20935790079.00,Chile,,271755,Finance,Commercial Banks
BCO,Brinks Company (The) Common Stock,$110.02,1.09,1.001%,4531683533.00,United States,,455189,Industrials,Integrated Freight & Logistics
BCS,Barclays PLC Common Stock,$26.15,-0.49,-1.839%,90911077391.00,United Kingdom,,2456496,Finance,Commercial Banks
BCSF,Bain Capital Specialty Finance Inc. Common Stock,$11.90,-0.12,-0.998%,771935233.00,United States,2018,592929,Finance,Finance/Investors Services
BCSS,Bain Capital GSS Investment Corp. Class A Ordinary Shares,$10.28,0.00,0.00%,0.00,,2025,1301,,
BCX,BlackRock Resources Common Shares of Beneficial Interest,$13.25,-0.10,-0.749%,1124368633.00,United States,2011,187379,Finance,Finance/Investors Services
BDC,Belden Inc Common Stock,$112.06,-2.40,-2.097%,4379102083.00,United States,,425125,Industrials,Telecommunications Equipment
BDJ,Blackrock Enhanced Equity Dividend Trust,$9.86,-0.05,-0.505%,1744335755.00,United States,2005,313576,Finance,Finance Companies
BDN,Brandywine Realty Trust Common Stock,$2.99,-0.03,-0.993%,521984922.00,United States,,1461638,Real Estate,Real Estate Investment Trusts
BDX,Becton Dickinson and Company Common Stock,$187.12,-0.99,-0.526%,50969018016.00,United States,,1279736,Health Care,Medical/Dental Instruments
BE,Bloom Energy Corporation Class A Common Stock,$213.63,7.33,3.553%,62919876926.00,United States,2018,10756000,Energy,Industrial Machinery/Components
BEBE,TGE Value Creative Solutions Corp Class A Ordinary Shares,$9.98,0.00,0.00%,128442600.00,,2026,15,Consumer Discretionary,Diversified Commercial Services
BEKE,KE Holdings Inc American Depositary Shares (each representing three Class A Ordinary Shares),$17.74,0.55,3.20%,20043360074.00,China,2020,3156779,Finance,Real Estate
BEN,Franklin Templeton Inc. Common Stock,$33.10,-1.05,-3.075%,16817345721.00,United States,,3414658,Finance,Investment Managers
BEP,Brookfield Renewable Partners L.P. Limited Partnership Units,$31.27,-0.35,-1.107%,21269817258.00,Canada,,851711,Utilities,Electric Utilities: Central
BEP^A,Brookfield Renewable Partners L.P. 5.25% Class A Preferred Limited Partnership Units Series 17,$16.75,-0.10,-0.593%,,Canada,,5136,,
BEPC,Brookfield Renewable Corporation Brookfield Renewable Corporation Class A Subordinate Voting Shares,$31.64,-0.51,-1.586%,11924680444.00,United States,,1844765,Utilities,Electric Utilities: Central
BEPH,Brookfield BRP Holdings (Canada) Inc. 4.625% Perpetual Subordinated Notes,$15.01,-0.10,-0.662%,4310336743.00,Canada,,39082,Utilities,Electric Utilities: Central
BEPI,Brookfield BRP Holdings (Canada) Inc. 4.875% Perpetual Subordinated Notes,$15.90,-0.36,-2.214%,4565913006.00,Canada,2021,20739,Utilities,Electric Utilities: Central
BEPJ,Brookfield BRP Holdings (Canada) Inc. 7.250% Perpetual Subordinated Notes,$23.32,-0.09,-0.384%,6696672409.00,Canada,2024,8647,Utilities,Electric Utilities: Central
BETA,Beta Technologies Inc. Class A Common Stock,$19.64,-0.46,-2.289%,4594602418.00,United States,2025,1648299,Industrials,Aerospace
BF/A,Brown Forman Corporation,$27.01,-0.23,-0.844%,,United States,,114232,,
BF/B,Brown Forman Corporation,$26.36,-0.21,-0.79%,,United States,,3182375,,
BFAM,Bright Horizons Family Solutions Inc. Common Stock,$73.07,-1.11,-1.496%,3553781809.00,United States,2013,570455,Consumer Discretionary,Other Consumer Services
BFH,Bread Financial Holdings Inc. Common Stock,$102.05,-2.42,-2.316%,3920686299.00,United States,,457249,Consumer Discretionary,Business Services
BFH^A,Bread Financial Holdings Inc. Depositary Shares each representing a 1/40th interest in a share of 8.625% Non-Cumulative Perpetual Preferred Stock Series A,$24.90,-0.06,-0.24%,,United States,,2709,,
BFH^B,Bread Financial Holdings Inc. Depositary Shares each representing a 1/40th interest in a share of 8.875% Fixed Rate Reset Non-Cumulative Perpetual Preferred Stock Series B,$24.83,-0.12,-0.481%,,United States,,44900,,
BFLY,Butterfly Network Inc. Class A Common Stock,$8.18,0.29,3.676%,2178212797.00,United States,2020,5585657,Health Care,Medical Electronics
BFS,Saul Centers Inc. Common Stock,$32.75,0.14,0.429%,809485058.00,United States,1993,121239,Real Estate,Real Estate Investment Trusts
BFS^D,Saul Centers Inc. Depositary Shares each representing 1/100th of a share of 6.125% Series D Cumulative Redeemable Preferred Stock,$20.80,0.022,0.106%,,United States,,286,,
BFS^E,Saul Centers Inc. Depositary shares each representing a 1/100th fractional interest in a share of 6.000% Series E Cumulative Redeemable Preferred Stock,$21.07,-0.39,-1.817%,,United States,,874,,
BG,Bunge Limited Common Shares,$121.04,4.83,4.156%,23254098648.00,United States,,1599220,Consumer Staples,Packaged Foods
BGB,Blackstone Strategic Credit 2027 Term Fund Common Shares of Beneficial Interest,$11.20,-0.03,-0.267%,0.00,United States,2012,120232,Finance,Trusts Except Educational Religious and Charitable
BGH,Barings Global Short Duration High Yield Fund Common Shares of Beneficial Interests,$14.15,-0.09,-0.632%,0.00,United States,2012,72061,Finance,Investment Managers
BGR,BlackRock Energy and Resources Trust,$17.43,0.20,1.161%,2363267361.00,United States,2004,100762,Finance,Trusts Except Educational Religious and Charitable
BGS,B&G Foods Inc. Common Stock,$3.49,0.02,0.576%,283652092.00,United States,,2170520,Consumer Staples,Packaged Foods
BGSF,BGSF Inc. Common Stock,$5.16,-0.19,-3.551%,55077742.00,United States,,25246,Consumer Discretionary,Professional Services
BGSI,Boyd Group Services Inc. Common Shares,$82.60,-4.12,-4.751%,2299289531.00,Canada,,87221,,
BGT,BlackRock Floating Rate Income Trust,$11.06,-0.10,-0.896%,0.00,United States,2004,102524,Finance,Trusts Except Educational Religious and Charitable
BGX,Blackstone Long Short Credit Income Fund Common Shares,$10.73,-0.02,-0.186%,0.00,,2011,104609,Finance,Trusts Except Educational Religious and Charitable
BGY,Blackrock Enhanced International Dividend Trust,$5.88,-0.05,-0.843%,0.00,United States,2007,236941,Finance,Trusts Except Educational Religious and Charitable
BH,Biglari Holdings Inc. Class B Common Stock,$390.01,1.53,0.394%,907377766.00,United States,2018,292552,Consumer Discretionary,Restaurants
BHC,Bausch Health Companies Inc. Common Stock,$6.47,0.10,1.57%,2419718930.00,Canada,,2560833,Health Care,Biotechnology: Pharmaceutical Preparations
BHE,Benchmark Electronics Inc. Common Stock,$70.48,0.20,0.285%,2531636878.00,United States,,488553,Technology,Electrical Products
BHK,Blackrock Core Bond Trust,$8.90,-0.14,-1.549%,0.00,United States,2001,290280,Finance,Finance Companies
BHP,BHP Group Limited American Depositary Shares (Each representing two Ordinary Shares),$92.82,-1.10,-1.171%,235827389075.00,Australia,,2680925,Energy,Coal Mining
BHR,Braemar Hotels & Resorts Inc. Common Stock,$1.93,-0.09,-4.455%,132551084.00,United States,2013,1186482,Real Estate,Real Estate Investment Trusts
BHR^B,Braemar Hotels & Resorts Inc. 5.50% Series B Cumulative Convertible Preferred Stock par value $0.01 per share,$13.19,0.03,0.228%,,United States,,7553,,
BHR^D,Braemar Hotels & Resorts Inc. 8.25% Series D Cumulative Preferred Stock  par value $0.01 per share,$17.10,-0.02,-0.117%,,United States,,3325,,
BHV,BlackRock Virginia Municipal Bond Trust,$12.58,-0.03,-0.238%,0.00,United States,2002,2859,Finance,Finance/Investors Services
BHVN,Biohaven Ltd. Common Shares ,$15.74,0.47,3.078%,2377429113.00,United States,2022,2480117,Health Care,Biotechnology: Pharmaceutical Preparations
BIII,Black Spade Acquisition III Co Class A Ordinary Shares,$10.055,0.00,0.00%,0.00,,2026,1139855,Finance,Blank Checks
BILL,BILL Holdings Inc. Common Stock,$47.62,-1.61,-3.27%,4060880359.00,United States,2019,1582148,Technology,Computer Software: Prepackaged Software
BIO,Bio-Rad Laboratories Inc. Class A Common Stock,$380.96,-5.16,-1.336%,10186175148.00,United States,1980,256190,Industrials,Biotechnology: Laboratory Analytical Instruments
BIO/B,Bio-Rad Laboratories Inc.,$365.08,0.00,0.00%,,United States,,57,,
BIP,Brookfield Infrastructure Partners LP Limited Partnership Units,$37.11,-0.69,-1.825%,16985560728.00,Bermuda,,1496424,Consumer Discretionary,Marine Transportation
BIP^A,Brookfield Infrastructure Partners LP 5.125% Class A Preferred Limited Partnership Units Series 13,$17.01,-0.15,-0.874%,,Bermuda,,4358,,
BIP^B,Brookfield Infrastructure Partners LP 5.000% Class A Preferred Limited Partnership Units Series 14,$16.5477,-0.1023,-0.614%,,Bermuda,,18244,,
BIPC,Brookfield Infrastructure Corporation Brookfield Infrastructure Corporation,$37.39,-0.83,-2.172%,4748731383.00,Canada,,1636160,Consumer Discretionary,Marine Transportation
BIPH,Brookfield Infrastructure Corporation 5.000% Subordinated Notes due 2081,$15.67,-0.18,-1.136%,7229260041.00,Canada,2021,15493,Consumer Discretionary,Marine Transportation
BIPI,BIP Bermuda Holdings I Limited 5.125% Perpetual Subordinated Notes,$16.55,-0.19,-1.135%,156842695.00,Bermuda,2022,16186,Consumer Discretionary,Marine Transportation
BIPJ,Brookfield Infrastructure Corporation 7.250% Subordinated Notes due 2084,$23.79,-0.42,-1.735%,10975373094.00,Canada,2024,13233,Consumer Discretionary,Marine Transportation
BIRK,Birkenstock Holding plc Ordinary Shares,$34.25,-0.66,-1.891%,5655572487.00,,2023,1638191,Consumer Discretionary,Shoe Manufacturing
BIT,BlackRock Multi-Sector Income Trust Common Shares of Beneficial Interest,$11.89,-0.06,-0.502%,0.00,United States,2013,242064,Finance,Trusts Except Educational Religious and Charitable
BJ,BJ's Wholesale Club Holdings Inc. Common Stock,$91.48,0.83,0.916%,11555268024.00,United States,2018,1773903,Consumer Discretionary,Department/Specialty Retail Stores
BKD,Brookdale Senior Living Inc. Common Stock,$11.90,0.11,0.933%,2841925299.00,United States,2005,6897207,Health Care,Hospital/Nursing Management
BKE,Buckle Inc. (The) Common Stock,$42.47,-0.13,-0.305%,2187973112.00,United States,,572447,Consumer Discretionary,Clothing/Shoe/Accessory Stores
BKH,Black Hills Corporation Common Stock,$72.40,0.72,1.004%,5520727408.00,United States,,594816,Utilities,Electric Utilities: Central
BKKT,Bakkt Inc. Class A Common Stock,$7.26,-0.41,-5.346%,327204265.00,United States,,907349,Finance,Finance: Consumer Services
BKSY,BlackSky Technology Inc. Class A Common Stock,$21.45,-1.65,-7.143%,877837947.00,United States,2019,858448,Technology,Radio And Television Broadcasting And Communications Equipment
BKT,BlackRock Income Trust Inc. (The),$10.22,-0.09,-0.873%,1520352454.00,United States,,84827,Finance,Investment Bankers/Brokers/Service
BKU,BankUnited Inc. Common Stock,$44.74,-0.86,-1.886%,3186930820.00,United States,2011,894042,Finance,Savings Institutions
BKV,BKV Corporation Common Stock,$25.12,0.96,3.974%,2749078290.00,United States,2024,667601,Energy,Oil & Gas Production
BLCO,Bausch + Lomb Corporation Common Shares,$17.88,0.40,2.288%,6386114598.00,,2022,645507,Health Care,Ophthalmic Goods
BLDR,Builders FirstSource Inc. Common Stock,$62.79,-3.61,-5.437%,6755981535.00,United States,2005,3768853,Consumer Discretionary,RETAIL: Building Materials
BLK,BlackRock Inc. Common Stock,$1128.10,-27.51,-2.381%,174708011078.00,United States,1999,575477,Finance,Investment Bankers/Brokers/Service
BLND,Blend Labs Inc. Class A Common Stock,$1.55,0.00,0.00%,366595644.00,United States,2021,1826881,Technology,Computer Software: Programming Data Processing
BLSH,Bullish Ordinary Shares,$33.06,-0.97,-2.85%,5277738799.00,Cayman Islands,2025,1069242,Finance,Finance: Consumer Services
BLW,Blackrock Limited Duration Income Trust,$12.59,-0.14,-1.10%,449604675.00,United States,2003,90565,Consumer Discretionary,Other Consumer Services
BLX,Bladex Inc. Class E Common Stock,$54.22,0.30,0.556%,2038613388.00,Panama,1992,96791,Finance,Commercial Banks
BMA,Banco Macro S.A.  ADR (representing Ten Class B Common Shares),$78.41,-0.27,-0.343%,5013459342.00,Argentina,,340374,Finance,Commercial Banks
BME,Blackrock Health Sciences Trust,$45.62,0.03,0.066%,608252281.00,United States,2005,42148,Finance,Trusts Except Educational Religious and Charitable
BMEZ,BlackRock Health Sciences Term Trust Common Shares of Beneficial Interest,$16.80,0.06,0.358%,223994702.00,United States,2020,149200,Finance,Trusts Except Educational Religious and Charitable
BMI,Badger Meter Inc. Common Stock,$132.27,-3.20,-2.362%,3834090253.00,United States,1971,261064,Industrials,Industrial Machinery/Components
BML^G,Bank of America Corporation Depositary Shares (Each representing a 1/1200th interest in a share of Floating Rate Non-Cumulative Preferred Stock  Series 1),$18.59,-0.02,-0.107%,,United States,,6652,,
BML^H,Bank of America Corporation Depositary Shares (Each representing a 1/1200th interest in a Share of Floating Rate Non-Cumulative Preferred Stock Series 2),$18.54,-0.11,-0.59%,,United States,,17579,,
BML^J,Bank of America Corporation Depositary Shares (Each representing a 1/1200th interest in a Share of Floating Rate Non-Cumulative Preferred Stock Series 4),$19.56,-0.10,-0.509%,,United States,,29327,,
BML^L,Bank of America Corporation Depositary Shares (Each representing a 1/1200th Interest in a Share of Floating Rate Non-Cumulative Preferred Stock Series 5),$19.43,0.05,0.258%,,United States,,25308,,
BMN,BlackRock 2037 Municipal Target Term Trust Common Shares of Beneficial Interest,$26.04,0.13,0.502%,0.00,,2022,3320,Finance,Trusts Except Educational Religious and Charitable
BMNP,BitMine Immersion Technologies Inc. 9.5% Series A Perpetual Preferred Stock,$97.82,-0.33,-0.336%,59007605861.00,,,25189,Finance,Finance: Consumer Services
BMNR,BitMine Immersion Technologies Inc. Common Stock,$23.37,-1.95,-7.701%,14097400828.00,United States,2025,40170257,Finance,Finance: Consumer Services
BMO,Bank Of Montreal Common Stock,$168.30,-2.01,-1.18%,117329738783.00,Canada,,841179,Finance,Commercial Banks
BMY,Bristol-Myers Squibb Company Common Stock,$66.92,0.11,0.165%,136698464780.00,United States,,6933171,Health Care,Biotechnology: Pharmaceutical Preparations
BN,Brookfield Corporation Class A Limited Voting Shares,$39.74,-1.48,-3.59%,97392791687.00,Canada,1925,6309108,Real Estate,Building operators
BNED,Barnes & Noble Education Inc Common Stock,$11.79,-0.31,-2.562%,408700114.00,United States,2015,295979,Consumer Discretionary,Other Specialty Stores
BNH,Brookfield Finance Inc. 4.625% Subordinated Notes due October 16 2080,$15.00,0.15,1.01%,22616954460.00,Canada,2020,24700,Real Estate,Building operators
BNJ,Brookfield Finance Inc. 4.50% Perpetual Subordinated Notes,$14.86,-0.08,-0.535%,22405862885.00,Canada,2020,29363,Real Estate,Building operators
BNL,Broadstone Net Lease Inc. Common Stock,$20.82,-0.04,-0.192%,3995211656.00,United States,2020,1955283,Real Estate,Real Estate Investment Trusts
BNS,Bank Nova Scotia Halifax Pfd 3 Ordinary Shares,$91.19,-0.47,-0.513%,111870739358.00,Canada,,1977902,Finance,Major Banks
BNT,Brookfield Wealth Solutions Ltd. Class A Exchangeable Limited Voting Shares,$39.66,-1.58,-3.831%,13405646741.00,,2021,12903,Finance,Property-Casualty Insurers
BNY,The Bank of New York Mellon Corporation Common Stock,$160.51,-0.77,-0.477%,108906699832.00,United States,,3143310,Finance,Major Banks
BNY^K,The Bank Of New York Mellon Corporation  Depositary Shares each representing a 1/4000th interest in a share of Series K Noncumulative Perpetual Preferred Stock,$25.23,0.05,0.199%,,United States,,31486,,
BOBS,Bob's Discount Furniture Inc. Common Stock,$16.30,-0.53,-3.149%,2130199339.00,,2026,544603,Consumer Discretionary,Other Specialty Stores
BOC,Boston Omaha Corporation Class A Common Stock,$13.70,-0.09,-0.653%,412733954.00,United States,2022,145855,Finance,Real Estate
BOE,Blackrock Enhanced Global Dividend Trust Common Shares of Beneficial Interest,$12.48,0.04,0.322%,0.00,United States,2005,109629,Finance,Trusts Except Educational Religious and Charitable
BOH,Bank of Hawaii Corporation Common Stock,$75.18,-0.75,-0.988%,2965880771.00,United States,,270544,Finance,Major Banks
BOH^A,Bank of Hawaii Corporation Depositary Shares Each Representing a 1/40th Interest in a Share of 4.375% Fixed Rate Non-Cumulative Perpetual Preferred Stock Series A,$15.27,0.00,0.00%,,United States,,6303,,
BOH^B,Bank of Hawaii Corporation Depositary Shares Each Representing a 1/40th Interest in a Share of 8.000% Fixed Rate Non-Cumulative Perpetual Preferred Stock Series B,$25.85,-0.29,-1.109%,,United States,,22436,,
BOOT,Boot Barn Holdings Inc. Common Stock,$148.78,-1.85,-1.228%,4505779090.00,United States,2014,716786,Consumer Discretionary,Clothing/Shoe/Accessory Stores
BORR,Borr Drilling Limited Common Shares,$4.60,0.12,2.679%,1415424945.00,Bermuda,2019,4077073,Energy,Oil & Gas Production
BOW,Bowhead Specialty Holdings Inc. Common Stock,$33.61,0.09,0.268%,1107214398.00,United States,2024,408884,Finance,Property-Casualty Insurers
BOX,Box Inc. Class A Common Stock,$35.16,-0.62,-1.733%,4823979179.00,United States,2015,4145833,Technology,Computer Software: Prepackaged Software
BP,BP p.l.c. Common Stock,$44.47,1.60,3.732%,116419364932.00,United Kingdom,,16493098,Energy,Integrated oil Companies
BPRE,Bluerock Private Real Estate Fund Common Shares of Beneficial Interest,$12.02,-0.13,-1.07%,0.00,,2025,693156,,
BR,Broadridge Financial Solutions Inc. Common Stock,$180.39,-1.99,-1.091%,20568392141.00,United States,,1141092,Consumer Discretionary,Business Services
BRBR,BellRing Brands Inc. Common Stock ,$10.31,-0.46,-4.271%,1198828180.00,United States,2022,3973540,Consumer Staples,Packaged Foods
BRC,Brady Corporation Common Stock,$90.39,-0.26,-0.287%,4258525088.00,United States,,226097,Consumer Discretionary,Miscellaneous manufacturing industries
BRCC,BRC Inc. Class A Common Stock,$8.27,0.23,2.861%,206987729.00,United States,2022,140959,Consumer Staples,Beverages (Production/Distribution)
BRK/A,Berkshire Hathaway Inc.,$752091.010000000009,-4559.00,-0.603%,1106231112243.00,United States,,194,,
BRK/B,Berkshire Hathaway Inc.,$502.33,-1.70,-0.337%,1108296390994.00,United States,,4836998,,
BRO,Brown & Brown Inc. Common Stock,$72.05,-0.12,-0.166%,24108676222.00,United States,,1460360,Finance,Specialty Insurers
BROS,Dutch Bros Inc. Class A Common Stock,$46.31,-2.55,-5.219%,8089510268.00,United States,2021,7242115,Consumer Discretionary,Restaurants
BRSL,Brightstar Lottery PLC Trading under the Legal Name to begin at the market open on July 21 2025. Ordinary Shares,$11.17,-0.10,-0.887%,2060865000.00,United States,2015,1994028,Consumer Discretionary,Services-Misc. Amusement & Recreation
BRSP,BrightSpire Capital Inc. Class A Common Stock,$4.64,-0.11,-2.316%,587072195.00,United States,2018,980035,Real Estate,Real Estate Investment Trusts
BRT,BRT Apartments Corp. (MD) Common Stock,$14.43,0.11,0.768%,271186987.00,United States,,30160,Real Estate,Real Estate Investment Trusts
BRW,Saba Capital Income & Opportunities Fund SBI,$6.50,-0.06,-0.915%,0.00,United States,,241058,Finance,Trusts Except Educational Religious and Charitable
BRX,Brixmor Property Group Inc. Common Stock,$29.26,0.37,1.281%,8979083966.00,United States,2013,2664633,Real Estate,Real Estate Investment Trusts
BSAC,Banco Santander - Chile ADS,$34.87,0.12,0.345%,16427791104.00,Chile,,375604,Finance,Commercial Banks
BSBR,Banco Santander Brasil SA American Depositary Shares each representing one unit,$5.72,-0.03,-0.522%,42735253309.00,Brazil,2009,6401749,Finance,Commercial Banks
BSL,Blackstone Senior Floating Rate 2027 Term Fund Common Shares of Beneficial Interest,$13.01,-0.01,-0.077%,0.00,United States,2010,29438,Finance,Trusts Except Educational Religious and Charitable
BSM,Black Stone Minerals L.P. Common units representing limited partner interests,$14.90,0.02,0.134%,3169387508.00,United States,2015,133751,Energy,Oil & Gas Production
BST,BlackRock Science and Technology Trust Common Shares of Beneficial Interest,$50.36,-0.50,-0.983%,1115868319.00,United States,2014,77411,Finance,Finance Companies
BSTZ,BlackRock Science and Technology Term Trust Common Shares of Beneficial Interest,$31.05,-0.27,-0.862%,688000622.00,United States,2019,207000,Finance,Trusts Except Educational Religious and Charitable
BSX,Boston Scientific Corporation Common Stock,$48.08,-0.22,-0.455%,69678955610.00,United States,,12002109,Health Care,Medical/Dental Instruments
BTE,Baytex Energy Corp Common Shares,$5.00,0.13,2.669%,3544440000.00,Canada,2023,15865366,Energy,Oil & Gas Production
BTGO,BitGo Holdings Inc. Class A Common Stock,$6.93,-0.19,-2.669%,814591160.00,United States,2026,1469195,Finance,Finance: Consumer Services
BTI,British American Tobacco  Industries p.l.c. Common Stock ADR,$55.92,0.35,0.63%,121227310028.00,United Kingdom,1998,3707043,Health Care, Medicinal Chemicals and Botanical Products 
BTO,John Hancock Financial Opportunities Fund Common Stock,$38.91,-0.45,-1.143%,0.00,United States,1994,26805,Finance,Investment Managers
BTT,BlackRock Municipal 2030 Target Term Trust,$22.61,-0.04,-0.177%,0.00,United States,2012,491560,Finance,Investment Managers
BTU,Peabody Energy Corporation Common Stock ,$29.10,-0.59,-1.987%,3547290000.00,United States,2017,2151758,Energy,Coal Mining
BTX,BlackRock Technology and Private Equity Term Trust Common Shares of Beneficial Interest,$8.91,-0.03,-0.336%,2100943910.00,United States,2021,543612,,
BTZ,BlackRock Credit Allocation Income Trust,$9.95,-0.11,-1.093%,1075943250.00,United States,2006,276483,Finance,Finance/Investors Services
BUD,Anheuser-Busch Inbev SA Sponsored ADR (Belgium),$79.13,0.03,0.038%,156054888563.00,Belgium,,2478184,Consumer Staples,Beverages (Production/Distribution)
BUI,BlackRock Utility Infrastructure & Power Opportunities Trust,$26.44,-0.21,-0.788%,0.00,United States,2011,46473,Finance,Trusts Except Educational Religious and Charitable
BUR,Burford Capital Limited Ordinary Shares,$4.21,0.06,1.446%,921196798.00,,2020,1686141,Finance,Finance: Consumer Services
BURL,Burlington Stores Inc. Common Stock,$262.15,2.39,0.92%,16467003369.00,United States,2013,2217637,Consumer Discretionary,Department/Specialty Retail Stores
BV,BrightView Holdings Inc. Common Stock,$11.10,-0.01,-0.09%,1027860000.00,United States,2018,517277,Consumer Staples,Farming/Seeds/Milling
BVN,Buenaventura Mining Company Inc.,$33.42,-0.88,-2.566%,8488241095.00,Peru,1996,823042,Basic Materials,Metal Mining
BW,Babcock & Wilcox Enterprises Inc. Common Stock,$6.84,-0.70,-9.284%,1018921051.00,United States,2015,7969832,Industrials,Building Products
BW^A,Babcock & Wilcox Enterprises Inc. 7.75% Series A Cumulative Perpetual Preferred Stock,$22.18,-0.06,-0.27%,,United States,,6870,,
BWA,BorgWarner Inc. Common Stock,$63.54,-0.62,-0.966%,12940960133.00,United States,,1886776,Consumer Discretionary,Auto Parts:O.E.M.
BWG,BrandywineGLOBAL Global Income Opportunities Fund Inc.,$7.58,-0.05,-0.655%,0.00,United States,2012,54727,Finance,Finance/Investors Services
BWIV,Blue Water Acquisition Corp. IV Class A Ordinary Shares,$9.951,0.001,0.01%,0.00,,2026,942,Finance,Blank Checks
BWLP,BW LPG Limited Common Shares,$24.21,-0.04,-0.165%,3856217220.00,,2024,807349,Consumer Discretionary,Transportation Services
BWMX,Betterware de Mexico S.A.P.I. de C.V. Ordinary Shares,$15.87,-0.01,-0.063%,626627791.00,Mexico,,51322,Consumer Discretionary,Catalog/Specialty Distribution
BWXT,BWX Technologies Inc. Common Stock,$161.54,9.25,6.074%,14800614649.00,United States,,1964793,Industrials,Industrial Machinery/Components
BX,Blackstone Inc. Common Stock,$136.66,-6.58,-4.594%,102580428079.00,United States,2007,5144092,Finance,Investment Managers
BXC,Bluelinx Holdings Inc. Common Stock,$74.77,-4.86,-6.103%,587708425.00,United States,2004,117760,Consumer Discretionary,Wholesale Distributors
BXDC,Blackstone Digital Infrastructure Trust Inc. Common Stock,$20.30,0.24,1.196%,2043193072.00,,2026,908174,Finance,Real Estate
BXMT,Blackstone Mortgage Trust Inc. Common Stock,$13.81,-0.09,-0.647%,2327586992.00,United States,,2109629,Real Estate,Real Estate Investment Trusts
BXP,BXP Inc. Common Stock,$67.06,-0.93,-1.368%,10706903945.00,United States,1997,1358607,Real Estate,Real Estate Investment Trusts
BXSL,Blackstone Secured Lending Fund Common Shares of Beneficial Interest,$24.68,-0.33,-1.319%,0.00,,2021,1040470,Finance,Trusts Except Educational Religious and Charitable
BY,Byline Bancorp Inc. Common Stock,$37.67,-0.25,-0.659%,1702172441.00,United States,2017,198826,Finance,Major Banks
BYD,Boyd Gaming Corporation Common Stock,$76.39,-1.20,-1.547%,5550147075.00,United States,1993,992066,Consumer Discretionary,Hotels/Resorts
BZH,Beazer Homes USA Inc. Common Stock,$33.20,0.02,0.06%,885763484.00,United States,1994,632936,Consumer Discretionary,Homebuilding
C,Citigroup Inc. Common Stock,$132.54,0.92,0.699%,222327471219.00,United States,,6949440,Finance,Major Banks
C^N,Citigroup Capital XIII 7.875% Fixed rate Floating Rate trust Preferred Securities (TruPS),$26.42,0.27,1.033%,,United States,,308020,,
C^R,Citigroup Inc. Depositary Shares Each Representing a 1/1000th Interest in a Share of 6.250% Noncumulative Preferred Stock Series II,$24.10,-0.10,-0.413%,,United States,,152251,,
CAAP,Corporacion America Airports SA Common Shares,$23.09,-0.38,-1.619%,3814910081.00,,2018,286639,Consumer Discretionary,Aerospace
CABO,Cable One Inc. Common Stock,$23.87,-3.51,-12.82%,135436590.00,United States,2015,326339,Telecommunications,Cable & Other Pay Television Services
CACI,CACI International Inc. Class A Common Stock,$629.46,6.45,1.035%,13910775819.00,United States,,206194,Technology,EDP Services
CAF,Morgan Stanley China A Share Fund Inc. Common Stock,$18.97,-0.01,-0.053%,0.00,United States,2006,2420,Finance,Investment Managers
CAG,ConAgra Brands Inc. Common Stock,$16.11,0.09,0.562%,7733889374.00,United States,,11952920,Consumer Staples,Packaged Foods
CAH,Cardinal Health Inc. Common Stock,$239.35,4.73,2.016%,55667000497.00,United States,,1336307,Health Care,Other Pharmaceuticals
CAL,Caleres Inc. Common Stock,$11.74,-0.44,-3.612%,394343595.00,United States,,552691,Consumer Discretionary,Shoe Manufacturing
CALX,Calix Inc Common Stock,$37.70,-0.42,-1.102%,2373742385.00,United States,2010,643442,Consumer Discretionary,Telecommunications Equipment
CALY,Callaway Golf Company Common Stock,$15.53,-0.18,-1.146%,2772268391.00,United States,,1346972,Consumer Discretionary,Recreational Games/Products/Toys
CANG,Cango Inc. Class A Ordinary Shares,$1.84,-0.55,-23.013%,75480419.00,China,2025,591170,Finance,Finance: Consumer Services
CAPL,CrossAmerica Partners LP Common Units representing limited partner interests,$23.26,0.09,0.388%,887909911.00,United States,2012,14961,Energy,Oil Refining/Marketing
CARR,Carrier Global Corporation Common Stock ,$57.25,-0.97,-1.666%,47192609513.00,United States,2020,4854569,Industrials,Industrial Machinery/Components
CARS,Cars.com Inc. Common Stock ,$11.59,-0.11,-0.94%,620444155.00,United States,2017,495703,Technology,EDP Services
CAT,Caterpillar Inc. Common Stock,$779.16,-18.31,-2.296%,358160286513.00,United States,,2945682,Industrials,Construction/Ag Equipment/Trucks
CATO,Cato Corporation (The) Class A Common Stock,$2.61,0.00,0.00%,51970187.00,United States,,66451,Consumer Discretionary,Clothing/Shoe/Accessory Stores
CAVA,CAVA Group Inc. Common Stock,$61.08,-4.67,-7.103%,7134522574.00,United States,2023,3304161,Consumer Discretionary,Restaurants
CB,Chubb Limited  Common Stock,$338.74,0.14,0.041%,130685844238.00,Switzerland,,1208418,Finance,Property-Casualty Insurers
CBAN,Colony Bankcorp Inc. Common Stock,$20.97,-0.18,-0.851%,445003636.00,United States,,94626,Finance,Major Banks
CBL,CBL & Associates Properties Inc. Common Stock,$53.80,-0.89,-1.627%,1664720327.00,United States,2021,336303,Real Estate,Real Estate Investment Trusts
CBNA,Chain Bridge Bancorp Inc. Class A Common Stock,$45.25,-0.59,-1.287%,296922219.00,,2024,23030,Finance,Major Banks
CBRE,CBRE Group Inc Common Stock Class A,$144.46,-1.35,-0.926%,41832047549.00,United States,,1938203,Finance,Real Estate
CBT,Cabot Corporation Common Stock,$80.65,-2.06,-2.491%,4164040715.00,United States,,358316,Industrials,Major Chemicals
CBU,Community Financial System Inc. Common Stock,$61.94,-0.81,-1.291%,3259029156.00,United States,,194864,Finance,Major Banks
CBZ,CBIZ Inc. Common Stock,$54.41,-0.08,-0.147%,2952497656.00,United States,,1549152,Consumer Discretionary,Business Services
CC,Chemours Company (The) Common Stock,$15.10,-0.46,-2.956%,2272534825.00,United States,2015,2507254,Industrials,Major Chemicals
CCI,Crown Castle Inc. Common Stock,$75.84,-0.30,-0.394%,32266540494.00,United States,,2483799,Real Estate,Real Estate Investment Trusts
CCID,Carlyle Credit Income Fund 7.375% Series D Term Preferred Shares due 2028,$25.03,0.07,0.28%,0.00,,,2327,,
CCIF,Carlyle Credit Income Fund Shares of Beneficial Interest,$2.68,-0.01,-0.372%,0.00,,2019,75913,Finance,Finance/Investors Services
CCJ,Cameco Corporation Common Stock,$96.26,-2.50,-2.531%,41924404462.00,Canada,1996,2210351,Basic Materials,Other Metals and Minerals
CCK,Crown Holdings Inc.,$116.66,0.27,0.232%,12688001213.00,United States,,681982,Industrials,Containers/Packaging
CCL,Carnival Corporation Ltd. Common Shares,$23.23,-0.66,-2.763%,31816949034.00,United States,1987,25349160,Consumer Discretionary,Marine Transportation
CCM,Concord Medical Services Holdings Limited American Depositary Shares (Each represents thirty (30) Class A ordinary shares),$4.52,-0.04,-0.877%,19624588.00,China,2024,133067,Health Care,Medical/Nursing Services
CCO,Clear Channel Outdoor Holdings Inc. Common Stock,$2.37,0.00,0.00%,1206552413.00,United States,2005,3850525,Consumer Discretionary,Advertising
CCS,Century Communities Inc. Common Stock,$64.86,-2.69,-3.982%,1844157894.00,United States,2014,568601,Consumer Discretionary,Homebuilding
CCU,Compania Cervecerias Unidas S.A. Common Stock,$11.46,-0.32,-2.716%,2117251457.00,Chile,,123259,Consumer Staples,Beverages (Production/Distribution)
CCZ,Comcast Holdings ZONES,$66.4499,0.00,0.00%,235806545412.00,United States,,3,Telecommunications,Cable & Other Pay Television Services
CDE,Coeur Mining Inc. Common Stock,$20.20,-0.58,-2.791%,20764286960.00,United States,,42139111,Basic Materials,Precious Metals
CDLR,Cadeler A/S American Depositary Share (each representing four (4) Ordinary Shares),$25.20,0.26,1.043%,2431569092.00,,2023,76782,Consumer Discretionary,Marine Transportation
CDP,COPT Defense Properties Common Shares of Beneficial Interest,$35.52,-0.48,-1.333%,4028339468.00,United States,,1013218,Real Estate,Real Estate Investment Trusts
CDR^B,Cedar Realty Trust Inc. 7.25% Series B Cumulative Redeemable Preferred Stock,$16.25,-0.225,-1.366%,,United States,,2230,,
CDR^C,Cedar Realty Trust Inc. 6.50% Series C Cumulative Redeemable Preferred Stock,$15.35,0.0339,0.221%,,United States,,4259,,
CDRE,Cadre Holdings Inc. Common Stock,$28.45,-1.21,-4.08%,1218249882.00,United States,2021,367980,Health Care,Industrial Specialties
CE,Celanese Corporation Common Stock,$44.13,-1.35,-2.968%,4843220104.00,United States,2005,1371791,Industrials,Major Chemicals
CEE,The Central and Eastern Europe Fund Inc. (The) Common Stock,$19.80,-0.09,-0.452%,0.00,United States,,12188,Finance,Finance Companies
CEPU,Central Puerto S.A. American Depositary Shares (each represents ten Common Shares),$13.85,0.23,1.689%,2096571755.00,,2018,324301,Utilities,Electric Utilities: Central
CF,CF Industries Holdings Inc. Common Stock,$135.60,5.57,4.284%,20521450428.00,United States,2005,3832482,Industrials,Agricultural Chemicals
CFG,Citizens Financial Group Inc. Common Stock,$68.16,-0.71,-1.031%,28707409870.00,United States,2014,3505293,Finance,Major Banks
CFG^E,Citizens Financial Group Inc. Depositary Shares Each Representing 1/40th Interest in a Share of 5.000% Fixed-Rate Non-Cumulative Perpetual Preferred Stock Series E,$18.20,0.02,0.11%,,United States,,88420,,
CFG^H,Citizens Financial Group Inc. Depositary Shares Each Representing a 1/40th Interest in a Share of 7.375% Fixed-Rate Non-Cumulative Perpetual Preferred Stock Series H,$25.87,-0.06,-0.231%,,United States,,87933,,
CFG^I,Citizens Financial Group Inc. Depositary Shares Each Representing a 1/40th Interest in a Share of 6.500% Fixed-Rate Reset Non-Cumulative Perpetual Preferred Stock Series I,$24.80,-0.01,-0.04%,,United States,,61040,,
CFND,C1 Fund Inc. Common Stock,$2.73,-0.14,-4.878%,0.00,,2025,144049,,
CFR,Cullen/Frost Bankers Inc. Common Stock,$158.32,-2.55,-1.585%,9839395641.00,United States,,529700,Finance,Major Banks
CFR^B,Cullen/Frost Bankers Inc. Depositary Shares each representing a 1/40th ownership interest in a share of 4.450% non-cumulative perpetual preferred stock Series B,$16.35,-0.35,-2.096%,,United States,,12478,,
CFTR^A,Cantor Fitzgerald Income Trust Inc. 9.50% Series A Cumulative Redeemable Preferred Stock,$25.25,-0.07,-0.276%,,,,11946,,
CGAU,Centerra Gold Inc. Common Shares,$21.78,-1.14,-4.974%,4349690791.00,Canada,2021,1822379,Basic Materials,Precious Metals
CHCT,Community Healthcare Trust Incorporated Common Stock,$14.89,0.18,1.224%,426655707.00,United States,2015,321671,Real Estate,Real Estate Investment Trusts
CHD,Church & Dwight Company Inc. Common Stock,$99.43,-0.35,-0.351%,23585184473.00,United States,,2032122,Consumer Discretionary,Package Goods/Cosmetics
CHE,Chemed Corp,$515.17,-3.54,-0.682%,6733251808.00,United States,,142242,Health Care,Medical/Nursing Services
CHGG,Chegg Inc. Common Stock,$0.793,-0.052,-6.154%,88044793.00,United States,2013,1127549,Real Estate,Other Consumer Services
CHH,Choice Hotels International Inc. Common Stock,$98.12,-5.24,-5.07%,4433006653.00,United States,,746570,Consumer Discretionary,Hotels/Resorts
CHMI,Cherry Hill Mortgage Investment Corporation Common Stock,$2.93,-0.01,-0.34%,108255864.00,,2013,170444,Real Estate,Real Estate Investment Trusts
CHMI^A,Cherry Hill Mortgage Investment Corporation 8.20% Series A Cumulative Redeemable Preferred Stock,$22.09,0.05,0.227%,,,,5037,,
CHMI^B,Cherry Hill Mortgage Investment Corporation 8.250% Series B Fixed-to-Floating Rate Cumulative Redeemable Preferred Stock,$23.9902,-0.0998,-0.414%,,,,2000,,
CHPT,ChargePoint Holdings Inc. Common Stock,$5.30,-0.20,-3.636%,137257444.00,United States,2019,638523,Miscellaneous,Industrial Machinery/Components
CHT,Chunghwa Telecom Co. Ltd.,$43.24,0.03,0.069%,33543198839.00,Taiwan,,217866,Telecommunications,Telecommunications Equipment
CHWY,Chewy Inc. Class A Common Stock,$23.72,-0.08,-0.336%,9711542190.00,United States,2019,7232488,Consumer Discretionary,Catalog/Specialty Distribution
CI,The Cigna Group Common Stock,$283.06,6.98,2.528%,74795911967.00,United States,,1304750,Health Care,Medical Specialities
CIA,Citizens Inc. Class A Common Stock ($1.00 Par),$3.81,0.05,1.33%,192950241.00,United States,1994,110742,Finance,Life Insurance
CIB,Grupo Cibest S.A. American Depositary Shares each representing four Preferred Shares,$96.25,0.13,0.135%,22936727853.00,Colombia,2025,435963,Finance,Commercial Banks
CICB,CION Investment Corporation 7.50% Notes due 2029,$25.13,-0.06,-0.238%,0.00,United States,2024,3255,Finance,Finance/Investors Services
CICC,CION Investment Corporation 7.50% Notes due 2031,$25.05,0.17,0.683%,0.00,United States,2026,829,Finance,Finance/Investors Services
CIEN,Ciena Corporation Common Stock,$360.33,-22.47,-5.87%,51005764384.00,United States,1997,2259269,Utilities,Telecommunications Equipment
CIG,Comp En De Mn Cemig ADS American Depositary Shares,$2.06,0.04,1.98%,5895270704.00,Brazil,,5240710,Utilities,Electric Utilities: Central
CII,BlackRock Enhanced Large Cap Core Fund Inc. Common Stock,$24.41,-0.06,-0.245%,3631291917.00,United States,2004,63142,Finance,Investment Bankers/Brokers/Service
CIM,Chimera Investment Corporation Common Stock,$11.30,-0.16,-1.396%,945943543.00,United States,2007,957831,Real Estate,Real Estate Investment Trusts
CIM^A,Chimera Investment Corporation 8.00% Series A Cumulative Redeemable Preferred Stock,$21.45,-0.41,-1.876%,,United States,,17967,,
CIM^B,Chimera Investment Corporation 8.00% Series B Fixed-to-Floating Rate Cumulative Redeemable Preferred Stock,$24.15,-0.71,-2.856%,,United States,,31611,,
CIM^C,Chimera Investment Corporation 7.75% Series C Fixed-to-Floating Rate  Cumulative Redeemable  Preferred Stock,$22.728,-0.672,-2.872%,,United States,,10313,,
CIM^D,Chimera Investment Corporation 8.00% Series D Fixed-to-Floating Rate Cumulative Redeemable Preferred Stock,$23.96,-0.72,-2.917%,,United States,,18011,,
CIMN,Chimera Investment Corporation 9.000% Senior Notes due 2029,$25.2399,0.0949,0.377%,2032586714.00,United States,2024,6537,Real Estate,Real Estate Investment Trusts
CIMO,Chimera Investment Corporation 9.250% Senior Notes due 2029,$25.275,0.025,0.099%,0.00,United States,2024,16479,Real Estate,Real Estate Investment Trusts
CIMP,Chimera Investment Corporation 8.875% Senior Notes due 2030,$25.23,-0.03,-0.119%,0.00,United States,2025,2682,Real Estate,Real Estate Investment Trusts
CINT,CI&T Inc Class A Common Shares,$3.39,-0.07,-2.023%,436936263.00,,2021,71050,Technology,EDP Services
CION,CION Investment Corporation Common Stock,$7.42,-0.09,-1.198%,365084064.00,United States,2021,446383,Finance,Finance/Investors Services
CL,Colgate-Palmolive Company Common Stock,$89.63,-0.19,-0.212%,71450600663.00,United States,,4582819,Consumer Discretionary,Package Goods/Cosmetics
CLB,Core Laboratories Inc. Common Stock,$12.39,-0.04,-0.322%,568509475.00,Netherlands,2023,598677,Energy,Oilfield Services/Equipment
CLBR,Colombier Acquisition Corp. III Class A Ordinary Shares,$10.25,0.00,0.00%,0.00,,2026,95,,
CLDT,Chatham Lodging Trust (REIT) Common Shares of Beneficial Interest,$13.08,0.05,0.384%,609078231.00,United States,2010,268636,Real Estate,Real Estate Investment Trusts
CLDT^A,Chatham Lodging Trust (REIT) 6.625% Series A Cumulative Redeemable Preferred Shares of Beneficial Interest,$20.23,0.076,0.377%,,United States,,11759,,
CLF,Cleveland-Cliffs Inc. Common Stock,$11.54,-0.01,-0.087%,6584032142.00,United States,,10258804,Basic Materials,Metal Mining
CLH,Clean Harbors Inc. Common Stock,$315.25,0.00,0.00%,16641179932.00,United States,,364451,Industrials,Environmental Services
CLPR,Clipper Realty Inc. Common Stock,$3.25,-0.04,-1.216%,52512090.00,United States,2017,52531,Real Estate,Real Estate Investment Trusts
CLS,Celestica Inc. Common Stock,$292.59,-6.81,-2.275%,33639981377.00,Canada,1998,1437418,Technology,Electrical Products
CLVT,Clarivate Plc Ordinary Shares,$2.04,-0.01,-0.488%,1304914566.00,United Kingdom,2019,2831317,Technology,EDP Services
CLW,Clearwater Paper Corporation Common Stock,$20.77,-0.22,-1.048%,334973658.00,United States,,110397,Basic Materials,Paper
CLX,Clorox Company (The) Common Stock,$94.97,-2.71,-2.774%,11484817545.00,United States,,3361108,Consumer Discretionary,Specialty Chemicals
CM,Canadian Imperial Bank of Commerce Common Stock,$112.42,-1.10,-0.969%,102072429034.00,Canada,,1335889,Finance,Commercial Banks
CMBT,CMB.TECH NV Ordinary Shares,$18.27,-0.01,-0.055%,5772911611.00,,2015,964244,Consumer Discretionary,Marine Transportation
CMC,Commercial Metals Company Common Stock,$67.14,-0.33,-0.489%,7427317852.00,United States,,677296,Industrials,Steel/Iron Ore
CMCM,Cheetah Mobile Inc. American Depositary Shares each representing fifty (50) Class A Ordinary Shares,$3.21,-0.17,-5.03%,100074440.00,China,2022,3163,Technology,Computer Software: Prepackaged Software
CMDB,Costamare Bulkers Holdings Limited Common Stock,$20.45,-0.02,-0.098%,494490652.00,,2025,35223,Consumer Discretionary,Marine Transportation
CMG,Chipotle Mexican Grill Inc. Common Stock,$37.51,-0.52,-1.367%,47465829180.00,United States,2006,10543567,Consumer Discretionary,Restaurants
CMI,Cummins Inc. Common Stock,$551.15,-13.25,-2.348%,75873782010.00,United States,,1101831,Industrials,Industrial Machinery/Components
CMP,Compass Minerals Intl Inc Common Stock,$24.43,-0.43,-1.73%,1025592752.00,United States,2003,452000,Industrials,Mining & Quarrying of Nonmetallic Minerals (No Fuels)
CMRE,Costamare Inc. Common Stock $0.0001 par value,$15.37,0.09,0.589%,1853449226.00,Greece,2010,455837,Consumer Discretionary,Marine Transportation
CMRE^B,Costamare Inc. Perpetual Preferred Stock Series B (Marshall Islands),$25.35,-0.09,-0.354%,,Greece,,7485,,
CMRE^C,Costamare Inc. Perpetual Preferred Series C (Marshall Islands),$26.82,0.035,0.131%,,Greece,,2660,,
CMRE^D,Costamare Inc. 8.75% Series D Cumulative Redeemable Perpetual Preferred Stock,$26.84,0.00,0.00%,,Greece,,482,,
CMS,CMS Energy Corporation Common Stock,$67.96,-0.10,-0.147%,21310702163.00,United States,,2750077,Utilities,Power Generation
CMS^B,CMS Energy Corporation Preferred Stock,$75.91,0.16,0.211%,,United States,,1118,,
CMS^C,CMS Energy Corporation Depositary Shares each representing a 1/1000th interest in a share of 4.200% Cumulative Redeemable Perpetual Preferred Stock Series C,$16.04,-0.21,-1.292%,,United States,,14354,,
CMSA,CMS Energy Corporation 5.625% Junior Subordinated Notes due 2078,$19.71,-0.30,-1.499%,5899901936.00,United States,2018,19591,Utilities,Power Generation
CMSC,CMS Energy Corporation 5.875% Junior Subordinated Notes due 2078,$20.99,-0.31,-1.455%,6283051326.00,United States,2018,17953,Utilities,Power Generation
CMSD,CMS Energy Corporation 5.875% Junior Subordinated Notes due 2079,$20.78,-0.38,-1.796%,6220190880.00,United States,2019,41208,Utilities,Power Generation
CMTG,Claros Mortgage Trust Inc. Common Stock,$1.47,-0.12,-7.547%,207393783.00,United States,2021,2719809,Finance,Real Estate
CNA,CNA Financial Corporation Common Stock,$48.68,0.11,0.226%,13172853175.00,United States,,516021,Finance,Property-Casualty Insurers
CNC,Centene Corporation Common Stock,$65.23,0.89,1.383%,32223293850.00,United States,,4561411,Health Care,Medical Specialities
CNF,CNFinance Holdings Limited American Depositary Shares each representing two hundred (200) Ordinary Shares,$2.2499,0.0499,2.268%,40043461.00,,,1764,Finance,Finance: Consumer Services
CNH,CNH Industrial N.V. Common Shares,$12.50,0.67,5.664%,15471574475.00,United Kingdom,2013,30933931,Industrials,Construction/Ag Equipment/Trucks
CNI,Canadian National Railway Company Common Stock,$120.42,-4.33,-3.471%,72745722000.00,Canada,,1627542,Industrials,Railroads
CNK,Cinemark Holdings Inc Cinemark Holdings Inc. Common Stock,$34.78,-0.83,-2.331%,4031414317.00,United States,2007,3563285,Consumer Discretionary,Movies/Entertainment
CNM,Core & Main Inc. Class A Common Stock,$42.07,-0.89,-2.072%,8141387872.00,United States,2021,2173933,Consumer Discretionary,Durable Goods
CNMD,CONMED Corporation Common Stock,$49.12,-0.73,-1.464%,1471205302.00,United States,1987,269030,Health Care,Biotechnology: Electromedical & Electrotherapeutic Apparatus
CNNE,Cannae Holdings Inc. Common Stock,$15.44,-0.16,-1.026%,669698065.00,United States,2017,418059,Consumer Discretionary,Restaurants
CNO,CNO Financial Group Inc. Common Stock,$54.54,-0.25,-0.456%,5046115574.00,United States,,2004303,Finance,Accident &Health Insurance
CNO^A,CNO Financial Group Inc. 5.125% Subordinated Debentures due 2060,$16.30,0.07,0.431%,,United States,,2291,,
CNP,CenterPoint Energy Inc (Holding Co) Common Stock,$39.47,-0.13,-0.328%,25999689767.00,United States,,5945903,Utilities,Electric Utilities: Central
CNQ,Canadian Natural Resources Limited Common Stock,$51.81,1.74,3.475%,107186600400.00,Canada,,6148524,Energy,Oil & Gas Production
CNR,Core Natural Resources Inc. Common Stock,$101.24,-1.06,-1.036%,5025174659.00,United States,2017,477341,Energy,Coal Mining
CNS,Cohen & Steers Inc Common Stock,$77.49,-3.18,-3.942%,3984654592.00,United States,2004,248815,Finance,Investment Managers
CNX,CNX Resources Corporation Common Stock,$37.56,1.18,3.244%,5556763006.00,United States,1999,1446619,Energy,Oil & Gas Production
CODI,D/B/A Compass Diversified Holdings Shares of Beneficial Interest,$11.42,-0.14,-1.211%,859194732.00,United States,2006,985045,Consumer Discretionary,Home Furnishings
CODI^A,Compass Diversified Holdings 7.250% Series A Preferred Shares representing beneficial interest in Compass Diversified Holdings,$19.805,0.015,0.076%,,United States,,2129,,
CODI^B,Compass Diversified Holdings 7.875% Series B Fixed-to-Floating Rate Cumulative Preferred Shares representing beneficial interests in Compass Diversified Holdings,$22.27,0.00,0.00%,,United States,,12581,,
CODI^C,Compass Diversified Holdings 7.875% Series C Cumulative Preferred Shares,$22.13,0.04,0.181%,,United States,,1911,,
COF,Capital One Financial Corporation Common Stock,$211.34,-3.17,-1.478%,129653885240.00,United States,1994,3123643,Finance,Major Banks
COF^I,Capital One Financial Corporation Depositary shares each representing a 1/40th interest in a share of Fixed Rate Non-Cumulative Perpetual Preferred Stock Series I of the Issuer,$17.36,-0.12,-0.686%,,United States,,209898,,
COF^J,Capital One Financial Corporation Depositary Shares Each Representing a 1/40th Interest in a Share of Fixed Rate Non- Cumulative Perpetual Preferred Stock Series J,$16.67,-0.08,-0.478%,,United States,,124523,,
COF^K,Capital One Financial Corporation Depositary Shares Each Representing a 1/40th Ownership Interest in a Share of Fixed Rate Non-Cumulative Perpetual Preferred Stock Series K,$16.05,-0.09,-0.558%,,United States,,11931,,
COF^L,Capital One Financial Corporation Depositary Shares Each Representing a 1/40th Interest in a Share of Fixed Rate Non-Cumulative Perpetual Preferred Stock Series L,$15.23,0.00,0.00%,,United States,,134593,,
COF^N,Capital One Financial Corporation Depositary Shares Each Representing a 1/40th Ownership Interest in a Share of Fixed Rate Non-Cumulative Perpetual Preferred Stock Series N,$15.09,-0.10,-0.658%,,United States,,116598,,
COHR,Coherent Corp. Common Stock,$272.03,-5.80,-2.088%,53272245879.00,United States,,5509484,Technology,Electronic Components
COLD,Americold Realty Trust Inc. Common Stock,$14.74,-0.21,-1.405%,4207983322.00,United States,2018,4141989,Real Estate,Real Estate Investment Trusts
COMP,Compass Inc. Class A Common Stock,$10.33,-0.23,-2.178%,7825204295.00,United States,2021,12261723,Finance,Real Estate
CON,Concentra Group Holdings Parent Inc. Common Stock,$33.89,0.15,0.445%,4321576073.00,United States,2024,587229,Health Care,Medical Specialities
COOK,Traeger Inc. Common Stock,$53.32,-2.73,-4.871%,149201304.00,United States,2021,15443,Consumer Discretionary,Consumer Electronics/Appliances
COP,ConocoPhillips Common Stock,$136.19,3.70,2.793%,163610151265.00,United States,,6413769,Energy,Integrated oil Companies
COPL,Copley Acquisition Corp Ordinary Shares,$10.52,0.00,0.00%,0.00,,2025,15,,
COR,Cencora Inc. Common Stock,$330.97,7.37,2.278%,63158066800.00,United States,,1518456,Health Care,Other Pharmaceuticals
COSO,CoastalSouth Bancshares Inc. Common Stock,$27.19,-0.22,-0.803%,325041387.00,United States,2025,80283,Finance,Major Banks
COTY,Coty Inc. Class A Common Stock,$2.84,-0.01,-0.351%,2501149558.00,United States,2013,5104608,Consumer Discretionary,Package Goods/Cosmetics
COUR,Coursera Inc. Common Stock,$6.18,-0.34,-5.215%,1633992000.00,United States,2021,3747358,Technology,Computer Software: Prepackaged Software
CP,Canadian Pacific Kansas City Limited Common Shares,$88.97,-3.72,-4.013%,79384718916.00,Canada,,2057649,Industrials,Railroads
CPA,Copa Holdings S.A. Class A Common Stock,$125.49,-0.96,-0.759%,5162477016.00,Panama,2005,265006,Consumer Discretionary,Air Freight/Delivery Services
CPAC,Cementos Pacasmayo S.A.A. American Depositary Shares (Each representing five Common Shares),$12.37,-0.13,-1.04%,1048650545.00,Peru,,6065,Industrials,Building Materials
CPAY,Corpay Inc. Common Stock,$404.81,0.51,0.126%,26579662271.00,United States,,477730,Consumer Discretionary,Business Services
CPF,Central Pacific Financial Corp New,$36.89,-0.33,-0.887%,949822766.00,United States,,179658,Finance,Major Banks
CPK,Chesapeake Utilities Corporation Common Stock,$132.30,-1.24,-0.929%,3189283997.00,United States,,144127,Utilities,Oil & Gas Production
CPNG,Coupang Inc. Class A Common Stock,$15.80,-0.26,-1.619%,28400684892.00,United States,2021,17125334,Consumer Discretionary,Catalog/Specialty Distribution
CPRI,Capri Holdings Limited Ordinary Shares,$12.79,-0.46,-3.472%,1453604194.00,Hong Kong,2011,3780738,Consumer Discretionary,Apparel
CPS,Cooper-Standard Holdings Inc. Common Stock,$25.25,-1.53,-5.713%,448672502.00,United States,,273452,Consumer Discretionary,Auto Parts:O.E.M.
CPT,Camden Property Trust Common Stock,$105.96,0.16,0.151%,10653149526.00,United States,1993,864503,Real Estate,Real Estate Investment Trusts
CQP,Cheniere Energy Partners LP Common Units,$70.32,0.03,0.043%,34038937745.00,United States,2007,112154,Utilities,Oil/Gas Transmission
CR,Crane Company Common Stock,$200.01,-5.06,-2.467%,11560649204.00,United States,2023,502425,Industrials,Metal Fabrications
CRBD,Corebridge Financial Inc. 6.375% Junior Subordinated Notes due 2064,$20.97,-0.69,-3.186%,0.00,United States,2024,55818,Finance,Life Insurance
CRBG,Corebridge Financial Inc. Common Stock,$32.17,-0.37,-1.137%,14340502033.00,United States,2022,2759726,Finance,Life Insurance
CRC,California Resources Corporation Common Stock,$53.88,0.85,1.603%,4785615835.00,United States,2020,709212,Energy,Oil & Gas Production
CRCL,Circle Internet Group Inc. Class A Common Stock,$89.48,-6.07,-6.353%,22716813832.00,United States,2025,13632575,Finance,Finance: Consumer Services
CRD/A,Crawford & Company,$12.85,-0.27,-2.058%,,United States,,24661,,
CRD/B,Crawford & Company,$11.99,0.03,0.251%,,United States,,9871,,
CRGY,Crescent Energy Company Class A Common Stock,$14.07,0.38,2.776%,4648780003.00,United States,2021,6266696,Energy,Oil & Gas Production
CRH,CRH PLC Ordinary Shares,$91.20,-3.09,-3.277%,61043756198.00,Ireland,,6082397,Industrials,Building Materials
CRI,Carter's Inc. Common Stock,$32.00,-0.39,-1.204%,1174757920.00,United States,2003,1489753,Consumer Discretionary,Apparel
CRK,Comstock Resources Inc. Common Stock,$16.02,1.59,11.019%,4703801179.00,United States,,11223429,Energy,Oil & Gas Production
CRL,Charles River Laboratories International Inc. Common Stock,$282.34,-5.90,-2.047%,13478593120.00,United States,2000,705919,Health Care,Biotechnology: Commercial Physical & Biological Resarch
CRM,Salesforce Inc. Common Stock,$258.11,0.57,0.221%,212424530000.00,United States,2004,15885280,Technology,Computer Software: Prepackaged Software
CRS,Carpenter Technology Corporation Common Stock,$473.06,-3.36,-0.705%,23444175232.00,United States,,648119,Industrials,Steel/Iron Ore
CRT,Cross Timbers Royalty Trust Common Stock,$10.53,0.08,0.766%,63180000.00,United States,1992,10949,Energy,Oil & Gas Production
CSAN,Cosan S.A. ADS,$2.99,0.04,1.356%,2965011772.00,Brazil,2021,4703497,Consumer Discretionary,Retail-Auto Dealers and Gas Stations
CSL,Carlisle Companies Incorporated Common Stock,$334.85,-11.73,-3.384%,13298277435.00,United States,,500443,Industrials,Specialty Chemicals
CSQR,Csquare Inc. Common Stock,$18.35,-1.06,-5.461%,3057733606.00,,2026,1165372,Technology,Computer Software: Programming Data Processing
CSR,D/B/A Centerspace Common Stock,$52.39,-0.10,-0.191%,879845571.00,United States,,91860,Real Estate,Real Estate Investment Trusts
CSTM,Constellium SE Ordinary Shares (France),$26.91,0.48,1.816%,3647051160.00,Netherlands,2013,1426620,Industrials,Metal Fabrications
CSV,Carriage Services Inc. Common Stock,$33.11,-0.54,-1.605%,525862821.00,United States,,112337,Consumer Discretionary,Other Consumer Services
CSW,CSW Industrials Inc. Common Stock,$300.82,-8.13,-2.631%,4901406759.00,United States,,108482,Industrials,Home Furnishings
CTA^A,EIDP Inc. Preferred Stock $3.50 Series,$52.42,-0.08,-0.152%,,United States,,146,,
CTA^B,EIDP Inc. Preferred Stock $4.50 Series,$65.50,0.28,0.429%,,United States,,916,,
CTEV,Claritev Corporation Class A Common Stock,$39.35,-0.48,-1.205%,666882669.00,United States,2020,134855,Consumer Discretionary,Business Services
CTGG,Qwest Corporation 6.500% Senior Notes due 2051 (denominations of $25),$16.38,-0.31,-1.857%,0.00,,2026,28542,Telecommunications,Telecommunications Equipment
CTHH,Qwest Corporation 6.750% Senior Notes due 2052 (denominations of $25),$16.90,-0.36,-2.086%,0.00,,2026,28931,Telecommunications,Telecommunications Equipment
CTO,CTO Realty Growth Inc. Common Stock,$21.50,0.16,0.75%,805937261.00,United States,1992,271556,Real Estate,Real Estate Investment Trusts
CTO^A,CTO Realty Growth Inc. 6.375% Series A Cumulative Redeemable Preferred Stock,$21.50,0.00,0.00%,,United States,,1876,,
CTOS,Custom Truck One Source Inc. Common Stock,$8.87,-0.34,-3.692%,2017974095.00,Cayman Islands,2017,1699075,Consumer Discretionary,Diversified Commercial Services
CTRE,CareTrust REIT Inc. Common Stock,$39.93,0.98,2.516%,9435187436.00,United States,2022,2057757,Real Estate,Real Estate Investment Trusts
CTRI,Centuri Holdings Inc. Common Stock,$20.49,0.08,0.392%,2068732956.00,United States,2024,1708287,Utilities,Oil & Gas Production
CTS,CTS Corporation Common Stock,$56.24,-0.23,-0.407%,1606000407.00,United States,,189988,Technology,Electrical Products
CTVA,Corteva Inc. Common Stock ,$87.73,3.10,3.663%,58533105080.00,United States,2019,5567267,Consumer Staples,Farming/Seeds/Milling
CUBB,Customers Bancorp Inc 5.375% Subordinated Notes Due 2034,$21.7828,-0.2622,-1.189%,688848158.00,United States,2019,3229,Finance,Major Banks
CUBE,CubeSmart Common Shares,$39.73,0.01,0.025%,8945696312.00,United States,,2306491,Real Estate,Real Estate Investment Trusts
CUBI,Customers Bancorp Inc Common Stock,$76.42,-1.76,-2.251%,2581757920.00,United States,,248383,Finance,Major Banks
CURB,Curbline Properties Corp. Common Stock,$29.59,-0.24,-0.805%,3403975160.00,United States,2024,1544477,Finance,Real Estate
CURV,Torrid Holdings Inc. Common Stock,$2.18,-0.02,-0.909%,216954431.00,United States,2021,88792,Consumer Discretionary,Clothing/Shoe/Accessory Stores
CUZ,Cousins Properties Incorporated Common Stock,$28.57,-0.42,-1.449%,4702680797.00,United States,,1727342,Real Estate,Real Estate Investment Trusts
CVE,Cenovus Energy Inc Common Stock,$33.13,0.98,3.048%,62118750000.00,Canada,,5839055,Energy,Oil & Gas Production
CVEO,Civeo Corporation (Canada) Common Shares,$33.19,-0.24,-0.718%,343080350.00,,2014,62584,Consumer Discretionary,Hotels/Resorts
CVI,CVR Energy Inc. Common Stock,$42.87,1.01,2.413%,4309746779.00,United States,2007,1097005,Energy,Integrated oil Companies
CVLG,Covenant Logistics Group Inc. Class A Common Stock,$34.19,-1.16,-3.281%,867666230.00,United States,,381308,Industrials,Trucking Freight/Courier Services
CVNA,Carvana Co. Class A Common Stock,$72.18,-1.28,-1.742%,79431474919.00,United States,2017,5619526,Consumer Discretionary,Retail-Auto Dealers and Gas Stations
CVS,CVS Health Corporation Common Stock,$97.60,3.69,3.929%,124827508014.00,United States,,8611431,Consumer Staples,Retail-Drug Stores and Proprietary Stores
CVSA,Covista Inc. Common Shares,$133.58,1.25,0.945%,4546905576.00,United States,,305711,Real Estate,Other Consumer Services
CVX,Chevron Corporation Common Stock,$211.05,4.91,2.382%,416986527378.00,United States,,8549847,Energy,Integrated oil Companies
CW,Curtiss-Wright Corporation Common Stock,$577.99,-4.54,-0.779%,21347739288.00,United States,,344375,Technology,Industrial Machinery/Components
CWEN,Clearway Energy Inc. Class C Common Stock,$31.52,-0.23,-0.724%,5166560139.00,United States,2015,1496009,Utilities,Electric Utilities: Central
CWH,Camping World Holdings Inc. Class A Common Stock,$6.49,0.03,0.464%,670384005.00,United States,2016,1737104,Consumer Discretionary,Retail-Auto Dealers and Gas Stations
CWK,Cushman & Wakefield Ltd. Common Shares,$13.39,-0.10,-0.741%,3142816550.00,United States,2018,2179522,Finance,Real Estate
CWT,California Water Service Group Common Stock,$49.74,-0.23,-0.46%,3075876884.00,United States,,472603,Utilities,Water Supply
CX,Cemex S.A.B. de C.V. Sponsored ADR,$10.45,-0.29,-2.70%,15841323402.00,Mexico,,4165280,Industrials,Building Materials
CXM,Sprinklr Inc. Class A Common Stock,$7.60,-0.61,-7.43%,1780138591.00,United States,2021,7307456,Technology,Computer Software: Prepackaged Software
CXT,Crane NXT Co. Common Stock,$49.16,0.26,0.532%,2829713705.00,United States,,524458,Industrials,Metal Fabrications
CXW,CoreCivic Inc. Common Stock,$32.72,-0.50,-1.505%,3235794960.00,United States,,2194845,Real Estate,Real Estate Investment Trusts
CYD,China Yuchai International Limited Common Stock,$36.73,-1.61,-4.199%,1378047967.00,Singapore,1994,102486,Industrials,Industrial Machinery/Components
CYH,Community Health Systems Inc. Common Stock,$2.93,0.01,0.342%,413157416.00,United States,2000,1128261,Health Care,Hospital/Nursing Management
D,Dominion Energy Inc. Common Stock,$66.38,0.37,0.561%,58382932495.00,United States,,4469786,Utilities,Electric Utilities: Central
DAC,Danaos Corporation Common Stock,$151.09,-0.39,-0.257%,2750363038.00,Greece,2006,102280,Consumer Discretionary,Marine Transportation
DAL,Delta Air Lines Inc. Common Stock,$76.38,-1.62,-2.077%,50229247031.00,United States,,6566642,Consumer Discretionary,Air Freight/Delivery Services
DAN,Dana Incorporated Common Stock ,$29.37,-0.61,-2.035%,3159527062.00,United States,,1341052,Consumer Discretionary,Auto Parts:O.E.M.
DAO,Youdao Inc. American Depositary Shares each representing one Class A Ordinary Share,$16.39,0.00,0.00%,1977201602.00,China,2019,286630,Real Estate,Other Consumer Services
DAR,Darling Ingredients Inc. Common Stock,$67.70,1.43,2.158%,10683257413.00,United States,1997,3209965,Consumer Staples,Packaged Foods
DAVA,Endava plc American Depositary Shares (each representing one Class A Ordinary Share),$3.10,-0.22,-6.627%,168415569.00,United Kingdom,2018,266260,Technology,EDP Services
DB,Deutsche Bank AG Common Stock,$39.58,-0.48,-1.198%,74465812000.00,Germany,,2203851,Finance,Major Banks
DBD,Diebold Nixdorf Incorporated Common stock,$66.65,-1.19,-1.754%,2262540090.00,United States,2023,194480,Miscellaneous,Office Equipment/Supplies/Services
DBI,Designer Brands Inc. Class A Common Stock,$5.22,-0.25,-4.57%,265056352.00,United States,,589047,Consumer Discretionary,Clothing/Shoe/Accessory Stores
DBL,DoubleLine Opportunistic Credit Fund Common Shares of Beneficial Interest,$14.10,-0.03,-0.212%,0.00,United States,2012,88983,,
DBRG,DigitalBridge Group Inc.,$15.91,0.00,0.00%,2983049921.00,United States,2014,5692020,Real Estate,Real Estate Investment Trusts
DBRG^H,DigitalBridge Group Inc. 7.125% Series H ,$15.055,-0.025,-0.166%,,United States,,19757,,
DBRG^I,DigitalBridge Group Inc. 7.15% Series I ,$15.20,-0.02,-0.131%,,United States,,47415,,
DBRG^J,DigitalBridge Group Inc. 7.125% Series J ,$15.4635,-0.0165,-0.107%,,United States,,14488,,
DCBG,Dime Commercial Bancshares Inc. 9.000% Junior Subordinated Notes,$26.51,-0.2401,-0.898%,1037830367.00,United States,,441,Finance,Major Banks
DCH,Dauch Corporation Common Stock,$6.08,-0.18,-2.875%,1444635980.00,United States,,2707726,Consumer Discretionary,Auto Parts:O.E.M.
DCI,Donaldson Company Inc. Common Stock,$89.76,-1.13,-1.243%,10404176387.00,United States,,533045,Industrials,Pollution Control Equipment
DCO,Ducommun Incorporated Common Stock,$168.75,-2.67,-1.558%,2548087706.00,United States,,185696,Industrials,Military/Government/Technical
DCOM,Dime Commercial Bancshares Inc. Common Stock,$39.45,-0.95,-2.351%,1741977673.00,United States,,401354,Finance,Major Banks
DCOM^,Dime Commercial Bancshares Inc. Preferred Stock Series A,$17.25,-0.09,-0.519%,,United States,,12776,,
DD,DuPont de Nemours Inc. Common Stock,$132.11,-2.48,-1.843%,17840527427.00,United States,2017,982900,Industrials,Major Chemicals
DDD,3D Systems Corporation Common Stock,$3.29,0.01,0.305%,546623719.00,United States,,4603950,Technology,Computer Software: Prepackaged Software
DDL,Dingdong (Cayman) Limited American Depositary Shares (each two representing three Ordinary Shares),$2.30,0.04,1.77%,543323676.00,Cayman Islands,2021,201910,Consumer Discretionary,Catalog/Specialty Distribution
DDS,Dillard's Inc. Common Stock,$626.36,0.39,0.062%,9783411856.00,United States,,340183,Consumer Discretionary,Department/Specialty Retail Stores
DDT,Dillard's Capital Trust I,$26.1599,0.1099,0.422%,408603799.00,United States,,7710,Consumer Discretionary,Department/Specialty Retail Stores
DE,Deere & Company Common Stock,$676.08,21.17,3.233%,182288348545.00,United States,,2309657,Industrials,Industrial Machinery/Components
DEA,Easterly Government Properties Inc. Common Stock,$24.51,-0.02,-0.082%,1159852833.00,United States,2015,259501,Real Estate,Real Estate Investment Trusts
DEC,Diversified Energy Company Common Stock,$15.36,0.47,3.156%,1178976630.00,United States,2025,1065918,,
DECK,Deckers Outdoor Corporation Common Stock,$84.58,-2.50,-2.871%,11537915320.00,United States,1993,2860892,Consumer Discretionary,Shoe Manufacturing
DEI,Douglas Emmett Inc. Common Stock,$11.41,-0.15,-1.298%,1911006896.00,United States,2006,1734492,Real Estate,Real Estate Investment Trusts
DELL,Dell Technologies Inc. Class C Common Stock ,$425.00,-31.01,-6.80%,275445896175.00,United States,2018,15436124,Technology,Computer Manufacturing
DEO,Diageo plc Common Stock,$90.06,-1.79,-1.949%,50127679239.00,United Kingdom,,950032,Consumer Staples,Beverages (Production/Distribution)
DFH,Dream Finders Homes Inc. Class A Common Stock,$13.71,-0.34,-2.42%,1241236468.00,United States,2022,572452,Consumer Discretionary,Homebuilding
DFIN,Donnelley Financial Solutions Inc. Common Stock ,$48.16,-0.14,-0.29%,1184032045.00,United States,2016,224526,Consumer Discretionary,Other Consumer Services
DFP,Flaherty & Crumrine Dynamic Preferred and Income Fund Inc. Common Stock,$20.42,-0.08,-0.39%,0.00,,2013,89074,Finance,Investment Managers
DG,Dollar General Corporation Common Stock,$131.09,4.34,3.424%,28920655001.00,United States,2009,3878163,Consumer Discretionary,Department/Specialty Retail Stores
DGAC,Disciplined Growth Acquisition Corporation Class A Ordinary Shares,$9.98,-0.02,-0.20%,0.00,,2026,46635,,
DGX,Quest Diagnostics Incorporated Common Stock,$236.22,-4.08,-1.698%,26072395099.00,United States,,813712,Health Care,Medical Specialities
DHF,BNY Mellon High Yield Strategies Fund Common Stock,$2.37,0.00,0.00%,0.00,United States,1998,394199,Finance,Finance Companies
DHI,D.R. Horton Inc. Common Stock,$141.37,-3.19,-2.207%,39541368116.00,United States,,2006767,Consumer Discretionary,Homebuilding
DHR,Danaher Corporation Common Stock,$206.93,-6.63,-3.105%,145468904154.00,United States,,3149225,Industrials,Industrial Machinery/Components
DHT,DHT Holdings Inc.,$19.69,0.09,0.459%,3170909833.00,Jersey,2005,2436987,Consumer Discretionary,Marine Transportation
DHX,DHI Group Inc. Common Stock,$4.47,0.18,4.196%,194106129.00,United States,2007,449021,Consumer Discretionary,Business Services
DIN,Dine Brands Global Inc. Common Stock,$32.50,-0.58,-1.753%,411422375.00,United States,,330683,Consumer Discretionary,Restaurants
DINO,HF Sinclair Corporation Common Stock,$103.97,2.36,2.323%,18484186781.00,United States,1960,2673065,Energy,Natural Gas Distribution
DIS,Walt Disney Company (The) Common Stock,$106.22,-1.33,-1.237%,183408682730.00,United States,,7033546,Consumer Discretionary,Services-Misc. Amusement & Recreation
DK,Delek US Holdings Inc. Common Stock,$73.34,-1.00,-1.345%,4490767641.00,United States,2017,2004822,Energy,Integrated oil Companies
DKL,Delek Logistics Partners L.P. Common Units representing Limited Partner Interests,$56.01,0.54,0.973%,2979580829.00,United States,2012,82611,Energy,Natural Gas Distribution
DKS,Dick's Sporting Goods Inc Common Stock,$132.95,-2.15,-1.591%,11899362294.00,United States,2002,3547398,Consumer Discretionary,Other Specialty Stores
DLB,Dolby Laboratories Common Stock,$61.43,-0.13,-0.211%,5754074077.00,United States,2005,1073649,Miscellaneous,Multi-Sector Companies
DLNG,Dynagas LNG Partners LP Common Units,$3.79,-0.07,-1.813%,137887822.00,Greece,,77693,Consumer Discretionary,Marine Transportation
DLNG^A,Dynagas LNG Partners LP 9.00% Series A Cumulative Redeemable Preferred Units,$26.6374,0.0474,0.178%,,Greece,,1967,,
DLR,Digital Realty Trust Inc. Common Stock,$183.27,-2.32,-1.25%,67816529976.00,United States,2004,2188827,Real Estate,Real Estate Investment Trusts
DLR^J,Digital Realty Trust Inc. 5.250% Series J Cumulative Redeemable Preferred Stock,$19.39,-0.28,-1.423%,,United States,,18861,,
DLR^K,Digital Realty Trust Inc. 5.850% Series K Cumulative Redeemable Preferred Stock par value $0.01 per share,$22.14,-0.34,-1.512%,,United States,,12036,,
DLR^L,Digital Realty Trust Inc. 5.200% Series L Cumulative Redeemable Preferred Stock,$19.075,-0.375,-1.928%,,United States,,16343,,
DLX,Deluxe Corporation Common Stock,$22.83,-0.27,-1.169%,1046899101.00,United States,,515897,Consumer Discretionary,Publishing
DLY,DoubleLine Yield Opportunities Fund Common Shares of Beneficial Interest,$13.78,-0.09,-0.649%,660692835.00,United States,2020,197840,Finance,Investment Managers
DMA,Destra Multi-Alternative Fund Common Stock,$7.595,-0.015,-0.197%,0.00,,2022,11229,Finance,Trusts Except Educational Religious and Charitable
DMB,BNY Mellon Municipal Bond Infrastructure Fund Inc. Common Stock,$10.48,-0.14,-1.318%,0.00,,2013,47258,Finance,Trusts Except Educational Religious and Charitable
DMC,Del Monte Corporation Ordinary Shares,$32.14,0.46,1.452%,1515279447.00,Cayman Islands,,369666,Consumer Staples,Farming/Seeds/Milling
DMO,Western Asset Mortgage Opportunity Fund Inc. Common Stock,$10.20,-0.02,-0.196%,0.00,United States,2010,24294,Finance,Trusts Except Educational Religious and Charitable
DNA,Ginkgo Bioworks Holdings Inc. Class A Common Stock,$6.93,0.12,1.762%,445878120.00,United States,2021,1797889,Health Care,Biotechnology: Biological Products (No Diagnostic Substances)
DNOW,DNOW Inc. Common Stock,$15.88,-0.15,-0.936%,2870879949.00,United States,2014,1859218,Consumer Discretionary,Oil and Gas Field Machinery
DNP,DNP Select Income Fund Inc. Common Stock,$10.80,-0.01,-0.093%,0.00,United States,1987,645955,Finance,Investment Managers
DOC,Healthpeak Properties Inc. Common Stock,$20.82,0.00,0.00%,14355957553.00,United States,,4504288,Real Estate,Real Estate Investment Trusts
DOCN,DigitalOcean Holdings Inc. Common Stock,$108.92,-1.77,-1.599%,12806764586.00,United States,2021,2120722,Technology,Computer Software: Programming Data Processing
DOCS,Doximity Inc. Class A Common Stock,$26.35,-0.36,-1.348%,4696781573.00,United States,2021,2029491,Technology,EDP Services
DOLE,Dole plc Ordinary Shares,$13.85,0.00,0.00%,1308254477.00,Ireland,2021,1166053,Consumer Staples,Farming/Seeds/Milling
DOUG,Douglas Elliman Inc. Common Stock,$1.77,-0.08,-4.324%,160876137.00,United States,2021,315517,Finance,Real Estate
DOV,Dover Corporation Common Stock,$189.93,-4.30,-2.214%,25579815134.00,United States,,1468552,Industrials,Industrial Machinery/Components
DOW,Dow Inc. Common Stock ,$30.46,-0.06,-0.197%,22002498057.00,United States,2019,7678814,Industrials,Major Chemicals
DPC,DPC Holdings PLC Ordinary Shares,$41.48,-0.48,-1.144%,6196822304.00,,2026,1138971,Telecommunications,Metal Fabrications
DPG,Duff & Phelps Utility and Infrastructure Fund Inc.,$14.33,-0.09,-0.624%,0.00,United States,2011,48792,Finance,Trusts Except Educational Religious and Charitable
DQ,DAQO New Energy Corp. American Depositary Shares each representing five ordinary shares,$12.96,0.07,0.543%,876953136.00,China,2010,872782,Technology,Semiconductors
DRD,DRDGOLD Limited American Depositary Shares,$27.71,-0.52,-1.842%,2395775315.00,South Africa,,338836,Basic Materials,Precious Metals
DRI,Darden Restaurants Inc. Common Stock,$215.56,1.30,0.607%,24590646998.00,United States,,1020846,Consumer Discretionary,Restaurants
DSL,DoubleLine Income Solutions Fund Common Shares of Beneficial Interests,$10.58,-0.06,-0.564%,1079126440.00,United States,2013,710603,Finance,Trusts Except Educational Religious and Charitable
DSM,BNY Mellon Strategic Municipal Bond Fund Inc. Common Stock,$5.78,-0.04,-0.687%,0.00,United States,1989,149322,Finance,Investment Managers
DSU,Blackrock Debt Strategies Fund Inc. Common Stock,$9.42,-0.07,-0.738%,0.00,United States,1998,190750,Finance,Finance Companies
DSX,Diana Shipping inc. common stock,$2.75,0.02,0.733%,342137678.00,Greece,2005,461821,Consumer Discretionary,Marine Transportation
DSX^B,Diana Shipping Inc. Perpetual Preferred Shares Series B (Marshall Islands),$27.467,0.267,0.982%,,Greece,,608,,
DT,Dynatrace Inc. Common Stock,$52.86,-1.73,-3.169%,15276652486.00,United States,2019,4909812,Technology,Computer Software: Prepackaged Software
DTB,DTE Energy Company 2020 Series G 4.375% Junior Subordinated Debentures due 2080,$15.61,-0.14,-0.889%,3248254757.00,United States,2020,23519,Utilities,Electric Utilities: Central
DTE,DTE Energy Company Common Stock,$136.06,0.43,0.317%,28312462668.00,United States,,1050273,Utilities,Electric Utilities: Central
DTF,DTF Tax-Free Income 2028 Term Fund Inc. Common Stock,$11.545,-0.025,-0.216%,81156351.00,United States,1991,2450,Finance,Investment Managers
DTG,DTE Energy Company 2021 Series E 4.375% Junior Subordinated Debentures,$15.755,-0.215,-1.346%,3278427527.00,United States,2021,20054,Utilities,Electric Utilities: Central
DTK,DTE Energy Company 2025 Series H 6.25% Junior Subordinated Debentures due 2085,$22.84,-0.29,-1.254%,0.00,United States,2025,40138,Utilities,Electric Utilities: Central
DTM,DT Midstream Inc. Common Stock ,$129.99,-1.03,-0.786%,13260968327.00,United States,2021,739781,Utilities,Natural Gas Distribution
DTW,DTE Energy Company 2017 Series E 5.25% Junior Subordinated Debentures due 2077,$19.27,-0.21,-1.078%,4009857090.00,United States,2017,22131,Utilities,Electric Utilities: Central
DUK,Duke Energy Corporation (Holding Company) Common Stock,$120.39,0.48,0.40%,93868347015.00,United States,,3174661,Utilities,Power Generation
DUK^A,Duke Energy Corporation Depositary Shares each representing a 1/1000th interest in a share of 5.75% Series A Cumulative Redeemable Perpetual Preferred Stock,$23.73,-0.10,-0.42%,,United States,,108514,,
DUKB,Duke Energy Corporation 5.625% Junior Subordinated Debentures due 2078,$21.95,-0.15,-0.679%,17114463136.00,United States,2018,35355,Utilities,Power Generation
DUKU,Duke Energy Corporation Corporate Units,$49.88,0.47,0.951%,0.00,United States,2026,662504,Utilities,Power Generation
DV,DoubleVerify Holdings Inc. Common Stock,$13.36,-0.04,-0.299%,2070624276.00,United States,2021,1417268,Technology,Computer Software: Programming Data Processing
DVA,DaVita Inc. Common Stock,$176.14,0.13,0.074%,11237732000.00,United States,,672606,Health Care,Misc Health and Biotechnology Services
DVN,Devon Energy Corporation Common Stock,$49.05,0.54,1.113%,53955000000.00,United States,1985,10284362,Energy,Oil & Gas Production
DX,Dynex Capital Inc. Common Stock,$12.74,-0.15,-1.164%,3161646523.00,United States,,4877669,Real Estate,Real Estate Investment Trusts
DX^C,Dynex Capital Inc. 6.900% Series C Fixed-to-Floating Rate Cumulative Redeemable Preferred Stock,$25.83,-0.06,-0.232%,,United States,,3618,,
DXC,DXC Technology Company Common Stock ,$11.16,-0.14,-1.239%,1783130169.00,United States,,1861229,Technology,EDP Services
DXYZ,Destiny Tech100 Inc. Common Stock,$31.60,-0.53,-1.65%,0.00,,2024,1114205,,
DY,Dycom Industries Inc. Common Stock,$287.30,-3.91,-1.343%,8665242946.00,United States,,605730,Industrials,Water Sewer Pipeline Comm & Power Line Construction
E,ENI S.p.A. Common Stock,$55.53,0.73,1.332%,87369933390.00,Italy,,482619,Energy,Oil & Gas Production
EAF,GrafTech International Ltd. Common Stock,$7.11,-0.09,-1.25%,185515286.00,United States,2018,358901,Energy,Industrial Machinery/Components
EAI,Entergy Arkansas LLC First Mortgage Bonds 4.875% Series Due September 1 2066,$19.52,-0.01,-0.051%,9108646841.00,United States,2016,28964,Utilities,Electric Utilities: Central
EARN,Ellington Credit Company Common Shares of Beneficial Interest,$4.31,-0.06,-1.373%,161880130.00,United States,2013,355547,Real Estate,Real Estate Investment Trusts
EAT,Brinker International Inc. Common Stock,$233.98,5.48,2.398%,9772177040.00,United States,,987659,Consumer Discretionary,Restaurants
EBF,Ennis Inc. Common Stock,$21.09,-0.25,-1.172%,533540556.00,United States,,101474,Consumer Discretionary,Office Equipment/Supplies/Services
EBS,Emergent BioSolutions Inc. Common Stock,$6.22,0.12,1.967%,318920150.00,United States,2006,972367,Health Care,Biotechnology: Pharmaceutical Preparations
EC,Ecopetrol S.A. American Depositary Shares,$17.45,0.78,4.679%,35874316126.00,Colombia,,2886209,Energy,Oil & Gas Production
ECAT,BlackRock ESG Capital Allocation Term Trust Common Shares of Beneficial Interest,$15.18,-0.18,-1.172%,1641489300.00,United States,2021,505893,Finance,Finance/Investors Services
ECC           ,Eagle Point Credit Company Common Share of Beneficial Interest,$3.88,-0.10,-2.513%,235370593.00,United States,2014,799678,Finance,Trusts Except Educational Religious and Charitable
ECC^D,Eagle Point Credit Company 6.75% Series D Preferred Stock,$18.6699,0.0399,0.214%,,United States,,6649,,
ECCC,Eagle Point Credit Company 6.50% Series C Term Preferred Stock due 2031,$25.05,-0.05,-0.199%,1519596226.00,United States,,5834,Finance,Trusts Except Educational Religious and Charitable
ECCU,Eagle Point Credit Company 7.75% Notes due 2030,$25.62,0.05,0.196%,0.00,United States,2024,15829,,
ECCV,Eagle Point Credit Company 5.375% Notes due 2029,$24.195,-0.055,-0.227%,1467729768.00,United States,2022,3168,Finance,Trusts Except Educational Religious and Charitable
ECG,Everus Construction Group Inc. Common Stock,$113.70,-1.43,-1.242%,5805958153.00,United States,2024,621230,Consumer Discretionary,Homebuilding
ECL,Ecolab Inc. Common Stock,$280.25,-2.95,-1.042%,78562090991.00,United States,,1356526,Consumer Discretionary,Package Goods/Cosmetics
ECO,Okeanis Eco Tankers Corp. Common Stock,$67.96,1.22,1.828%,2653474754.00,,,444229,Consumer Discretionary,Marine Transportation
ECVT,Ecovyst Inc. Common Stock,$10.10,-0.07,-0.688%,1105630820.00,United States,2017,1196674,Industrials,Major Chemicals
ED,Consolidated Edison Inc. Common Stock,$107.70,0.68,0.635%,39830543774.00,United States,,1863507,Utilities,Power Generation
EDD,Morgan Stanley Emerging Markets Domestic Debt Fund Inc. Common Stock,$5.79,-0.09,-1.531%,0.00,United States,2007,268676,Finance,Finance Companies
EDF,Virtus Stone Harbor Emerging Markets Income Fund Common Shares of Beneficial Interest,$5.23,-0.01,-0.191%,0.00,United States,2010,52089,Finance,Investment Managers
EDN,Empresa Distribuidora Y Comercializadora Norte S.A. (Edenor) American Depositary Shares,$23.71,0.10,0.424%,1072709681.00,Argentina,2007,92281,Utilities,Electric Utilities: Central
EDU,New Oriental Education & Technology Group Inc. Sponsored ADR representing 10 Ordinary Share (Cayman Islands),$59.06,1.36,2.357%,9399147818.00,China,2006,1351799,Real Estate,Other Consumer Services
EE,Excelerate Energy Inc. Class A Common Stock,$39.01,-0.61,-1.54%,4423816116.00,United States,2022,277270,Utilities,Oil/Gas Transmission
EEA,The European Equity Fund Inc. Common Stock,$11.01,-0.14,-1.256%,0.00,United States,,16333,Finance,Trusts Except Educational Religious and Charitable
EFC,Ellington Financial Inc. Common Stock ,$13.26,-0.12,-0.897%,1709046738.00,United States,2010,1233028,Finance,Real Estate
EFC^B,Ellington Financial Inc. 6.250% Series B Fixed-Rate Reset Cumulative Redeemable Preferred Stock,$25.14,0.07,0.279%,,United States,,3119,,
EFC^C,Ellington Financial Inc. 8.625% Series C Fixed-Rate Reset Cumulative Redeemable Preferred Stock,$25.53,-0.06,-0.234%,,United States,,1188,,
EFC^D,Ellington Financial Inc. 7.00% Series D Cumulative Perpetual Redeemable Preferred Stock,$23.5278,0.1678,0.718%,,United States,,1212,,
EFOR,Everforth Inc. Common Stock,$30.28,-2.14,-6.601%,1241480000.00,United States,,676471,Consumer Discretionary,Professional Services
EFR,Eaton Vance Senior Floating-Rate Fund Common Shares of Beneficial Interest,$10.50,-0.03,-0.285%,0.00,United States,2003,122978,Finance,Trusts Except Educational Religious and Charitable
EFT,Eaton Vance Floating Rate Income Trust Common Shares of Beneficial Interest,$10.64,-0.04,-0.375%,309522016.00,United States,2004,117555,Finance,Finance Companies
EFX,Equifax Inc. Common Stock,$186.20,-2.96,-1.565%,21875687635.00,United States,,808586,Finance,Finance: Consumer Services
EFXT,Enerflex Ltd Common Shares,$20.36,-0.04,-0.196%,2486014698.00,Canada,2022,1131356,Industrials,Industrial Machinery/Components
EG,Everest Group Ltd. Common Stock,$378.61,3.96,1.057%,14516942520.00,Bermuda,,369372,Finance,Property-Casualty Insurers
EGY,VAALCO Energy Inc.  Common Stock,$5.99,0.05,0.842%,630098750.00,United States,,1428352,Energy,Oil & Gas Production
EHC,Encompass Health Corporation Common Stock,$122.05,1.84,1.531%,12040645517.00,United States,,1034890,Health Care,Hospital/Nursing Management
EHI,Western Asset Global High Income Fund Inc Common Stock,$5.69,-0.01,-0.175%,0.00,United States,2003,376719,Finance,Investment Managers
EIC,Eagle Point Income Company Common Shares of Beneficial Interest,$10.00,0.00,0.00%,89081080.00,United States,2019,127757,Finance,Finance/Investors Services
EICA,Eagle Point Income Company 5.00% Series A Term Preferred Shares due 2026,$24.975,-0.005,-0.02%,222479997.00,United States,2021,356,Finance,Finance/Investors Services
EIG,Employers Holdings Inc Common Stock,$49.12,0.03,0.061%,882220055.00,United States,2007,147881,Finance,Property-Casualty Insurers
EIIA,Eagle Point Institutional Income Fund 8.125% Series A Term Preferred Shares Due 2029,$25.17,0.02,0.08%,0.00,,2024,1472,,
EIX,Edison International Common Stock,$58.80,4.82,8.929%,22627061965.00,United States,,24587515,Utilities,Electric Utilities: Central
EL,Estee Lauder Companies Inc. (The) Common Stock,$100.00,-2.30,-2.248%,36179856700.00,United States,1995,2910090,Consumer Discretionary,Package Goods/Cosmetics
ELAN,Elanco Animal Health Incorporated Common Stock,$23.91,-0.01,-0.042%,11945957955.00,United States,2018,3946839,Health Care,Biotechnology: Pharmaceutical Preparations
ELC,Entergy Louisiana Inc. Collateral Trust Mortgage Bonds 4.875 % Series due September 1 2066,$19.51,-0.17,-0.864%,4160264640.00,United States,2016,15540,Utilities,Electric Utilities: Central
ELF,e.l.f. Beauty Inc. Common Stock,$105.54,-3.51,-3.219%,6227703898.00,United States,2016,1715810,Consumer Discretionary,Package Goods/Cosmetics
ELLA,Ellington Credit Company 8.50% Notes due 2031,$25.41,-0.0399,-0.157%,0.00,United States,2026,10954,Real Estate,Real Estate Investment Trusts
ELME,Elme Communities Common Stock,$1.68,0.00,0.00%,149281243.00,United States,2000,922744,Real Estate,Real Estate Investment Trusts
ELPC,Companhia Paranaense de Energia (COPEL) American Depositary Shares (each representing four (4) Common Shares),$11.76,0.29,2.528%,8769463140.00,Brazil,2023,523902,Utilities,Electric Utilities: Central
ELS,Equity Lifestyle Properties Inc. Common Stock,$63.16,-0.29,-0.457%,12257121336.00,United States,,1576220,Real Estate,Real Estate Investment Trusts
ELV,Elevance Health Inc. Common Stock,$403.04,10.50,2.675%,87406998642.00,United States,,1103000,Health Care,Medical Specialities
EMA,Emera Incorporated Common Shares,$50.10,0.01,0.02%,15390720000.00,Canada,2025,300327,Utilities,Electric Utilities: Central
EMBJ,Embraer S.A. Common Stock,$71.71,0.15,0.21%,12957389975.00,Brazil,,1377098,Industrials,Aerospace
EMD,Western Asset Emerging Markets Debt Fund Inc Common Stock,$10.51,-0.11,-1.036%,0.00,United States,,131273,Finance,Finance/Investors Services
EME,EMCOR Group Inc. Common Stock,$735.25,0.71,0.097%,32431804710.00,United States,,355140,Industrials,Engineering & Construction
EMF,Templeton Emerging Markets Fund Common Stock,$22.46,0.01,0.045%,0.00,United States,1987,59743,Finance,Finance/Investors Services
EMN,Eastman Chemical Company Common Stock,$70.14,-2.30,-3.175%,8022432309.00,United States,,999102,Industrials,Major Chemicals
EMO,ClearBridge Energy Midstream Opportunity Fund Inc. Common Stock,$55.87,1.09,1.99%,0.00,United States,2011,96904,Finance,Investment Managers
EMP,Entergy Mississippi LLC First Mortgage Bonds 4.90% Series Due October 1 2066,$19.90,-0.10,-0.50%,9285966810.00,United States,2016,8445,Utilities,Electric Utilities: Central
EMR,Emerson Electric Company Common Stock,$147.63,-4.81,-3.155%,82348014000.00,United States,,2700365,Technology,Consumer Electronics/Appliances
ENB,Enbridge Inc Common Stock,$50.72,0.15,0.297%,110752085437.00,Canada,,5869461,Energy,Natural Gas Distribution
ENHA,Enhanced Group Inc. Class A Common Stock,$1.54,-0.07,-4.348%,608879135.00,Singapore,,613410,Consumer Discretionary,Services-Misc. Amusement & Recreation
ENIC,Enel Chile S.A. American Depositary Shares (Each representing 50 shares of Common Stock),$4.31,-0.03,-0.691%,5962157231.00,Chile,2016,1014226,Utilities,Electric Utilities: Central
ENJ,Entergy New Orleans LLC First Mortgage Bonds 5.0% Series due December 1 2052,$19.53,0.20,1.035%,9113313156.00,United States,,120,Utilities,Power Generation
ENO,Entergy New Orleans LLC First Mortgage Bonds 5.50% Series due April 1 2066,$20.855,0.015,0.072%,4459442293.00,United States,2016,2590,Utilities,Power Generation
ENOV,Enovis Corporation Common Stock,$20.53,-4.06,-16.511%,1183954712.00,United States,,4226100,Health Care,Industrial Specialties
ENR,Energizer Holdings Inc. Common Stock,$20.77,-1.01,-4.637%,1422405140.00,United States,2015,1029458,Miscellaneous,Industrial Machinery/Components
ENS,EnerSys Common Stock,$181.09,-2.77,-1.507%,6531051414.00,United States,2004,734285,Miscellaneous,Industrial Machinery/Components
ENVA,Enova International Inc. Common Stock,$221.14,-5.58,-2.461%,5506025763.00,United States,2014,397103,Finance,Finance: Consumer Services
EOD,Allspring Global Dividend Opportunity Fund Common Shares of Beneficial Interest,$6.58,-0.07,-1.053%,0.00,United States,2007,96257,Finance,Investment Managers
EOG,EOG Resources Inc. Common Stock,$148.35,3.39,2.339%,77813903260.00,United States,,3781773,Energy,Oil & Gas Production
EOI,Eaton Vance Enhance Equity Income Fund Eaton Vance Enhanced Equity Income Fund Shares of Beneficial Interest,$19.93,-0.23,-1.141%,0.00,United States,2004,63235,Finance,Finance/Investors Services
EOS,Eaton Vance Enhance Equity Income Fund II Common Stock,$21.43,-0.20,-0.925%,0.00,,2005,115908,Finance,Trusts Except Educational Religious and Charitable
EOT,Eaton Vance Municipal Income Trust EATON VANCE NATIONAL MUNICIPAL OPPORTUNITIES TRUST,$16.96,-0.29,-1.681%,264998660.00,United States,2009,34974,Finance,Investment Bankers/Brokers/Service
EP^C,El Paso Corporation Preferred Stock,$50.36,-0.24,-0.474%,,United States,,602,,
EPAC,Enerpac Tool Group Corp. Common Stock,$36.63,-0.69,-1.849%,1873171973.00,United States,,384395,Technology,Industrial Machinery/Components
EPAM,EPAM Systems Inc. Common Stock,$116.34,-1.49,-1.265%,6001629370.00,United States,2012,1111259,Technology,EDP Services
EPC,Edgewell Personal Care Company Common Stock,$27.94,-0.78,-2.716%,1287724285.00,United States,,449845,Consumer Discretionary,Package Goods/Cosmetics
EPD,Enterprise Products Partners L.P. Common Stock,$39.28,0.46,1.185%,84824263198.00,United States,,2295495,Utilities,Natural Gas Distribution
EPR,EPR Properties Common Stock,$59.36,0.65,1.107%,4547505610.00,United States,1997,718744,Real Estate,Real Estate Investment Trusts
EPR^C,EPR Properties 5.75% Series C Cumulative Convertible Preferred Shares,$26.18,-0.04,-0.153%,,United States,,610,,
EPR^E,EPR Properties Series E Cumulative Conv Pfd Shs Ser E,$32.07,0.07,0.219%,,United States,,2107,,
EPR^G,EPR Properties 5.750% Series G Cumulative Redeemable Preferred Shares,$21.35,-0.01,-0.047%,,United States,,6264,,
EPRT,Essential Properties Realty Trust Inc. Common Stock,$30.12,0.12,0.40%,6514142880.00,United States,2018,1458051,Real Estate,Real Estate Investment Trusts
EQBK,Equity Bancshares Inc. Class A Common Stock,$48.99,-0.37,-0.75%,1008826085.00,United States,,62204,Finance,Major Banks
EQH,Equitable Holdings Inc. Common Stock,$49.36,-0.77,-1.536%,13477015350.00,United States,2018,1929968,Finance,Specialty Insurers
EQH^A,Equitable Holdings Inc. Depositary Shares,$18.96,-0.03,-0.158%,,United States,,58046,,
EQH^C,Equitable Holdings Inc. Depositary Shares each representing a 1/1000th interest in a share of Fixed Rate Noncumulative Perpetual Preferred Stock Series C,$16.55,-0.15,-0.898%,,United States,,33690,,
EQNR,Equinor ASA,$44.23,1.43,3.341%,110586987657.00,Norway,,2512210,Energy,Integrated oil Companies
EQS,Equus Total Return Inc. Common Stock,$1.02,0.00,0.00%,14246030.00,United States,,9179,Finance,Finance/Investors Services
EQT,EQT Corporation Common Stock,$55.59,1.41,2.602%,34772434440.00,United States,,5788538,Energy,Oil & Gas Production
ERO,Ero Copper Corp. Common Shares,$34.82,-2.31,-6.221%,3630958846.00,Canada,2021,2502216,Basic Materials,Metal Mining
EROC,ERock Inc. Class A Common Stock,$11.41,-0.39,-3.305%,2503354913.00,,2026,1287704,Energy,Industrial Machinery/Components
EROK,EagleRock Land LLC Class A shares representing limited liability company interests,$25.23,-0.17,-0.669%,3318238751.00,,2026,91045,Energy,Oil & Gas Production
ES,Eversource Energy (D/B/A) Common Stock,$70.50,0.36,0.513%,26555570157.00,United States,,1563938,Utilities,Electric Utilities: Central
ESAB,ESAB Corporation Common Stock,$74.04,-1.34,-1.778%,4602904652.00,United States,2022,904306,Industrials,Industrial Machinery/Components
ESE,ESCO Technologies Inc. Common Stock,$267.63,-5.40,-1.978%,6933642156.00,United States,,231778,Telecommunications,Telecommunications Equipment
ESI,Element Solutions Inc. Common Stock,$34.36,-1.18,-3.32%,8373219805.00,United States,2014,7651962,Industrials,Major Chemicals
ESNT,Essent Group Ltd. Common Shares,$68.09,0.53,0.784%,6119690408.00,Bermuda,2013,533904,Finance,Property-Casualty Insurers
ESRT,Empire State Realty Trust Inc. Class A Common Stock,$4.39,-0.14,-3.091%,755807173.00,United States,2013,3244093,Real Estate,Real Estate Investment Trusts
ESS,Essex Property Trust Inc. Common Stock,$279.00,-3.96,-1.399%,17930894481.00,United States,1994,805052,Real Estate,Real Estate Investment Trusts
ESTC,Elastic N.V. Ordinary Shares,$92.39,-5.16,-5.29%,9700144359.00,United States,2018,2862016,Technology,Computer Software: Prepackaged Software
ET,Energy Transfer LP Common Units ,$21.42,-0.09,-0.418%,73755477453.00,United States,,9237597,Utilities,Natural Gas Distribution
ET^I,Energy Transfer L.P. Series I Fixed Rate Perpetual Preferred Units,$11.43,0.01,0.088%,,United States,,30050,,
ETB,Eaton Vance Tax-Managed Buy-Write Income Fund Eaton Vance Tax-Managed Buy-Write Income Fund Common Shares of Beneficial Interest,$15.60,-0.12,-0.763%,458193809.00,United States,2005,41361,Finance,Investment Bankers/Brokers/Service
ETD,Ethan Allen Interiors Inc. Common Stock,$23.95,0.30,1.268%,609439819.00,United States,,954575,Consumer Discretionary,Home Furnishings
ETG,Eaton Vance Tax-Advantaged Global Dividend Income Fund Common Shares of Beneficial Interest,$24.00,-0.25,-1.031%,0.00,United States,2004,65286,Finance,Investment Managers
ETI^,Entergy Texas Inc 5.375% Series A Preferred Stock Cumulative No Par Value,$23.045,-0.555,-2.352%,,United States,,2241,,
ETJ,Eaton Vance Risk-Managed Diversified Equity Income Fund Common Shares of Beneficial Interest,$8.36,-0.14,-1.647%,0.00,United States,2007,122261,Finance,Finance Companies
ETN,Eaton Corporation PLC Ordinary Shares,$390.71,-11.17,-2.779%,151751764000.00,Ireland,,2022239,Technology,Industrial Machinery/Components
ETO,Eaton Vance Tax-Advantage Global Dividend Opp Common Stock,$31.55,-0.23,-0.724%,517045754.00,United States,2004,11712,Finance,Investment Managers
ETR,Entergy Corporation Common Stock,$107.02,0.71,0.668%,49938902916.00,United States,,2293721,Utilities,Electric Utilities: Central
ETSS,Energy Transition Special Opportunities Class A Ordinary Shares,$9.92,-0.01,-0.101%,0.00,,2026,235560,Finance,Blank Checks
ETSY,Etsy Inc. Common Stock,$81.75,0.42,0.516%,7503157899.00,United States,2025,2170465,Consumer Discretionary,Business Services
ETV,Eaton Vance Corporation Eaton Vance Tax-Managed Buy-Write Opportunities Fund Common Shares of Beneficial Interest,$15.20,-0.17,-1.106%,1660878905.00,United States,2005,124699,Finance,Investment Bankers/Brokers/Service
ETW,Eaton Vance Corporation Eaton Vance Tax-Managed Global Buy-Write Opportunites Fund Common Shares of Beneficial Interest,$9.80,-0.09,-0.91%,1074058303.00,United States,2005,368712,Finance,Investment Managers
ETX           ,Eaton Vance Municipal Income 2028 Term Trust Common Shares of Beneficial Interest,$18.15,-0.02,-0.11%,197561951.00,,2013,12246,Finance,Investment Managers
ETY,Eaton Vance Tax-Managed Diversified Equity Income Fund Common Shares of Beneficial Interest,$14.32,-0.16,-1.105%,0.00,United States,2006,739227,Finance,Finance Companies
EVAC,EQV Ventures Acquisition Corp. II Class A Ordinary Shares,$10.30,0.005,0.049%,0.00,,2025,253665,Industrials,Fluid Controls
EVC,Entravision Communications Corporation Common Stock,$8.03,0.04,0.501%,741075089.00,United States,2000,1128638,Industrials,Broadcasting
EVEX,Eve Holding Inc. Common Stock,$2.20,-0.05,-2.222%,766669933.00,United States,2022,1166510,Industrials,Aerospace
EVF,Eaton Vance Senior Income Trust Common Stock,$4.94,-0.03,-0.604%,86641959.00,United States,1998,61295,Finance,Investment Bankers/Brokers/Service
EVG,Eaton Vance Short Diversified Income Fund Eaton Vance Short Duration Diversified Income Fund Common Shares of Beneficial Interest,$10.68,-0.04,-0.373%,0.00,United States,2005,19871,Finance,Investment Managers
EVH,Evolent Health Inc Class A Common Stock,$4.28,-0.22,-4.889%,483893954.00,United States,2015,2830159,Consumer Discretionary,Other Consumer Services
EVMN,Evommune Inc. Common Stock,$12.48,-0.18,-1.422%,452925570.00,United States,2025,278489,Health Care,Biotechnology: Pharmaceutical Preparations
EVN,Eaton Vance Municipal Income Trust Common Stock,$10.61,-0.16,-1.486%,420868599.00,United States,1999,44462,Finance,Investment Managers
EVR,Evercore Inc. Class A Common Stock,$286.23,-0.20,-0.07%,11007769797.00,United States,2006,572034,Finance,Investment Managers
EVT,Eaton Vance Tax Advantaged Dividend Income Fund Common Shares of Beneficial Interest,$28.59,-0.25,-0.867%,0.00,United States,2003,87956,Finance,Finance Companies
EVTC,Evertec Inc. Common Stock,$29.16,-0.47,-1.586%,1742384125.00,Puerto Rico,2013,364355,Technology,EDP Services
EVTL,Vertical Aerospace Ltd. Ordinary Shares,$0.6001,-0.0781,-11.516%,103051357.00,,2021,5221874,Industrials,Aerospace
EW,Edwards Lifesciences Corporation Common Stock,$90.74,-0.01,-0.011%,52302536000.00,United States,,2540146,Health Care,Industrial Specialties
EXG,Eaton Vance Tax-Managed Global Diversified Equity Income Fund Common Shares of Beneficial Interest,$9.85,-0.14,-1.401%,0.00,United States,2007,320403,Finance,Finance Companies
EXK,Endeavour Silver Corporation Ordinary Shares (Canada),$10.24,-0.47,-4.388%,3031744532.00,Canada,,7927253,Basic Materials,Precious Metals
EXP,Eagle Materials Inc Common Stock,$191.53,-2.73,-1.405%,5875244997.00,United States,,524333,Industrials,Building Materials
EXPD,Expeditors International of Washington Inc. Common Stock,$187.70,-1.95,-1.028%,24399239749.00,United States,,797665,Industrials,Integrated Freight & Logistics
EXR,Extra Space Storage Inc Common Stock,$140.12,-0.98,-0.695%,29603090467.00,United States,2004,1562267,Real Estate,Real Estate Investment Trusts
F,Ford Motor Company Common Stock,$13.84,-0.10,-0.717%,54207731299.00,United States,,50066780,Industrials,Auto Manufacturing
F^B,Ford Motor Company 6.20% Notes due June 1 2059,$20.04,-0.10,-0.497%,,United States,,39917,,
F^C,Ford Motor Company 6% Notes due December 1 2059,$19.41,-0.10,-0.513%,,United States,,61557,,
F^D,Ford Motor Company 6.500% Notes due August 15 2062,$20.83,-0.07,-0.335%,,United States,,22571,,
FAF,First American Corporation (New) Common Stock,$73.59,-0.33,-0.446%,7513539000.00,United States,,858084,Finance,Specialty Insurers
FBIN,Fortune Brands Innovations Inc. Common Stock,$42.77,-1.56,-3.519%,5105518071.00,United States,,1955918,Basic Materials,Forest Products
FBK,FB Financial Corporation Common Stock,$55.51,-1.45,-2.546%,2774286440.00,United States,2016,367633,Finance,Major Banks
FBP,First BanCorp. New Common Stock,$27.85,-0.03,-0.108%,4251811264.00,Puerto Rico,,1361505,Finance,Major Banks
FBRT,Franklin BSP Realty Trust Inc. Common Stock,$8.34,-0.03,-0.358%,692598769.00,United States,2021,2265064,Real Estate,Real Estate Investment Trusts
FBRT^E,Franklin BSP Realty Trust Inc. 7.50% Series E Cumulative Redeemable Preferred Stock,$19.33,-0.15,-0.77%,,United States,,8288,,
FC,Franklin Covey Company Common Stock,$19.51,-0.84,-4.128%,220343462.00,United States,,45821,Consumer Discretionary,Other Consumer Services
FCBM,First Carolina Financial Services Inc. Common Stock,$12.55,-0.11,-0.869%,389914093.00,,2026,60136,Finance,Major Banks
FCF,First Commonwealth Financial Corporation Common Stock,$20.53,-0.17,-0.821%,2074678140.00,United States,,838693,Finance,Major Banks
FCN,FTI Consulting Inc. Common Stock,$151.36,0.79,0.525%,4179287992.00,United States,1999,226144,Consumer Discretionary,Professional Services
FCPT,Four Corners Property Trust Inc. Common Stock,$24.84,-0.04,-0.161%,2726349125.00,United States,2015,1636378,Real Estate,Real Estate Investment Trusts
FCRS,FutureCrest Acquisition Corp. Class A Ordinary Shares,$10.225,0.005,0.049%,0.00,,2025,6292,Finance,Blank Checks
FCX,Freeport-McMoRan Inc. Common Stock,$72.47,-3.27,-4.317%,104068189892.00,United States,,12799374,Basic Materials,Metal Mining
FDS,FactSet Research Systems Inc. Common Stock,$305.44,-8.11,-2.587%,10863139454.00,United States,2000,952227,Technology,Computer Software: Programming Data Processing
FDX,FedEx Corporation Common Stock,$324.88,-2.52,-0.77%,76889490923.00,United States,,1813594,Consumer Discretionary,Air Freight/Delivery Services
FDXF,FedEx Freight Holding Company Inc. Common Stock,$127.57,-6.17,-4.613%,19074028227.00,United States,2026,1045011,Consumer Discretionary,Air Freight/Delivery Services
FE,FirstEnergy Corp. Common Stock,$46.16,0.30,0.654%,26710019261.00,United States,,5257684,Utilities,Electric Utilities: Central
FEDU,Four Seasons Education (Cayman) Inc. American Depositary Shares each ADS representing 10 ordinary shares,$9.6841,-0.1759,-1.784%,21899992.00,,2017,475,Real Estate,Other Consumer Services
FENG,Phoenix New Media Limited American Depositary Shares each representing 48 Class A ordinary shares.,$1.47,-0.03,-2.00%,17655841.00,China,2011,2391,Industrials,Broadcasting
FERG,Ferguson Enterprises Inc. Common Stock,$218.91,-5.60,-2.494%,42348734278.00,United Kingdom,2021,1925714,Miscellaneous,Miscellaneous
FET,Forum Energy Technologies Inc. Common Stock,$82.25,0.28,0.342%,943629493.00,United States,2012,202917,Consumer Discretionary,Oil and Gas Field Machinery
FF,FutureFuel Corp.  Common shares,$5.46,0.19,3.605%,239493716.00,United States,,394412,Industrials,Major Chemicals
FFA,First Trust Enhanced Equity Income Fund Common Shares of Beneficial Interest,$23.09,-0.22,-0.944%,0.00,United States,2004,25995,Finance,Investment Managers
FFC,Flaherty & Crumrine Preferred and Income Securities Fund Incorporated,$15.86,-0.06,-0.377%,0.00,United States,2003,89751,Finance,Trusts Except Educational Religious and Charitable
FG,F&G Annuities & Life Inc. Common Stock,$23.64,-0.16,-0.672%,3095308341.00,United States,2022,474717,Finance,Life Insurance
FGN,F&G Annuities & Life Inc. 7.950% Senior Notes due 2053,$24.17,-0.65,-2.619%,3047801905.00,United States,2023,38753,Finance,Life Insurance
FGSN,F&G Annuities & Life Inc. 7.300% Junior Subordinated Notes due 2065,$20.93,-0.04,-0.191%,0.00,United States,2025,19140,Finance,Life Insurance
FHI,Federated Hermes Inc. Common Stock,$62.17,-1.48,-2.325%,4641629670.00,United States,,594188,Finance,Investment Managers
FHN,First Horizon Corporation Common Stock,$24.03,-0.29,-1.192%,11384865107.00,United States,,4868547,Finance,Major Banks
FHN^E,First Horizon Corporation Depositary Shares each representing a 1/4000th interest in a share of Non-Cumulative Perpetual Preferred Stock Series E,$23.49,0.08,0.342%,,United States,,11247,,
FHN^F,First Horizon Corporation Depositary Shares each representing 1/4000th Interest in a Share of Non-Cumulative Perpetual Preferred Stock Series F,$16.91,-0.11,-0.646%,,United States,,4184,,
FHN^H,First Horizon Corporation Depositary Shares each representing a 1/4000th interest in a share of Non-Cumulative Perpetual Preferred Stock Series H,$24.51,0.11,0.451%,,United States,,26138,,
FICO,Fair Isaac Corporation Common Stock,$1103.68,-43.53,-3.794%,23836877797.00,United States,,252914,Consumer Discretionary,Business Services
FIG,Figma Inc. Class A Common Stock,$27.20,-0.29,-1.055%,14497868382.00,United States,2025,10631521,Technology,Computer Software: Prepackaged Software
FIGS,FIGS Inc. Class A Common Stock,$15.26,-0.08,-0.522%,2535300093.00,United States,2021,1757748,Consumer Discretionary,Apparel
FINS,Angel Oak Financial Strategies Income Term Trust Common Shares of Beneficial Interest,$12.749,0.009,0.071%,319523572.00,,2019,48865,Finance,Finance/Investors Services
FINV,FinVolution Group American Depositary Shares,$3.32,-0.35,-9.537%,783832087.00,United States,2017,2334419,Finance,Finance: Consumer Services
FIRY,Firy Inc. Class A Common Stock,$9.91,0.02,0.202%,164726567.00,United States,2020,110830,Technology,EDP Services
FIS,Fidelity National Information Services Inc. Common Stock,$40.83,0.06,0.147%,21056272591.00,United States,,5264565,Consumer Discretionary,Business Services
FITB,Fifth Third Bancorp Common Stock,$53.01,-0.76,-1.413%,48074374818.00,United States,,3936868,Finance,Major Banks
FITB^A,Fifth Third Bancorp Depositary Shares each representing 1/40th share of Fifth Third 6.00% Non-Cumulative Perpetual Class B Preferred Stock Series A,$22.43,0.16,0.718%,,United States,,11834,,
FITB^I,Fifth Third Bancorp Depositary Share repstg 1/1000th Ownership Interest Perp Pfd Series I,$25.51,0.07,0.275%,,United States,,24183,,
FITB^K,Fifth Third Bancorp Depositary Shares each representing a 1/1000th ownership interest in a share of Non-Cumulative Perpetual Preferred Stock Series K,$17.94,-0.10,-0.554%,,United States,,23370,,
FITB^M,Fifth Third Bancorp Depositary Shares Representing a 1/40th Ownership Interest in a Share of 6.875% Fixed-Rate Reset Non-Cumulative Perpetual Preferred Stock Series M,$25.35,-0.46,-1.782%,,United States,,42850,,
FIX,Comfort Systems USA Inc. Common Stock,$1554.37,8.75,0.566%,54705009168.00,United States,1997,351118,Industrials,Engineering & Construction
FLC,Flaherty & Crumrine Total Return Fund Inc Common Stock,$16.54,0.01,0.06%,0.00,United States,2003,19576,Finance,Trusts Except Educational Religious and Charitable
FLG,Flagstar Bank N.A. Common Stock,$13.06,-0.25,-1.878%,5421112438.00,United States,,3881356,Finance,Banks
FLG^A,Flagstar Bank N.A. Depositary shares each representing a 1/40th interest in a share of Fixed-to-Floating Rate Series A Noncumulative Perpetual Preferred Stock,$23.80,-0.20,-0.833%,,United States,,123101,,
FLG^U,Flagstar Bank N.A. Bifurcated Option Note Unit SecuritiES,$40.15,-0.65,-1.593%,,United States,,49490,,
FLNG,FLEX LNG Ltd. Ordinary Shares,$31.47,-0.19,-0.60%,1702287073.00,,2019,601376,Consumer Discretionary,Marine Transportation
FLO,Flowers Foods Inc. Common Stock,$6.69,-0.23,-3.324%,1418664126.00,United States,,9644686,Consumer Staples,Packaged Foods
FLOC,Flowco Holdings Inc. Class A Common Stock,$21.70,-0.24,-1.094%,1960665048.00,United States,2025,331255,Consumer Discretionary,Oil and Gas Field Machinery
FLR,Fluor Corporation Common Stock,$56.25,1.74,3.192%,7522935019.00,United States,,4206647,Industrials,Military/Government/Technical
FLS,Flowserve Corporation Common Stock,$76.64,-2.45,-3.098%,9741923459.00,United States,,2520662,Industrials,Fluid Controls
FLUT,Flutter Entertainment plc Ordinary Shares,$97.00,-3.18,-3.174%,16992568058.00,Ireland,2024,3692741,Technology,Computer Software: Programming Data Processing
FMC,FMC Corporation Common Stock,$11.88,0.35,3.036%,1487694847.00,United States,,3628042,Industrials,Major Chemicals
FMN,Federated Hermes Premier Municipal Income Fund,$10.99,-0.12,-1.08%,947940802.00,United States,2002,12190,Finance,Investment Managers
FMS,Fresenius Medical Care AG American Depositary Shares (Each representing 1/2 of an Ordinary Share),$22.74,0.00,0.00%,12702058490.00,Germany,,778994,Health Care,Misc Health and Biotechnology Services
FMX,Fomento Economico Mexicano S.A.B. de C.V. Common Stock,$119.96,-0.45,-0.374%,40868148901.00,Mexico,,379703,Consumer Staples,Beverages (Production/Distribution)
FMY,First Trust Mortgage Income Fund Common Shares of Beneficial Interest,$11.635,-0.0455,-0.39%,0.00,United States,2005,2780,Finance,Finance/Investors Services
FN,Fabrinet Ordinary Shares,$402.07,-10.86,-2.63%,14408123768.00,Cayman Islands,2010,861215,Utilities,Telecommunications Equipment
FNB,F.N.B. Corporation Common Stock,$17.87,-0.36,-1.975%,6308127370.00,United States,,2825299,Finance,Major Banks
FND,Floor & Decor Holdings Inc. Common Stock,$47.74,-2.53,-5.033%,5083830929.00,United States,2017,3561167,Consumer Discretionary,RETAIL: Building Materials
FNF,Fidelity National Financial Inc. Common Stock,$46.04,-0.41,-0.883%,12347597755.00,United States,2014,1876068,Finance,Specialty Insurers
FNV,Franco-Nevada Corporation,$255.42,-7.73,-2.937%,49263828550.00,Canada,,948254,Basic Materials,Precious Metals
FOA,Finance of America Companies Inc. Class A Common Stock,$17.06,-0.69,-3.887%,295255543.00,United States,2021,75098,Finance,Finance: Consumer Services
FOF,Cohen & Steers Closed-End Opportunity Fund Inc. Common Stock,$13.42,-0.19,-1.396%,659440388.00,United States,2006,38760,Finance,Investment Managers
FOIL,Londian Wason New Energy Tech Inc. American Depositary Shares each representing five Ordinary Shares,$22.48,0.43,1.95%,1757001664.00,,2026,29444,Industrials,Industrial Specialties
FOR,Forestar Group Inc Common Stock ,$27.52,-0.75,-2.653%,1404005095.00,United States,2017,92609,Finance,Real Estate
FOUR,Shift4 Payments Inc. Class A Common Stock,$41.08,-1.20,-2.838%,3243681730.00,United States,2020,2034307,Consumer Discretionary,Business Services
FOUR^A,Shift4 Payments Inc. 6.00% Series A Mandatory Convertible Preferred Stock,$54.91,-1.35,-2.40%,,United States,,8559,,
FPF,First Trust Intermediate Duration Preferred & Income Fund Common Shares of Beneficial Interest,$17.63,-0.23,-1.288%,0.00,United States,2013,97330,Finance,Trusts Except Educational Religious and Charitable
FPH,Five Point Holdings LLC Class A Common Shares,$5.05,-0.03,-0.591%,746792303.00,United States,2017,158040,Finance,Real Estate
FPI,Farmland Partners Inc. Common Stock,$10.55,0.26,2.527%,460304117.00,United States,2014,823344,Real Estate,Real Estate Investment Trusts
FPS,Forgent Power Solutions Inc. Class A Common Stock,$29.27,-1.27,-4.158%,8910633581.00,United States,2026,4242327,Energy,Industrial Machinery/Components
FR,First Industrial Realty Trust Inc. Common Stock,$62.43,0.55,0.889%,8276529019.00,United States,1994,851555,Real Estate,Real Estate Investment Trusts
FRA,Blackrock Floating Rate Income Strategies Fund Inc  Common Stock,$11.02,-0.13,-1.166%,1639362430.00,United States,2003,103654,Finance,Investment Bankers/Brokers/Service
FRO,Frontline Plc Ordinary Shares,$44.32,0.54,1.233%,9866646440.00,Bermuda,,2190120,Consumer Discretionary,Marine Transportation
FRT,Federal Realty Investment Trust Common Stock,$117.03,1.00,0.862%,10168635235.00,United States,,861156,Real Estate,Real Estate Investment Trusts
FRT^C,Federal Realty Investment Trust Depositary Shares each representing a 1/1000th interest in a 5.000% Series C Cumulative Redeemable Preferred Share,$18.9899,-0.2801,-1.454%,,United States,,11688,,
FSCO,FS Credit Opportunities Corp. Common Stock,$5.19,0.01,0.193%,1029467121.00,United States,2022,730027,Finance,Trusts Except Educational Religious and Charitable
FSK,FS KKR Capital Corp. Common Stock,$12.27,-0.14,-1.128%,3390695236.00,United States,2014,1357807,Finance,Investment Managers
FSM,Fortuna Mining Corp. Common Shares,$11.75,-0.33,-2.732%,3578549297.00,Canada,,6432125,Basic Materials,Precious Metals
FSS,Federal Signal Corporation Common Stock,$113.61,-3.39,-2.897%,6934937426.00,United States,,462294,Industrials,Auto Manufacturing
FSSL,FS Specialty Lending Fund Common Shares of Beneficial Interest,$11.81,0.02,0.17%,0.00,United States,2025,329219,Finance,Finance/Investors Services
FT,Franklin Universal Trust Common Stock,$7.68,-0.03,-0.389%,193012946.00,United States,,85663,Finance,Trusts Except Educational Religious and Charitable
FTHY,First Trust High Yield Opportunities 2027 Term Fund Common Stock,$13.27,-0.12,-0.896%,487977564.00,United States,2020,100014,Finance,Investment Managers
FTI,TechnipFMC plc Ordinary Share,$78.31,0.16,0.205%,30710393224.00,,,2119394,Consumer Discretionary,Oil and Gas Field Machinery
FTK,Flotek Industries Inc. Common Stock,$22.79,-0.93,-3.921%,825463577.00,United States,,465310,Industrials,Major Chemicals
FTRA,FutureCorp Space Acquisition 1 Class A Ordinary Shares,$9.88,0.00,0.00%,0.00,,2026,1170932,,
FTS,Fortis Inc. Common Shares,$55.04,-0.14,-0.254%,28119936000.00,United States,2016,1013780,Utilities,Electric Utilities: Central
FTV,Fortive Corporation Common Stock ,$56.80,-2.04,-3.467%,17154568554.00,United States,2016,4225902,Industrials,Industrial Machinery/Components
FTW,Presidio Production Company Class A Common Stock,$10.79,-0.09,-0.827%,338005544.00,,,132451,Energy,Oil & Gas Production
FUBO,FuboTV Inc. Class A Common Stock,$10.54,0.01,0.095%,1150934219.00,United States,2020,778614,Consumer Discretionary,Movies/Entertainment
FUL,H. B. Fuller Company Common Stock,$53.82,-1.13,-2.056%,2894838460.00,United States,,423767,Industrials,Home Furnishings
FUN,Six Flags Entertainment Corporation Common Stock New,$14.24,-0.81,-5.382%,1456984283.00,United States,,2436811,Consumer Discretionary,Services-Misc. Amusement & Recreation
FVR,FrontView REIT Inc. Common Stock,$19.40,0.10,0.518%,474445488.00,United States,2024,156345,Real Estate,Real Estate Investment Trusts
FVRR,Fiverr International Ltd. Ordinary Shares no par value,$9.25,-0.23,-2.426%,332544234.00,,2019,449891,Consumer Discretionary,Business Services
G,Genpact Limited Common Stock,$37.69,-0.29,-0.764%,6333216800.00,Bermuda,2007,1880311,Consumer Discretionary,Professional Services
GAB,Gabelli Equity Trust Inc. (The) Common Stock,$5.62,-0.05,-0.882%,1651252737.00,United States,1986,770288,Finance,Investment Managers
GAB^G,Gabelli Equity Trust Inc. (The) Series G Cumulative Preferred Stock,$19.18,0.005,0.026%,,United States,,3217,,
GAB^H,Gabelli Equity Trust Inc. (The) Pfd Ser H,$19.155,0.005,0.026%,,United States,,12495,,
GAB^K,Gabelli Equity Trust Inc. (The) 5.00% Series K Cumulative Preferred Stock,$19.35,0.11,0.572%,,United States,,6872,,
GAM,General American Investors Inc. Common Stock,$66.31,-0.32,-0.48%,1589822699.00,United States,,19891,Finance,Investment Managers
GAM^B,General American Investors Company Inc. Cumulative Preferred Stock,$24.74,-0.01,-0.04%,,United States,,19115,,
GAP,Gap Inc. (The) Common Stock,$22.00,-0.31,-1.39%,7727943014.00,United States,,7292359,Consumer Discretionary,Clothing/Shoe/Accessory Stores
GATX,GATX Corporation Common Stock,$173.54,-1.39,-0.795%,6125962000.00,United States,,202966,Consumer Discretionary,Transportation Services
GBAB,Guggenheim Taxable Municipal Bond & Investment Grade Debt Trust Common Shares of Beneficial Interest,$13.57,-0.11,-0.804%,303926001.00,United States,2010,126521,Finance,Investment Managers
GBCI,Glacier Bancorp Inc. Common Stock,$45.34,-0.97,-2.095%,5903809949.00,United States,,905629,Finance,Major Banks
GBTG,Global Business Travel Group Inc. Class A Common Stock,$9.46,0.00,0.00%,4941652771.00,United States,2020,1201852,Consumer Discretionary,Transportation Services
GBX,Greenbrier Companies Inc. (The) Common Stock,$42.00,-3.07,-6.812%,1299466812.00,United States,1994,942780,Industrials,Railroads
GCO,Genesco Inc. Common Stock,$32.51,-0.96,-2.868%,361087692.00,United States,,264723,Consumer Discretionary,Clothing/Shoe/Accessory Stores
GCTS,GCT Semiconductor Holding Inc. Common Stock,$1.74,-0.06,-3.333%,160027323.00,United States,2021,1335157,Technology,Semiconductors
GCV,Gabelli Convertible and Income Securities Fund Inc. (The) Common Stock,$4.52,-0.04,-0.877%,86060931.00,United States,,38285,Finance,Finance/Investors Services
GD,General Dynamics Corporation Common Stock,$369.41,-1.94,-0.522%,99946533405.00,United States,,1269469,Industrials,Marine Transportation
GDDY,GoDaddy Inc. Class A Common Stock,$100.55,2.67,2.728%,12734426637.00,United States,2015,1981637,Technology,EDP Services
GDL,GDL Fund The Common Shares of Beneficial Interest,$8.40,-0.024,-0.285%,0.00,United States,2007,9993,Finance,Investment Managers
GDO,Western Asset Global Corporate Opportunity Fund Inc. Common Stock,$10.12,-0.03,-0.296%,0.00,United States,2009,29553,Finance,Finance Companies
GDOT,Green Dot Corporation Class A Common Stock $0.001 par value,$13.11,-0.18,-1.354%,747075697.00,United States,2010,204349,Finance,Finance: Consumer Services
GDV,Gabelli Dividend & Income Trust Common Shares of Beneficial Interest,$29.92,-0.24,-0.796%,2698439651.00,United States,2003,92231,Finance,Investment Managers
GDV^H,The Gabelli Dividend & Income Trust 5.375% Series H Cumulative Preferred Shares,$20.96,-0.02,-0.095%,,United States,,10369,,
GDV^K,The Gabelli Dividend & Income Trust 4.250% Series K Cumulative Preferred Shares,$16.925,-0.05,-0.295%,,United States,,10697,,
GE,GE Aerospace Common Stock,$331.09,-4.62,-1.376%,343526572429.00,United States,,3025915,Technology,Consumer Electronics/Appliances
GEF,Greif Inc. Class A Common Stock,$83.09,0.34,0.411%,3836125792.00,United States,,308759,,
GEL,Genesis Energy L.P. Common Units,$16.57,0.25,1.532%,2024428499.00,United States,2001,201605,Energy,Oil Refining/Marketing
GENI,Genius Sports Limited Ordinary Shares,$7.18,-0.24,-3.235%,1921561551.00,Guernsey,2021,4428196,Consumer Discretionary,Services-Misc. Amusement & Recreation
GEO,Geo Group Inc (The) REIT,$30.53,-1.28,-4.024%,4018345900.00,United States,,3200183,Consumer Discretionary,Homebuilding
GETY,Getty Images Holdings Inc. Class A Common Stock,$0.2354,-0.0077,-3.167%,97646581.00,United States,2022,3428871,Consumer Discretionary,Business Services
GEV,GE Vernova Inc. Common Stock,$898.53,0.00,0.00%,239308712536.00,United States,2024,2334011,Technology,Consumer Electronics/Appliances
GF,New Germany Fund Inc. (The) Common Stock,$11.40,-0.231,-1.986%,0.00,United States,1990,40619,Finance,Investment Managers
GFF,Griffon Corporation Common Stock,$94.44,-2.95,-3.029%,4277632979.00,United States,,321161,Industrials,Building Products
GFI,Gold Fields Limited American Depositary Shares,$44.66,-1.71,-3.688%,39971782871.00,South Africa,,3755848,Basic Materials,Precious Metals
GFL,GFL Environmental Inc. Subordinate voting shares no par value,$41.50,-0.79,-1.868%,15519093200.00,Canada,2020,2074286,Utilities,Environmental Services
GFR,Greenfire Resources Ltd. Common Shares,$6.29,0.13,2.11%,788945447.00,Canada,,1325550,Energy,Oil & Gas Production
GGB,Gerdau S.A. Common Stock,$4.69,0.08,1.735%,9276904650.00,Brazil,,10836527,Industrials,Steel/Iron Ore
GGG,Graco Inc. Common Stock,$76.83,-0.60,-0.775%,12442912298.00,United States,,1887229,Industrials,Fluid Controls
GGT,Gabelli Multi-Media Trust Inc. (The) Common Stock,$4.05,-0.01,-0.246%,111519792.00,United States,,547399,Finance,Trusts Except Educational Religious and Charitable
GGT^E,Gabelli Multi-Media Trust Inc. (The) 5.125% Series E Cumulative Preferred Stock,$19.98,-0.0201,-0.10%,,United States,,3486,,
GGT^G,Gabelli Multi-Media Trust Inc. (The) 5.125% Series G Cumulative Preferred Shares,$19.99,0.02,0.10%,,United States,,4798,,
GGZ,Gabelli Global Small and Mid Cap Value Trust (The) Common Shares of Beneficial Interest,$16.19,-0.23,-1.401%,143637146.00,,2014,3926,Finance,Investment Managers
GHC,Graham Holdings Company Common Stock,$1097.98,-30.91,-2.738%,4649866245.00,United States,,27569,Real Estate,Other Consumer Services
GHG,GreenTree Hospitality Group Ltd. American depositary shares each representing one Class A ordinary share,$1.06,-0.01,-0.935%,106951165.00,,2018,13410,Consumer Discretionary,Hotels/Resorts
GHI,Greystone Housing Impact Investors LP Beneficial Unit Certificates representing assignments of limited partnership interests,$6.21,0.02,0.323%,146323187.00,United States,2022,42197,Finance,Finance: Consumer Services
GHM,Graham Corporation Common Stock,$83.49,-3.72,-4.266%,979924885.00,United States,1978,217173,Industrials,Industrial Machinery/Components
GHY,PGIM Global High Yield Fund Inc.,$11.54,-0.06,-0.517%,0.00,United States,2012,134306,Finance,Trusts Except Educational Religious and Charitable
GIB,CGI Inc. Common Stock,$73.72,-1.53,-2.033%,17094811447.00,Canada,,376722,Consumer Discretionary,Professional Services
GIC,Global Industrial Company Common Stock,$38.66,-0.44,-1.125%,1473268463.00,United States,,107157,Industrials,Industrial Machinery/Components
GIL,Gildan Activewear Inc. Class A Sub. Vot. Common Stock,$50.27,-1.86,-3.568%,9309594199.00,Canada,2000,1398933,Consumer Discretionary,Apparel
GIS,General Mills Inc. Common Stock,$41.09,-0.11,-0.267%,21967925004.00,United States,,9608458,Consumer Staples,Packaged Foods
GJH,Synthetic Fixed-Income Securities Inc 6.375% (STRATS) Cl A-1,$9.485,0.005,0.053%,0.00,United States,,1297,Finance,Finance: Consumer Services
GJP,Synthetic Fixed-Income Securities Inc. on behalf of STRATS (SM) Trust for Dominion Resources Inc. Securities Series 2005-6 Floating Rate Structured Repackaged Asset-Backed Trust Securities (STRATS) Certificates,$24.50,-0.21,-0.85%,0.00,United States,,264,Finance,Finance: Consumer Services
GJR,Synthetic Fixed-Income Securities Inc. STRATS Trust for Procter&Gamble Securities Series 2006-1,$24.72,0.00,0.00%,0.00,United States,,30,Finance,Finance: Consumer Services
GJS,Goldman Sachs Group Securities STRATS Trust for Goldman Sachs Group Securities Series 2006-2,$23.20,-0.11,-0.472%,7239305566.00,United States,,2209,Finance,Finance: Consumer Services
GJT,Synthetic Fixed-Income Securities Inc. Floating Rate Structured Repackaged Asset-Backed Trust Securities Certificates Series 2006-3,$23.3769,0.1569,0.676%,0.00,United States,,2693,Finance,Finance: Consumer Services
GKOS,Glaukos Corporation Common Stock,$176.70,-2.86,-1.593%,10422461668.00,United States,2015,507401,Health Care,Medical/Dental Instruments
GL,Globe Life Inc. Common Stock,$172.30,-0.37,-0.214%,13241159718.00,United States,,360959,Finance,Life Insurance
GL^D,Globe Life Inc. 4.25% Junior Subordinated Debentures due 2061,$14.75,-0.41,-2.704%,,United States,,21200,,
GLAS,Glass House Brands Inc. Subordinate Voting Shares,$8.49,-0.44,-4.927%,747102884.00,,,691135,Health Care, Medicinal Chemicals and Botanical Products 
GLED,GalaxyEdge Acquisition Corporation Ordinary Shares,$10.02,0.015,0.15%,0.00,,2026,108619,Finance,Blank Checks
GLOB,Globant S.A. Common Shares,$39.68,-1.03,-2.53%,1713364782.00,United States,2014,920948,Technology,EDP Services
GLOP^A,GasLog Partners LP 8.625% Series A Cumulative Redeemable Perpetual Fixed to Floating Rate Preference Units,$25.65,0.03,0.117%,,Greece,,8127,,
GLOP^B,GasLog Partners LP 8.200% Series B Cumulative Redeemable Perpetual Fixed to Floating Rate Preference Units,$25.85,0.00,0.00%,,Greece,,806,,
GLOP^C,GasLog Partners LP 8.500% Series C Cumulative Redeemable Perpetual Fixed to Floating Rate Preference Units,$25.66,-0.14,-0.543%,,Greece,,143,,
GLP,Global Partners LP Common Units representing Limited Partner Interests,$51.99,0.64,1.246%,1767429320.00,United States,2005,75470,Energy,Oil Refining/Marketing
GLW,Corning Incorporated Common Stock,$145.56,-3.17,-2.131%,125383685460.00,United States,,10671726,Industrials,Telecommunications Equipment
GM,General Motors Company Common Stock,$85.63,-0.69,-0.799%,75136175456.00,United States,2010,5360011,Industrials,Auto Manufacturing
GME,GameStop Corporation Common Stock,$18.81,0.43,2.339%,8439882544.00,United States,2002,11732664,Consumer Discretionary,Electronics Distribution
GMED,Globus Medical Inc. Class A Common Stock,$80.48,-0.89,-1.094%,10805398839.00,United States,2012,1054487,Health Care,Medical/Dental Instruments
GMRS,GMR Solutions Inc. Class A Common Stock,$12.97,0.82,6.749%,700661592.00,,2026,835418,Consumer Discretionary,Transportation Services
GNE,Genie Energy Ltd. Class B Common Stock Stock,$15.18,0.34,2.291%,399531877.00,United States,2011,72705,Utilities,Power Generation
GNK,Genco Shipping & Trading Limited Ordinary Shares New (Marshall Islands),$26.03,-0.20,-0.762%,1134559328.00,United States,,630349,Consumer Discretionary,Marine Transportation
GNL,Global Net Lease Inc. Common Stock,$9.13,-0.05,-0.545%,2111932034.00,United States,2015,2354317,Real Estate,Real Estate Investment Trusts
GNL^A,Global Net Lease Inc. 7.25% Series A Cumulative Redeemable Preferred Stock $0.01 par value per share,$23.0001,-0.0899,-0.389%,,United States,,3951,,
GNL^B,Global Net Lease Inc. 6.875% Series B Cumulative Redeemable Perpetual Preferred Stock,$22.0799,-0.1601,-0.72%,,United States,,6312,,
GNL^D,Global Net Lease Inc. 7.50% Series D Cumulative Redeemable Perpetual Preferred Stock,$23.57,-0.10,-0.422%,,United States,,7423,,
GNL^E,Global Net Lease Inc. 7.375% Series E Cumulative Redeemable Perpetual Preferred Stock,$23.15,-0.17,-0.729%,,United States,,10738,,
GNRC,Generac Holdlings Inc. Common Stock,$181.42,-3.96,-2.136%,10704934013.00,United States,2010,949153,Consumer Discretionary,Metal Fabrications
GNT,GAMCO Natural Resources Gold & Income Trust,$9.12,-0.11,-1.192%,168496004.00,United States,2011,55889,Finance,Finance/Investors Services
GNT^A,GAMCO Natural Resources Gold & Income Tust  5.20% Series A Cumulative Preferred Shares (Liquidation Preference $25.00 per share),$19.63,-0.24,-1.208%,,United States,,1474,,
GNW,Genworth Financial Inc Common Stock,$10.00,0.06,0.604%,3778510370.00,United States,2004,3815299,Finance,Life Insurance
GOF,Guggenheim Strategic Opportunities Fund Common Shares of Beneficial Interest,$9.34,-0.01,-0.107%,0.00,United States,,3575989,Finance,Finance/Investors Services
GOLD,Gold.com Inc. Common Stock,$43.16,-1.81,-4.025%,1251828782.00,United States,,604100,Industrials,Other Specialty Stores
GOLF,Acushnet Holdings Corp. Common Stock,$85.89,-0.50,-0.579%,5016409229.00,United States,2016,253741,Consumer Discretionary,Recreational Games/Products/Toys
GOOS,Canada Goose Holdings Inc. Subordinate Voting Shares,$8.08,-0.16,-1.942%,789106536.00,,2017,616224,Consumer Discretionary,Apparel
GOTU,Gaotu Techedu Inc. American Depositary Shares,$2.16,0.25,13.089%,515034379.00,China,2019,849468,Real Estate,Other Consumer Services
GPC,Genuine Parts Company Common Stock,$134.84,-0.83,-0.612%,18589009769.00,United States,,932416,Consumer Discretionary,Automotive Aftermarket
GPGI,GPGI Inc. Class A Common Stock,$13.09,-0.13,-0.983%,3794661173.00,United States,,2538053,Finance,Finance: Consumer Services
GPI,Group 1 Automotive Inc. Common Stock,$269.50,-0.04,-0.015%,3213039638.00,United States,1997,138850,Consumer Discretionary,Retail-Auto Dealers and Gas Stations
GPJA,Georgia Power Company Series 2017A 5.00% Junior Subordinated Notes due October 1 2077,$20.45,-0.03,-0.146%,189397675.00,United States,2017,20090,Utilities,Electric Utilities: Central
GPK,Graphic Packaging Holding Company,$10.85,-0.35,-3.125%,3212376567.00,United States,,3605194,Consumer Discretionary,Containers/Packaging
GPMT,Granite Point Mortgage Trust Inc. Common Stock,$1.01,-0.05,-4.717%,48680148.00,United States,2017,331214,Real Estate,Real Estate Investment Trusts
GPMT^A,Granite Point Mortgage Trust Inc. 7.00% Series A Fixed-to-Floating Rate Cumulative Redeemable Preferred Stock,$16.57,-0.04,-0.241%,,United States,,6761,,
GPN,Global Payments Inc. Common Stock,$90.06,-0.99,-1.087%,23831532203.00,United States,,1921424,Consumer Discretionary,Business Services
GPOR,Gulfport Energy Corporation Common Shares,$182.61,3.16,1.761%,3229250770.00,United States,2021,221708,Energy,Oil & Gas Production
GPRK,Geopark Ltd Common Shares,$11.23,0.23,2.091%,728779306.00,Bermuda,2014,1161989,Energy,Oil & Gas Production
GRBK,Green Brick Partners Inc. Common Stock,$70.93,-1.29,-1.786%,3050748667.00,United States,2021,641796,Consumer Discretionary,Homebuilding
GRBK^A,Green Brick Partners Inc. Depositary Shares (each representing a 1/1000th fractional interest in a share of 5.75% Series A Cumulative Perpetual Preferred Stock),$22.89,-0.015,-0.065%,,United States,,1420,,
GRC,Gorman-Rupp Company (The) Common Stock,$73.99,-1.41,-1.87%,1954093880.00,United States,1971,146604,Industrials,Fluid Controls
GRDN,Guardian Pharmacy Services Inc. Class A Common Stock,$38.87,1.78,4.799%,2462115356.00,United States,2024,537456,Consumer Staples,Retail-Drug Stores and Proprietary Stores
GRMN,Garmin Ltd. Common Stock (Switzerland),$275.17,-8.94,-3.147%,53067232331.00,Switzerland,2000,783720,Industrials,Industrial Machinery/Components
GRND,Grindr Inc. Common Stock,$15.53,0.05,0.323%,2699434337.00,Singapore,2021,982334,Technology,Computer Software: Programming Data Processing
GRNT,Granite Ridge Resources Inc. Common Stock,$5.06,0.03,0.596%,667415225.00,United States,2022,2047923,Energy,Oil & Gas Production
GROV,Grove Collaborative Holdings Inc. Class A Common Stock,$1.03,0.0519,5.306%,43982077.00,,2021,358289,Consumer Discretionary,Catalog/Specialty Distribution
GRX,The Gabelli Healthcare & Wellness Trust Common Shares of Beneficial Interest,$10.04,0.03,0.30%,171613449.00,United States,,13915,Finance,Finance/Investors Services
GS,Goldman Sachs Group Inc. (The) Common Stock,$1002.56,-23.34,-2.275%,291916806804.00,United States,1999,1844860,Finance,Investment Bankers/Brokers/Service
GS^A,Goldman Sachs Group Inc. (The) Depositary Shares each representing 1/1000th Interest in a Share of Floating Rate Non-Cumulative Preferred Stock Series A,$19.06,0.01,0.052%,,United States,,57338,,
GS^C,Goldman Sachs Group Inc. (The) Depositary Share repstg 1/1000th Preferred Series C,$19.05,-0.07,-0.366%,,United States,,26653,,
GS^D,Goldman Sachs Group Inc. (The) Dep Shs repstg 1/1000 Pfd Ser D Fltg,$18.56,-0.14,-0.749%,,United States,,132319,,
GSBD,Goldman Sachs BDC Inc. Common Stock,$10.13,-0.10,-0.978%,1140324649.00,United States,2015,772906,Finance,Investment Managers
GSK,GSK plc American Depositary Shares (Each representing two Ordinary Shares),$50.66,0.41,0.816%,102592987216.00,United Kingdom,2022,3272136,Health Care,Biotechnology: Pharmaceutical Preparations
GSL,Global Ship Lease Inc New Class A Common Shares,$44.48,-0.07,-0.157%,1597643493.00,United Kingdom,,252465,Consumer Discretionary,Marine Transportation
GSL^B,Global Ship Lease Inc. Depository Shares Representing 1/100th Perpetual Preferred Series B% (Marshall Island),$26.702,-0.098,-0.366%,,United Kingdom,,11499,,
GTES,Gates Industrial Corporation Ltd. Common Shares,$24.80,-0.78,-3.049%,6278149016.00,United Kingdom,2018,2583038,Industrials,Industrial Machinery/Components
GTN,Gray Media Inc. Common Stock,$4.74,-0.14,-2.869%,488145975.00,United States,,1178629,Industrials,Broadcasting
GTY,Getty Realty Corporation Common Stock,$32.38,-0.04,-0.123%,2005380794.00,United States,,843943,Finance,Real Estate
GUG,Guggenheim Active Allocation Fund Common Shares of Beneficial Interest,$15.35,0.27,1.79%,0.00,United States,2021,192305,Finance,Trusts Except Educational Religious and Charitable
GUT,Gabelli Utility Trust (The) Common Stock,$6.45,0.04,0.624%,473423737.00,United States,,91661,Finance,Trusts Except Educational Religious and Charitable
GUT^C,Gabelli Utility Trust (The) 5.375% Series C Cumulative Preferred Shares,$20.67,-0.055,-0.265%,,United States,,2472,,
GVA,Granite Construction Incorporated Common Stock,$117.93,-2.63,-2.181%,5161148664.00,United States,,492177,Industrials,Military/Government/Technical
GWH,ESS Tech Inc. Common Stock,$0.3402,-0.0098,-2.80%,18169852.00,United States,,677445,Miscellaneous,Industrial Machinery/Components
GWRE,Guidewire Software Inc. Common Stock,$201.09,-3.66,-1.788%,16742022237.00,United States,2012,1128651,Technology,Computer Software: Prepackaged Software
GWW,W.W. Grainger Inc. Common Stock,$1309.21,-0.28,-0.021%,61665024276.00,United States,,192932,Industrials,Office Equipment/Supplies/Services
GXO,GXO Logistics Inc. Common Stock ,$46.17,-1.56,-3.268%,5294987012.00,United States,2021,1364632,Consumer Discretionary,Transportation Services
H,Hyatt Hotels Corporation Class A Common Stock,$162.55,-4.42,-2.647%,15312470243.00,United States,2009,735872,Consumer Discretionary,Hotels/Resorts
HAE,Haemonetics Corporation Common Stock,$101.95,-1.12,-1.087%,4638424349.00,United States,1991,633712,Health Care,Medical/Dental Instruments
HAFN,Hafnia Limited Common Shares,$8.59,0.15,1.777%,4293121410.00,,2024,1936547,Consumer Discretionary,Transportation Services
HAL,Halliburton Company Common Stock,$36.80,-0.05,-0.136%,30659197506.00,United States,,9245939,Energy,Oilfield Services/Equipment
HASI,HA Sustainable Infrastructure Capital Inc. Common Stock,$39.52,-0.03,-0.076%,5078153621.00,United States,2013,4727361,Finance,Finance/Investors Services
HAWK,HawkEye 360 Inc. Common Stock,$18.36,-0.60,-3.165%,1798647535.00,United States,2026,1325031,Technology,EDP Services
HAYW,Hayward Holdings Inc. Common Stock,$13.61,-0.44,-3.132%,2886947511.00,United States,2021,2765189,Industrials,Industrial Machinery/Components
HBB,Hamilton Beach Brands Holding Company Class A Common Stock ,$30.46,-0.95,-3.025%,409453433.00,United States,2017,77456,Consumer Discretionary,Home Furnishings
HBM,Hudbay Minerals Inc. Ordinary Shares (Canada),$27.02,-1.64,-5.722%,12000791415.00,Canada,,4198015,Basic Materials,Metal Mining
HCA,HCA Healthcare Inc. Common Stock,$413.58,-0.87,-0.21%,89540690370.00,United States,2011,1258035,Health Care,Hospital/Nursing Management
HCC,Warrior Met Coal Inc. Common Stock,$106.23,-2.01,-1.857%,5609165702.00,United States,2017,404491,Energy,Coal Mining
HCI,HCI Group Inc. Common Stock,$187.86,2.13,1.147%,2336765555.00,United States,,137548,Finance,Property-Casualty Insurers
HCXY,Hercules Capital Inc. 6.25% Notes due 2033,$25.11,0.16,0.641%,4561876400.00,United States,2018,5799,Finance,Investment Managers
HD,Home Depot Inc. (The) Common Stock,$319.77,-8.06,-2.459%,319031211706.00,United States,,3289470,Consumer Discretionary,RETAIL: Building Materials
HDB,HDFC Bank Limited Common Stock,$22.95,0.25,1.101%,117759267709.00,India,2001,13077794,Finance,Commercial Banks
HE,Hawaiian Electric Industries Inc. Common Stock,$11.08,-0.14,-1.248%,1913826284.00,United States,,2753900,Utilities,Electric Utilities: Central
HEI,Heico Corporation Common Stock,$325.15,-6.00,-1.812%,45442120236.00,United States,2000,367967,Industrials,Aerospace
HEI/A,Heico Corporation,$242.00,-2.17,-0.889%,,United States,,217773,,
HEQ,John Hancock Diversified Income Fund Common Shares of Beneficial Interest,$11.65,-0.10,-0.851%,0.00,United States,2011,21909,Finance,Investment Managers
HESM,Hess Midstream LP Class A Representing Limited Partner Interests,$40.23,0.02,0.05%,5163555943.00,United States,2017,1320295,Energy,Oil & Gas Production
HFRO,Highland Opportunities and Income Fund Common Shares of Beneficial Interest,$7.40,0.04,0.543%,0.00,United States,2017,82837,Finance,Finance/Investors Services
HFRO^A,Highland Opportunities and Income Fund 5.375% Series A Cumulative Preferred Shares,$16.4437,0.0037,0.023%,,United States,,2424,,
HFRO^B,Highland Opportunities and Income Fund 5.375% Series B Cumulative Preferred Shares,$16.31,-0.01,-0.061%,,United States,,7448,,
HG,Hamilton Insurance Group Ltd. Class B Common Shares,$35.05,-0.11,-0.313%,2916536332.00,Bermuda,2023,233814,Finance,Property-Casualty Insurers
HGLB,Highland Global Allocation Fund Common Stock,$7.42,-0.08,-1.067%,0.00,,2019,82350,Finance,Trusts Except Educational Religious and Charitable
HGTY,Hagerty Inc. Class A Common Stock,$13.12,-0.18,-1.353%,4508329548.00,United States,2021,169896,Finance,Specialty Insurers
HGV,Hilton Grand Vacations Inc. Common Stock ,$41.20,-1.21,-2.853%,3202234774.00,United States,2016,1318938,Consumer Discretionary,Hotels/Resorts
HHH,Howard Hughes Holdings Inc. Common Stock,$63.11,-1.02,-1.591%,3768994582.00,United States,,594769,Real Estate,Real Estate Investment Trusts
HIG,The Hartford Insurance Group Inc. Common Stock,$137.13,-0.25,-0.182%,37144677634.00,United States,,981753,Finance,Property-Casualty Insurers
HIG^G,The Hartford Insurance Group Inc. Depositary Shares each representing a 1/1000th interest in a share of 6.000% Non-Cumulative Preferred Stock Series G,$24.00,-0.43,-1.76%,,United States,,22347,,
HII,Huntington Ingalls Industries Inc. Common Stock,$292.42,1.22,0.419%,11522692547.00,United States,,385141,Industrials,Marine Transportation
HIMS,Hims & Hers Health Inc. Class A Common Stock,$28.44,-1.14,-3.854%,6635433466.00,United States,2019,7290533,Health Care,Medical/Nursing Services
HIO,Western Asset High Income Opportunity Fund Inc. Common Stock,$3.49,0.00,0.00%,0.00,United States,,418825,Finance,Finance/Investors Services
HIPO,Hippo Holdings Inc. Common Stock,$33.21,0.34,1.034%,876391343.00,United States,2021,229585,Finance,Property-Casualty Insurers
HIW,Highwoods Properties Inc. Common Stock,$30.40,-0.20,-0.654%,3353308814.00,United States,1994,1237703,Real Estate,Real Estate Investment Trusts
HIX,Western Asset High Income Fund II Inc. Common Stock,$3.90,-0.04,-1.015%,0.00,United States,1998,348557,Finance,Finance/Investors Services
HKD,AMTD Digital Inc. American Depositary Shares (every five of which represent two Class A Ordinary Shares),$1.67,-0.05,-2.907%,210693832.00,,2022,118898,Finance,Finance: Consumer Services
HL,Hecla Mining Company Common Stock,$19.11,-0.76,-3.825%,12837494716.00,United States,,30798114,Industrials,Mining & Quarrying of Nonmetallic Minerals (No Fuels)
HL^B,Hecla Mining Company Preferred Stock,$73.00,-1.01,-1.365%,,United States,,323,,
HLF,Herbalife Ltd. Common Shares,$11.52,0.53,4.823%,1207334938.00,Cayman Islands,2004,3299682,Health Care,Other Pharmaceuticals
HLI,Houlihan Lokey Inc. Class A Common Stock,$132.90,-0.39,-0.293%,9287915850.00,United States,2015,775040,Finance,Investment Managers
HLIO,Helios Technologies Inc. Common Stock,$70.45,-2.57,-3.52%,2321368150.00,United States,2021,292633,Industrials,Metal Fabrications
HLLY,Holley Inc. Common Stock,$2.87,0.01,0.35%,347941990.00,United States,2020,677277,Consumer Discretionary,Auto Parts:O.E.M.
HLN,Haleon plc American Depositary Shares (Each representing two Ordinary Shares),$10.07,0.04,0.399%,44844083952.00,United Kingdom,2022,11244075,Consumer Discretionary,Package Goods/Cosmetics
HLT,Hilton Worldwide Holdings Inc. Common Stock ,$311.99,-4.29,-1.356%,70218001271.00,United States,2016,1072410,Consumer Discretionary,Hotels/Resorts
HLX,Helix Energy Solutions Group Inc. Common Stock,$10.60,0.30,2.913%,1562253938.00,United States,,4086027,Energy,Oilfield Services/Equipment
HMC,Honda Motor Company Ltd. Common Stock,$32.03,0.07,0.219%,41559783852.00,Japan,,742993,Industrials,Auto Manufacturing
HMN,Horace Mann Educators Corporation Common Stock,$50.70,-0.19,-0.373%,2053403438.00,United States,1991,239187,Finance,Property-Casualty Insurers
HMY,Harmony Gold Mining Company Limited,$19.23,-0.42,-2.137%,12206583333.00,South Africa,,4108867,Basic Materials,Precious Metals
HNGE,Hinge Health Inc. Class A Common Stock,$90.02,-2.54,-2.744%,7264111418.00,United States,2025,1728843,Technology,EDP Services
HNI,HNI Corporation Common Stock,$47.46,-0.97,-2.003%,3425748228.00,United States,,391006,Consumer Discretionary,Office Equipment/Supplies/Services
HOG,Harley-Davidson Inc. Common Stock,$27.15,-0.45,-1.63%,2825568565.00,United States,,1664965,Consumer Discretionary,Motor Vehicles
HOMB,Home BancShares Inc. Common Stock,$29.10,-0.36,-1.222%,5821444233.00,United States,2006,1293909,Finance,Major Banks
HOV,Hovnanian Enterprises Inc. Class A Common Stock,$119.44,-4.69,-3.778%,711849262.00,United States,1983,126129,Consumer Discretionary,Homebuilding
HP,Helmerich & Payne Inc. Common Stock,$46.21,2.63,6.035%,4618178648.00,United States,,2274911,Energy,Oil & Gas Production
HPE,Hewlett Packard Enterprise Company Common Stock,$50.87,-1.37,-2.623%,67362233113.00,United States,2015,19307476,Technology,Retail: Computer Software & Peripheral Equipment
HPE^C,Hewlett Packard Enterprise Company 7.625% Series C Mandatory Convertible Preferred Stock,$130.31,-3.41,-2.55%,,United States,,84467,,
HPF,John Hancock Pfd Income Fund II Pfd Income Fund II,$15.46,-0.11,-0.706%,0.00,United States,2002,38415,Finance,Finance Companies
HPI,John Hancock Preferred Income Fund Common Shares of Beneficial Interest,$15.77,-0.08,-0.505%,0.00,United States,2002,41630,Finance,Trusts Except Educational Religious and Charitable
HPP,Hudson Pacific Properties Inc. Common Stock,$12.79,0.22,1.75%,694097197.00,United States,2010,1037868,Finance,Real Estate
HPP^C,Hudson Pacific Properties Inc. 4.750% Series C Cumulative Redeemable Preferred Stock,$14.41,-0.22,-1.504%,,United States,,16380,,
HPQ,HP Inc. Common Stock,$31.32,1.30,4.33%,28244093149.00,United States,,14870502,Technology,Computer Manufacturing
HPS,John Hancock Preferred Income Fund III Preferred Income Fund III,$13.79,-0.09,-0.648%,0.00,United States,2003,70685,Finance,Investment Managers
HQH,abrdn Healthcare Investors Shares of Beneficial Interest,$22.64,-0.08,-0.352%,1071861957.00,United States,1987,108449,Finance,Finance Companies
HQL,abrdn Life Sciences Investors Shares of Beneficial Interest,$20.87,-0.05,-0.239%,535934003.00,United States,1992,108399,Finance,Investment Managers
HR,Healthcare Realty Trust Incorporated Common Stock,$19.36,0.32,1.681%,6635054554.00,United States,,3738312,Real Estate,Real Estate Investment Trusts
HRB,H&R Block Inc. Common Stock,$50.92,-0.73,-1.413%,6276700748.00,United States,,2257627,Consumer Discretionary,Other Consumer Services
HRI,Herc Holdings Inc. Common Stock ,$141.06,-11.28,-7.404%,4715839491.00,United States,2016,667318,Industrials,Misc Corporate Leasing Services
HRL,Hormel Foods Corporation Common Stock,$21.99,0.14,0.641%,12102214092.00,United States,,5550473,Consumer Staples,Meat/Poultry/Fish
HRTG,Heritage Insurance Holdings Inc. Common Stock,$33.72,0.10,0.297%,1002577068.00,United States,2014,186019,Finance,Property-Casualty Insurers
HSBC,HSBC Holdings plc. Common Stock,$103.40,0.26,0.252%,355356100211.00,United Kingdom,,1181249,Finance,Savings Institutions
HSHP,Himalaya Shipping Ltd. Common Shares,$17.01,0.27,1.613%,795217500.00,,2023,275392,Consumer Discretionary,Marine Transportation
HSY,The Hershey Company Common Stock,$176.00,-0.21,-0.119%,35362915632.00,United States,,1563965,Consumer Staples,Specialty Foods
HTB,HomeTrust Bancshares Inc. Common Stock,$46.44,0.00,0.00%,775231279.00,United States,,205829,Finance,Savings Institutions
HTD,John Hancock Tax Advantaged Dividend Income Fund Common Shares of Beneficial Interest,$25.26,0.05,0.198%,0.00,United States,2004,49033,Finance,Finance Companies
HTFC,Horizon Technology Finance Corporation 6.25% Notes due 2027,$25.0122,0.0222,0.089%,1064162033.00,United States,2022,7113,Finance,Finance: Consumer Services
HTGC,Hercules Capital Inc. Common Stock,$17.67,0.03,0.17%,3307187880.00,United States,2012,1517187,Finance,Investment Managers
HTH,Hilltop Holdings Inc.,$37.76,-0.29,-0.762%,2163135106.00,United States,,214145,Finance,Major Banks
HTT,High Templar Tech Limited American depositary shares each representing one Class A ordinary share,$2.54,-0.05,-1.931%,394420100.00,China,2017,73252,Finance,Finance: Consumer Services
HUBB,Hubbell Inc Common Stock,$443.31,-9.69,-2.139%,23421207050.00,United States,2015,429916,Technology,Electrical Products
HUBS,HubSpot Inc. Common Stock,$251.11,-10.25,-3.922%,12521901733.00,United States,2014,781087,Technology,Computer Software: Prepackaged Software
HUM,Humana Inc. Common Stock,$394.88,11.65,3.04%,47417312023.00,United States,,1060081,Health Care,Medical Specialities
HUN,Huntsman Corporation Common Stock,$9.39,-0.19,-1.983%,1646805204.00,United States,2005,1667428,Industrials,Major Chemicals
HUYA,HUYA Inc. American depositary shares each  representing one Class A ordinary share,$2.10,-0.04,-1.869%,479568795.00,United States,2018,1086095,Technology,Computer Software: Programming Data Processing
HVT,Haverty Furniture Companies Inc. Common Stock,$27.19,-0.08,-0.293%,423990691.00,United States,,195153,Consumer Discretionary,Other Specialty Stores
HVT/A,Haverty Furniture Companies Inc.,$27.21,-0.09,-0.33%,,United States,,1319,,
HWM,Howmet Aerospace Inc. Common Stock,$254.89,9.94,4.058%,101650488591.00,United States,,5541168,Industrials,Metal Fabrications
HXL,Hexcel Corporation Common Stock,$92.08,-0.59,-0.637%,6963407460.00,United States,,679340,Industrials,Major Chemicals
HY,Hyster-Yale Inc. Class A common stock,$32.82,-1.04,-3.071%,588475301.00,United States,,112998,Industrials,Construction/Ag Equipment/Trucks
HYI,Western Asset High Yield Opportunity Fund Inc. Common Stock,$10.31,-0.07,-0.674%,0.00,,2010,47323,Finance,Investment Managers
HYT,Blackrock Corporate High Yield Fund Inc. Common Stock,$8.24,-0.04,-0.483%,0.00,United States,2003,1012896,Finance,Finance Companies
HZO,MarineMax Inc.  (FL) Common Stock,$52.12,-0.06,-0.115%,1151161202.00,United States,1998,595968,Consumer Discretionary,Auto & Home Supply Stores
IAE,Voya Asia Pacific High Dividend Equity Income Fund ING Asia Pacific High Dividend Equity Income Fund Common Shares of Beneficial Interest,$8.925,0.015,0.168%,0.00,United States,2007,23854,Finance,Trusts Except Educational Religious and Charitable
IAG,Iamgold Corporation Ordinary Shares,$19.29,-1.16,-5.672%,11014590000.00,Canada,,4405053,Basic Materials,Precious Metals
IBM,International Business Machines Corporation Common Stock,$231.40,-2.47,-1.056%,218009897846.00,United States,,3235704,Technology,Computer Manufacturing
IBN,ICICI Bank Limited Common Stock,$30.19,-0.17,-0.56%,108081899244.00,India,,3880701,Finance,Commercial Banks
IBP,Installed Building Products Inc. Common Stock,$234.14,-8.69,-3.579%,6223248503.00,United States,2014,338810,Consumer Discretionary,Homebuilding
IBTA,Ibotta Inc. Class A Common Stock,$37.27,0.06,0.161%,863531514.00,United States,2024,161558,Consumer Discretionary,Advertising
ICE,Intercontinental Exchange Inc. Common Stock,$159.60,-1.10,-0.685%,89598560125.00,United States,2005,2696878,Finance,Investment Bankers/Brokers/Service
ICL,ICL Group Ltd. Ordinary Shares,$5.77,0.05,0.874%,7447181646.00,Israel,2014,1598352,Industrials,Agricultural Chemicals
ICR^A,InPoint Commercial Real Estate Income Inc. 6.75% Series A Cumulative Redeemable Preferred Stock,$22.705,0.155,0.687%,,,,2323,,
IDA,IDACORP Inc. Common Stock,$136.39,0.23,0.169%,7889076245.00,United States,,381156,Utilities,Electric Utilities: Central
IDE,Voya Infrastructure Industrials and Materials Fund Common Shares of Beneficial Interest,$12.97,-0.16,-1.219%,0.00,United States,2010,131850,Finance,Finance/Investors Services
IDT,IDT Corporation Class B Common Stock,$68.35,0.13,0.191%,1699766486.00,United States,,127643,Telecommunications,Telecommunications Equipment
IEX,IDEX Corporation Common Stock,$222.86,-5.78,-2.528%,16429216023.00,United States,1989,575547,Industrials,Fluid Controls
IFF,International Flavors & Fragrances Inc. Common Stock,$85.78,-0.55,-0.637%,21886763826.00,United States,,1494247,Industrials,Major Chemicals
IFN,Aberdeen India Fund Inc. Common Stock,$11.49,-0.03,-0.26%,0.00,United States,,86678,Finance,Finance/Investors Services
IFS,Intercorp Financial Services Inc. Common Shares,$55.21,0.59,1.08%,6095057293.00,,2019,98413,Finance,Commercial Banks
IGA,Voya Global Advantage and Premium Opportunity Fund Common Shares of Beneficial Interest,$10.67,-0.01,-0.094%,0.00,United States,2005,245614,Finance,Investment Managers
IGD,Voya Global Equity Dividend and Premium Opportunity Fund,$6.53,-0.08,-1.21%,0.00,United States,2005,206420,Finance,Trusts Except Educational Religious and Charitable
IGI,Western Asset Investment Grade Opportunity Trust Inc. Common Stock,$15.86,-0.215,-1.337%,0.00,United States,2009,11878,Finance,Investment Managers
IGR,CBRE Global Real Estate Income Fund Common Shares of Beneficial Interest,$4.51,-0.05,-1.096%,0.00,United States,2004,478196,Finance,Finance Companies
IH,iHuman Inc. American depositary shares each representing five Class A ordinary shares,$1.23,0.01,0.82%,62868820.00,United States,2020,6131,Real Estate,Other Consumer Services
IHD,Voya Emerging Markets High Income Dividend Equity Fund Common Shares,$7.60,-0.10,-1.299%,0.00,United States,2011,46115,Finance,Investment Managers
IHG,Intercontinental Hotels Group American Depositary Shares (Each representing one Ordinary Share),$155.27,-4.79,-2.993%,23506574198.00,United Kingdom,,176659,Consumer Discretionary,Hotels/Resorts
IHS,IHS Holding Limited Ordinary Shares,$8.40,-0.01,-0.119%,2818378265.00,Cayman Islands,2021,2941393,Telecommunications,Telecommunications Equipment
IIF,Morgan Stanley India Investment Fund Inc. Common Stock,$23.03,-0.22,-0.946%,0.00,United States,1994,27537,Finance,Trusts Except Educational Religious and Charitable
IIIN,Insteel Industries Inc. Common Stock,$30.07,-0.03,-0.10%,582102487.00,United States,,169641,Industrials,Steel/Iron Ore
IIM,Invesco Value Municipal Income Trust Common Stock,$12.58,-0.17,-1.333%,592120963.00,United States,,124459,Finance,Investment Managers
IIPR,Innovative Industrial Properties Inc. Common Stock,$56.17,-0.75,-1.318%,1548682673.00,United States,2016,412916,Finance,Real Estate
IIPR^A,Innovative Industrial Properties Inc. 9.00% Series A Cumulative Redeemable Preferred Stock,$25.00,-0.07,-0.279%,,United States,,16676,,
IMAX,Imax Corporation Common Stock,$51.13,-0.07,-0.137%,2804077289.00,Canada,,707845,Consumer Discretionary,Industrial Machinery/Components
INFQ,Infleqtion Inc. Common Stock,$12.69,-0.38,-2.907%,2859780990.00,,2026,5713030,Technology,EDP Services
INFY,Infosys Limited American Depositary Shares,$12.00,-0.06,-0.498%,48676321092.00,India,,16393779,Technology,EDP Services
ING,ING Group N.V. Common Stock,$35.25,-0.07,-0.198%,102310928502.00,Netherlands,1997,1357848,Finance,Commercial Banks
INGM,Ingram Micro Holding Corporation Common Stock,$27.61,-0.56,-1.988%,6368575169.00,United States,2024,1198547,Technology,Retail: Computer Software & Peripheral Equipment
INGR,Ingredion Incorporated Common Stock,$104.23,0.77,0.744%,6573158531.00,United States,,559869,Consumer Staples,Packaged Foods
INN,Summit Hotel Properties Inc. Common Stock,$5.72,-0.13,-2.222%,616921808.00,United States,2011,814134,Real Estate,Real Estate Investment Trusts
INN^E,Summit Hotel Properties Inc. 6.250% Series E Cumulative Redeemable Preferred Stock,$17.84,-0.14,-0.779%,,United States,,972,,
INN^F,Summit Hotel Properties Inc. 5.875% Series F Cumulative Redeemable Preferred Stock $0.01 par value per share,$17.00,-0.26,-1.506%,,United States,,1823,,
INR,Infinity Natural Resources Inc. Class A Common Stock,$15.61,0.17,1.101%,990021447.00,United States,2025,222658,Energy,Oil & Gas Production
INSP,Inspire Medical Systems Inc. Common Stock,$61.52,-1.47,-2.334%,1778566270.00,United States,2018,351778,Health Care,Medical/Dental Instruments
INSW,International Seaways Inc. Common Stock ,$99.76,1.12,1.135%,4941243585.00,United States,2016,577893,Consumer Discretionary,Marine Transportation
INVH,Invitation Homes Inc. Common Stock,$29.13,-0.01,-0.034%,17204854573.00,United States,2017,3432566,Finance,Real Estate
INVX,Innovex International Inc. Common Stock,$30.25,-0.42,-1.369%,2115558767.00,United States,,581941,Consumer Discretionary,Oil and Gas Field Machinery
IONQ,IonQ Inc. Common Stock,$37.78,-1.53,-3.892%,14394267423.00,United States,2021,14074492,Technology,EDP Services
IOT,Samsara Inc. Class A Common Stock,$39.06,-1.79,-4.382%,22760655803.00,United States,2021,5296719,Technology,EDP Services
IP,International Paper Company Common Stock,$36.46,-1.47,-3.876%,19308118372.00,United States,,6522335,Basic Materials,Paper
IPI,Intrepid Potash Inc Common Stock,$40.70,2.03,5.25%,547686632.00,United States,2008,388752,Industrials,Mining & Quarrying of Nonmetallic Minerals (No Fuels)
IQI,Invesco Quality Municipal Income Trust Common Stock,$9.99,-0.13,-1.285%,528309132.00,United States,,223892,Finance,Finance Companies
IQV,IQVIA Holdings Inc. Common Stock,$258.35,-2.84,-1.087%,42524410000.00,United States,2013,1240017,Health Care,Biotechnology: Commercial Physical & Biological Resarch
IR,Ingersoll Rand Inc. Common Stock,$74.64,-2.41,-3.128%,28960277381.00,United States,2017,3060753,Industrials,Industrial Machinery/Components
IRAB,Iris Acquisition Corp II Class A Ordinary Shares,$10.025,0.00,0.00%,0.00,,2026,3465,,
IRM,Iron Mountain Incorporated (Delaware)Common Stock REIT,$114.22,-1.13,-0.98%,34003615187.00,United States,,2248996,Real Estate,Real Estate Investment Trusts
IRS,IRSA Inversiones Y Representaciones S.A. Global Depositary Shares (Each representing ten shares of Common Stock),$15.03,0.07,0.468%,1218628071.00,Argentina,,74156,Real Estate,Homebuilding
IRT,Independence Realty Trust Inc. Common Stock,$16.27,0.09,0.556%,3835564105.00,United States,2013,2495951,Real Estate,Real Estate Investment Trusts
ISD,PGIM High Yield Bond Fund Inc.,$12.24,-0.06,-0.488%,0.00,United States,2012,152777,Finance,Trusts Except Educational Religious and Charitable
IT,Gartner Inc. Common Stock,$189.93,-8.18,-4.129%,11993885012.00,United States,1993,772261,Consumer Discretionary,Other Consumer Services
ITGR,Integer Holdings Corporation Common Stock,$125.39,0.14,0.112%,4262262899.00,United States,,1173307,Health Care,Biotechnology: Electromedical & Electrotherapeutic Apparatus
ITT,ITT Inc. Common Stock ,$194.26,-6.03,-3.011%,17366844000.00,United States,2011,872767,Industrials,Fluid Controls
ITUB,Itau Unibanco Banco Holding SA American Depositary Shares (Each repstg 500 Preferred shares),$7.68,0.07,0.92%,84683708390.00,Brazil,,16113288,Finance,Major Banks
ITW,Illinois Tool Works Inc. Common Stock,$269.88,-5.49,-1.994%,76861824000.00,United States,,1086000,Industrials,Industrial Machinery/Components
IVR,INVESCO MORTGAGE CAPITAL INC Common Stock,$7.19,-0.12,-1.642%,773934598.00,United States,2009,3166198,Real Estate,Real Estate Investment Trusts
IVR^C,INVESCO MORTGAGE CAPITAL INC 7.5% Fixed-to-Floating Series C Cumulative Redeemable Preferred Stock Liquation Preference $25.00 per Share,$25.0274,-0.0126,-0.05%,,United States,,3981,,
IVT,InvenTrust Properties Corp. Common Stock,$32.53,0.22,0.681%,2536638360.00,United States,2021,645703,Real Estate,Real Estate Investment Trusts
IVZ,Invesco Ltd Common Stock,$31.99,-0.79,-2.41%,14123577962.00,United States,,4820670,Finance,Investment Managers
IX,ORIX Corporation American Depositary Shares,$39.16,0.19,0.488%,44020015396.00,Japan,,164925,Finance,Diversified Financial Services
J,Jacobs Solutions Inc. Common Stock,$146.33,-2.72,-1.825%,17126259948.00,United States,2022,926390,Industrials,Military/Government/Technical
JACS,Jackson Acquisition Company II Class A Ordinary Shares,$10.75,0.01,0.093%,0.00,,2025,356871,,
JAN,Janus Living Inc. Class A-1 Common Stock,$30.90,1.15,3.866%,9587984978.00,,2026,2733184,Real Estate,Real Estate Investment Trusts
JBGS,JBG SMITH Properties Common Shares ,$11.77,-0.28,-2.324%,878259133.00,United States,2017,913884,Real Estate,Real Estate Investment Trusts
JBI,Janus International Group Inc. Common Stock,$4.68,-0.28,-5.645%,638519497.00,United States,2021,3289081,Industrials,Building Products
JBK,Lehman ABS 3.50 3.50% Adjustable Corp Backed Tr Certs GS Cap I,$25.28,-0.10,-0.394%,0.00,United States,,916,Finance,Finance: Consumer Services
JBL,Jabil Inc. Common Stock,$299.14,-6.12,-2.005%,31346009803.00,United States,1993,926850,Technology,Electrical Products
JBS,JBS N.V. Class A Common Shares,$13.41,-0.03,-0.223%,14361160398.00,,2025,4022143,Consumer Staples,Meat/Poultry/Fish
JBTM,JBT Marel Corporation Common Stock,$116.40,-0.47,-0.402%,6038461499.00,United States,,399350,Industrials,Industrial Machinery/Components
JCE,Nuveen Core Equity Alpha Fund Common Shares of Beneficial Interest,$17.16,0.085,0.498%,0.00,United States,2007,57819,Finance,Trusts Except Educational Religious and Charitable
JCI,Johnson Controls International plc Ordinary Share,$139.25,1.01,0.731%,84349499698.00,Switzerland,,3160997,Industrials,Industrial Machinery/Components
JEF,Jefferies Financial Group Inc. Common Stock,$51.98,-0.66,-1.254%,10070745026.00,United States,,1277040,Finance,Investment Bankers/Brokers/Service
JELD,JELD-WEN Holding Inc. Common Stock,$2.17,-0.22,-9.205%,188276539.00,United States,2017,2783431,Basic Materials,Forest Products
JENA,Jena Acquisition Corporation II Class A Ordinary Shares,$10.47,0.00,0.00%,0.00,,2025,108,Finance,Blank Checks
JFR,Nuveen Floating Rate Income Fund Common Stock,$7.61,-0.08,-1.04%,0.00,United States,2004,893757,Finance,Trusts Except Educational Religious and Charitable
JGH,Nuveen Global High Income Fund Common Shares of Beneficial Interest,$12.37,-0.05,-0.403%,0.00,United States,2014,53113,Finance,Investment Managers
JHI,John Hancock Investors Trust Common Stock,$13.18,-0.17,-1.273%,115253129.00,United States,,31582,Finance,Trusts Except Educational Religious and Charitable
JHS,John Hancock Income Securities Trust Common Stock,$10.85,-0.03,-0.276%,126365447.00,United States,,10214,Finance,Finance Companies
JHX,James Hardie Industries plc. Ordinary Shares,$28.57,-1.14,-3.837%,16585527482.00,Ireland,2025,7538430,Industrials,Building Materials
JILL,J. Jill Inc. Common Stock,$19.43,-0.10,-0.512%,290505993.00,United States,2017,61043,Consumer Discretionary,Apparel
JKS,JinkoSolar Holding Company Limited American Depositary Shares (each representing 4 Common Shares),$12.45,-0.13,-1.033%,652008841.00,China,2010,943316,Technology,Semiconductors
JLL,Jones Lang LaSalle Incorporated Common Stock,$354.67,-11.20,-3.061%,16317552023.00,United States,,355849,Finance,Real Estate
JLS,Nuveen Mortgage and Income Fund,$16.86,-0.02,-0.118%,0.00,United States,2009,16987,Finance,Investment Managers
JMIA,Jumia Technologies AG American Depositary Shares each representing two Ordinary Shares,$6.90,0.01,0.145%,922018303.00,,2019,1209250,Consumer Discretionary,Catalog/Specialty Distribution
JMKE,Jersey Mike's Subs Inc. Class A Common Stock,$20.42,-1.03,-4.802%,8217898782.00,,2026,2304185,Consumer Discretionary,Restaurants
JMM,Nuveen Multi-Market Income Fund (MA),$5.78,-0.06,-1.027%,0.00,United States,,4213,Finance,Trusts Except Educational Religious and Charitable
JNJ,Johnson & Johnson Common Stock,$271.19,5.34,2.009%,653540400520.00,United States,,6031677,Health Care,Biotechnology: Pharmaceutical Preparations
JOBY,Joby Aviation Inc. Common Stock,$6.69,-0.15,-2.193%,6617241146.00,United States,2020,22183132,Industrials,Aerospace
JOE,St. Joe Company (The) Common Stock,$65.05,-1.05,-1.589%,3703325838.00,United States,,194979,Real Estate,Homebuilding
JOF,Japan Smaller Capitalization Fund Inc Common Stock,$12.59,-0.04,-0.317%,0.00,United States,1990,63677,Finance,Trusts Except Educational Religious and Charitable
JPC,Nuveen Preferred & Income Opportunities Fund,$7.37,0.03,0.409%,0.00,United States,2003,1186296,Finance,Investment Managers
JPM,JP Morgan Chase & Co. Common Stock,$354.95,-1.07,-0.301%,943523189915.00,United States,,5076213,Finance,Major Banks
JPM^C,J P Morgan Chase & Co Depositary Shares each representing a 1/400th interest in a share of 6.00% Non-Cumulative  Preferred Stock Series EE,$24.42,-0.16,-0.651%,,United States,,363290,,
JPM^D,J P Morgan Chase & Co Depositary Shares each representing a 1/400th  interest in a share of 5.75% Non-Cumulative  Preferred Stock Series DD,$22.77,-0.12,-0.524%,,United States,,291923,,
JPM^J,J P Morgan Chase & Co Depositary Shares each representing a 1/400th interest in a share of JPMorgan Chase & Co. 4.75% Non-Cumulative Preferred Stock Series GG,$18.52,-0.21,-1.121%,,United States,,149293,,
JPM^K,J P Morgan Chase & Co Depositary Shares each representing a 1/400th interest in a share of 4.55% Non-Cumulative Preferred Stock Series JJ,$17.62,-0.26,-1.454%,,United States,,312401,,
JPM^L,J P Morgan Chase & Co Depositary Shares each representing a 1/400th interest in a share of 4.625% Non-Cumulative Preferred Stock Series LL,$18.00,-0.20,-1.099%,,United States,,224217,,
JPM^M,J P Morgan Chase & Co Depositary Shares each representing a 1/400th interest in a share of 4.20% Non-Cumulative Preferred Stock Series MM,$16.61,-0.16,-0.954%,,United States,,238490,,
JQC,Nuveen Credit Strategies Income Fund Shares of Beneficial Interest,$4.78,0.01,0.21%,0.00,United States,2003,789665,Finance,Finance Companies
JRI,Nuveen Real Asset Income and Growth Fund Common Shares of Beneficial Interest,$12.17,-0.01,-0.082%,0.00,United States,2012,191688,Finance,Finance Companies
JRS,Nuveen Real Estate Income Fund Common Shares of Beneficial Interest,$8.19,-0.10,-1.206%,0.00,United States,2001,63956,Finance,Finance/Investors Services
JXN,Jackson Financial Inc. Class A Common Stock ,$132.78,-0.65,-0.487%,8993022628.00,United States,2021,417251,Finance,Life Insurance
JXN^A,Jackson Financial Inc. Depositary Shares each representing a 1/1000th interest in a share of Fixed-Rate Reset Noncumulative Perpetual Preferred Stock Series A,$25.85,0.11,0.427%,,United States,,50674,,
KAI,Kadant Inc Common Stock,$292.48,-6.66,-2.226%,3453930540.00,United States,1992,150790,Industrials,Industrial Machinery/Components
KB,KB Financial Group Inc,$124.64,-0.15,-0.12%,44694373670.00,South Korea,,119406,Finance,Commercial Banks
KBDC,Kayne Anderson BDC Inc. Common Stock,$13.50,-0.11,-0.808%,891510435.00,United States,2024,218619,,
KBH,KB Home Common Stock,$52.22,-1.08,-2.026%,3201593996.00,United States,1986,657563,Consumer Discretionary,Homebuilding
KBR,KBR Inc. Common Stock,$36.96,-0.54,-1.44%,4659464225.00,United States,2006,963894,Industrials,Military/Government/Technical
KD,Kyndryl Holdings Inc. Common Stock,$13.12,-0.33,-2.454%,2857775611.00,United States,2021,3153523,Technology,EDP Services
KEN,Kenon Holdings Ltd. Ordinary Shares,$63.89,-4.63,-6.757%,3329205484.00,Singapore,2015,25305,Utilities,Electric Utilities: Central
KEP,Korea Electric Power Corporation Common Stock,$11.66,0.06,0.517%,14970602276.00,South Korea,1994,784096,Utilities,Electric Utilities: Central
KEX,Kirby Corporation Common Stock,$140.95,-0.91,-0.641%,7442160000.00,United States,,372436,Consumer Discretionary,Marine Transportation
KEY,KeyCorp Common Stock,$21.21,-0.40,-1.851%,22633796630.00,United States,,10553217,Finance,Major Banks
KEY^I,KeyCorp Depositary Shares Each Representing a 1/40th Ownership Interest in a Share of Fixed-to-Floating Rate Perpetual Non-Cumulative Preferred Stock Series E,$24.9585,-0.0015,-0.006%,,United States,,137880,,
KEY^J,KeyCorp Depositary Shares each representing a 1/40th ownership interest in a share of Fixed Rate Perpetual Non-Cumulative Preferred Stock Series F,$20.31,-0.09,-0.441%,,United States,,35043,,
KEY^K,KeyCorp Depositary Shares each representing a 1/40th ownership interest in a share of Fixed Rate Perpetual Non-Cumulative Preferred Stock Series G,$20.21,0.00,0.00%,,United States,,49820,,
KEY^L,KeyCorp Depositary Shares each representing a 1/40th ownership interest in a share of Fixed Rate Perpetual Non-Cumulative Preferred Stock Series H,$25.04,-0.13,-0.516%,,United States,,135502,,
KEYS,Keysight Technologies Inc. Common Stock,$319.27,-3.43,-1.063%,54561764141.00,United States,2014,831775,Industrials,Industrial Machinery/Components
KF,Korea Fund Inc. (The) New Common Stock,$63.38,-1.05,-1.63%,0.00,United States,,25744,Finance,Investment Managers
KFRC,Kforce Inc. Common Stock,$54.89,-2.69,-4.672%,983025010.00,United States,1995,343731,Consumer Discretionary,Professional Services
KFY,Korn Ferry Common Stock,$84.65,-0.90,-1.052%,4347296658.00,United States,1999,332883,Consumer Discretionary,Diversified Commercial Services
KGC,Kinross Gold Corporation Common Stock,$29.43,-1.25,-4.074%,35142363000.00,Canada,2001,7400625,Basic Materials,Precious Metals
KGS,Kodiak Gas Services Inc. Common Stock,$59.55,0.78,1.327%,6020745046.00,United States,2023,1673840,Utilities,Natural Gas Distribution
KIM,Kimco Realty Corporation (HC) Common Stock,$24.12,0.41,1.729%,16179439677.00,United States,,5989593,Real Estate,Real Estate Investment Trusts
KIM^L,Kimco Realty Corporation Class L Depositary Shares each of which represents a one-one thousandth fractional interest in a share of 5.125% Class L Cumulative Redeemable Preferred Stock liquidation preference $25000.00 per share,$20.02,0.00,0.00%,,United States,,165778,,
KIM^M,Kimco Realty Corporation Class M Depositary Shares each of which represents a one-one thousandth fractional interest in a share of 5.25% Class M Cumulative Redeemable Preferred Stock liquidation preference $25000.00 per share,$20.40,0.00,0.00%,,United States,,529688,,
KIM^N,Kimco Realty Corporation Depositary Shares each representing 1/1000th interest in a share of 7.25% Class N Cumulative Convertible Perpetual Preferred Stock,$59.59,0.00,0.00%,,United States,,108,,
KIO,KKR Income Opportunities Fund Common Shares,$11.00,-0.06,-0.542%,0.00,United States,2013,154883,Finance,Investment Managers
KKR,KKR & Co. Inc. Common Stock,$106.41,-3.31,-3.017%,95517404302.00,United States,,4089643,Finance,Investment Managers
KKR^D,KKR & Co. Inc. 6.25% Series D Mandatory Convertible Preferred Stock,$46.69,-1.93,-3.97%,,United States,,36472,,
KKRS,KKR Group Finance Co. IX LLC 4.625% Subordinated Notes due 2061,$16.04,-0.14,-0.865%,14398075040.00,United States,2021,24601,Finance,Investment Managers
KKRT,KKR & Co. Inc. 6.875% Subordinated Notes due 2065,$23.235,-0.145,-0.62%,0.00,United States,2025,63786,Finance,Investment Managers
KLAR,Klarna Group plc Ordinary Shares,$14.25,-0.44,-2.995%,10055434111.00,,2025,6262766,Finance,Finance: Consumer Services
KLC,KinderCare Learning Companies Inc. Common Stock,$2.50,-0.02,-0.794%,296292583.00,United States,2024,719859,Consumer Discretionary,Other Consumer Services
KMI,Kinder Morgan Inc. Common Stock,$32.10,-0.14,-0.434%,71480347057.00,United States,2011,9053775,Utilities,Natural Gas Distribution
KMPB,Kemper Corporation 5.875% Fixed-Rate Reset Junior Subordinated Debentures due 2062,$24.33,-0.24,-0.977%,1433600337.00,United States,2022,8149,Finance,Property-Casualty Insurers
KMPR,Kemper Corporation,$27.66,-0.52,-1.845%,1629814440.00,United States,,926462,Finance,Property-Casualty Insurers
KMT,Kennametal Inc. Common Stock,$29.19,-0.15,-0.511%,2224833252.00,United States,,1419161,Industrials,Industrial Machinery/Components
KMX,CarMax Inc,$61.00,-0.33,-0.538%,8656576856.00,United States,,1645709,Consumer Discretionary,Retail-Auto Dealers and Gas Stations
KN,Knowles Corporation Common Stock,$34.33,0.15,0.439%,2932136492.00,United States,2014,798344,Consumer Staples,Consumer Electronics/Appliances
KNF,Knife Riv Holding Co. Common Stock,$61.80,-0.90,-1.435%,3507979356.00,United States,2023,847916,Industrials,Mining & Quarrying of Nonmetallic Minerals (No Fuels)
KNOP,KNOT Offshore Partners LP Common Units representing Limited Partner Interests,$10.97,0.17,1.574%,369253952.00,United Kingdom,2013,55952,Consumer Discretionary,Marine Transportation
KNSL,Kinsale Capital Group Inc. Common Stock,$372.51,-1.39,-0.372%,8485191097.00,United States,,196597,Finance,Property-Casualty Insurers
KNTK,Kinetik Holdings Inc. Class A Common Stock,$55.03,0.20,0.365%,8935723469.00,United States,2022,610587,Utilities,Natural Gas Distribution
KNX,Knight-Swift Transportation Holdings Inc.,$66.73,-1.78,-2.598%,10860707880.00,United States,2017,3153028,Industrials,Trucking Freight/Courier Services
KO,Coca-Cola Company (The) Common Stock,$88.00,-0.67,-0.756%,378624333384.00,United States,,14823093,Consumer Staples,Beverages (Production/Distribution)
KODK,Eastman Kodak Company Common New,$8.94,-0.04,-0.445%,875226000.00,United States,,1639356,Consumer Discretionary,Industrial Machinery/Components
KOF,Coca Cola Femsa S.A.B. de C.V.  American Depositary Shares each representing 10 Units (each Unit consists of 3 Series B Shares and 5 Series L Shares),$110.93,-0.23,-0.207%,5826133121.00,Mexico,1993,162964,Consumer Staples,Beverages (Production/Distribution)
KOP,Koppers Holdings Inc. Common Stock,$45.93,0.06,0.131%,868608318.00,United States,2006,227357,Basic Materials,Forest Products
KOS,Kosmos Energy Ltd. Common Shares (DE),$2.95,0.09,3.147%,1756688570.00,Bermuda,2011,11706094,Energy,Oil & Gas Production
KPET,KPET Ultra Paceline Corporation Class A Ordinary Shares,$9.98,0.00,0.00%,0.00,,2026,9607,,
KR,Kroger Company (The) Common Stock,$57.94,0.40,0.695%,35496783519.00,United States,,7304306,Consumer Staples,Food Chains
KRC,Kilroy Realty Corporation Common Stock,$36.22,-0.08,-0.22%,4212711545.00,United States,1997,1264490,Real Estate,Real Estate Investment Trusts
KREF,KKR Real Estate Finance Trust Inc. Common Stock,$7.45,-0.17,-2.231%,436405713.00,United States,2017,627262,Real Estate,Real Estate Investment Trusts
KREF^A,KKR Real Estate Finance Trust Inc. 6.50% Series A Cumulative Redeemable Preferred Stock,$18.205,-0.065,-0.356%,,United States,,2461,,
KRG,Kite Realty Group Trust Common Stock,$26.12,0.32,1.24%,5233061890.00,United States,2004,1828850,Real Estate,Real Estate Investment Trusts
KRMN,Karman Holdings Inc. Common Stock,$41.09,-0.36,-0.869%,5445810062.00,United States,2025,3280394,Industrials,Military/Government/Technical
KRO,Kronos Worldwide Inc Common Stock,$8.40,-0.42,-4.762%,966819134.00,United States,,633900,Basic Materials,Major Chemicals
KRP,Kimbell Royalty Partners Common Units Representing Limited Partner Interests,$14.90,-0.05,-0.334%,1709083491.00,United States,2017,1453709,Energy,Oil & Gas Production
KRSP,Rice Acquisition Corporation 3 Class A Ordinary Shares,$10.60,0.02,0.189%,0.00,,2025,1353,,
KSS,Kohl's Corporation Common Stock,$17.82,0.00,0.00%,2020787875.00,United States,1992,4689399,Consumer Discretionary,Department/Specialty Retail Stores
KT,KT Corporation Common Stock,$19.67,-0.01,-0.051%,9484679778.00,South Korea,,933320,Telecommunications,Telecommunications Equipment
KTB,Kontoor Brands Inc. Common Stock ,$74.64,-0.77,-1.021%,4079346197.00,United States,2019,754946,Industrials,Garments and Clothing
KTF,DWS Municipal Income Trust,$8.68,-0.07,-0.80%,342868142.00,United States,1988,144821,Finance,Finance Companies
KTH,Structures Products Cp 8% CorTS Issued by Peco Energy Cap Tr II Preferred Stock,$28.52,0.00,0.00%,0.00,United States,,7,Finance,Finance: Consumer Services
KTN,Structured Products Corp 8.205% CorTS 8.205% Corporate Backed Trust Securities (CorTS),$25.55,0.06,0.235%,0.00,United States,,1360,Finance,Finance: Consumer Services
KVUE,Kenvue Inc. Common Stock,$18.75,-0.13,-0.689%,36014502506.00,United States,2023,21753070,Consumer Discretionary,Package Goods/Cosmetics
KVYO,Klaviyo Inc. Series A Common Stock,$20.64,0.06,0.292%,5876774300.00,United States,2023,10720249,Technology,Computer Software: Prepackaged Software
KWR,Quaker Houghton Common Stock,$162.20,-3.60,-2.171%,2791089264.00,United States,,194848,Industrials,Major Chemicals
KWY,Kingsway Corporation Common Stock,$10.09,-0.22,-2.134%,291913790.00,Canada,,39625,Finance,Property-Casualty Insurers
KYN,Kayne Anderson Energy Infrastructure Fund Inc.,$15.07,0.11,0.735%,2051502157.00,United States,2004,468942,Finance,Finance/Investors Services
L,Loews Corporation Common Stock,$108.71,0.42,0.388%,22223337441.00,United States,,985383,Finance,Property-Casualty Insurers
LAC,Lithium Americas Corp. Common Shares,$2.97,-0.12,-3.883%,1078237541.00,Canada,2023,8189859,Basic Materials,Metal Mining
LAD,Lithia Motors Inc. Common Stock,$369.61,2.29,0.623%,8125179505.00,United States,,195542,Consumer Discretionary,Retail-Auto Dealers and Gas Stations
LADR,Ladder Capital Corp Class A Common Stock,$9.69,-0.11,-1.122%,1229324786.00,United States,2014,1361956,Real Estate,Real Estate Investment Trusts
LANV,Lanvin Group Holdings Limited Ordinary Shares,$1.04,-0.02,-1.887%,130619751.00,Cayman Islands,2022,7384,Consumer Discretionary,Apparel
LAR,Lithium Argentina AG Common Shares,$6.63,-0.16,-2.356%,1087983000.00,Canada,2023,1255034,Basic Materials,Metal Mining
LAW,CS Disco Inc. Common Stock,$4.23,-0.15,-3.425%,274610606.00,United States,2021,202057,Technology,Computer Software: Prepackaged Software
LAZ,Lazard Inc. Common Stock,$42.32,-0.91,-2.105%,4124108207.00,Bermuda,2005,838845,Finance,Investment Managers
LB,LandBridge Company LLC Class A Shares Representing Limited Liability Company Interests,$85.84,-1.74,-1.987%,6617011766.00,,2024,257600,Energy,Oil & Gas Production
LBRT,Liberty Energy Inc. Class A common stock,$20.10,0.39,1.979%,3280147462.00,United States,2018,2950335,Energy,Oilfield Services/Equipment
LCII,LCI Industries,$100.77,0.14,0.139%,2449870560.00,United States,1995,288315,Consumer Discretionary,Auto Parts:O.E.M.
LCLN,Lincoln International Inc. Class A Common Stock,$24.85,-0.39,-1.545%,2575093402.00,,2026,491464,Finance,Investment Managers
LDI,loanDepot Inc. Class A Common Stock,$0.8899,-0.0545,-5.771%,300924373.00,United States,2021,4594237,Finance,Finance: Consumer Services
LDOS,Leidos Holdings Inc. Common Stock,$139.18,-1.03,-0.735%,17466005649.00,United States,,1199703,Technology,EDP Services
LDP,Cohen & Steers Limited Duration Preferred and Income Fund Inc.,$20.66,-0.14,-0.673%,0.00,United States,2012,67126,Finance,Finance Companies
LEA,Lear Corporation Common Stock,$125.17,0.18,0.144%,6173980710.00,United States,,593986,Consumer Discretionary,Auto Parts:O.E.M.
LEN,Lennar Corporation Class A Common Stock,$82.75,-1.36,-1.617%,19934073001.00,United States,,3753645,Consumer Discretionary,Homebuilding
LEO,BNY Mellon Strategic Municipals Inc. Common Stock,$6.14,-0.04,-0.647%,382465844.00,United States,1987,154527,Finance,Trusts Except Educational Religious and Charitable
LEU,Centrus Energy Corp. Class A Common Stock,$168.31,-3.09,-1.803%,3358265530.00,United States,2014,621351,Industrials,Mining & Quarrying of Nonmetallic Minerals (No Fuels)
LEVI,Levi Strauss & Co Class A Common Stock,$20.36,-0.40,-1.927%,7835557442.00,United States,2019,2202722,Consumer Discretionary,Apparel
LFT,Lument Finance Trust Inc. Common Stock,$0.7207,-0.0053,-0.73%,37826753.00,United States,2013,103909,Real Estate,Real Estate Investment Trusts
LFT^A,Lument Finance Trust Inc. 7.875% Series A Cumulative Redeemable Preferred Stock,$16.203,-0.052,-0.32%,,United States,,2177,,
LGI,Lazard Global Total Return and Income Fund Common Stock,$18.14,-0.18,-0.983%,0.00,United States,2004,23126,,
LH,Labcorp Holdings Inc. Common Stock,$327.61,-5.05,-1.518%,26569171000.00,United States,,571910,Health Care,Medical Specialities
LHX,L3Harris Technologies Inc. Common Stock,$263.56,-2.69,-1.01%,49078724193.00,United States,,1340403,Industrials,Industrial Machinery/Components
LII,Lennox International Inc. Common Stock,$377.25,-5.39,-1.409%,13038014644.00,United States,1999,464012,Industrials,Industrial Machinery/Components
LION,Lionsgate Studios Corp Common Shares,$10.97,-0.36,-3.177%,3264229690.00,Canada,2025,2276006,Consumer Discretionary,Movies/Entertainment
LITB,LightInTheBox Holding Co. Ltd. American Depositary Shares each representing twelve ordinary shares,$3.02,-0.005,-0.165%,59574278.00,China,,5597,Consumer Discretionary,Catalog/Specialty Distribution
LLY,Eli Lilly and Company Common Stock,$1160.00,3.27,0.283%,1091974195400.00,United States,,2519040,Health Care,Biotechnology: Pharmaceutical Preparations
LMND,Lemonade Inc. Common Stock,$51.34,-0.89,-1.704%,3973542214.00,United States,2020,727661,Finance,Property-Casualty Insurers
LMT,Lockheed Martin Corporation Common Stock,$544.50,-16.73,-2.981%,125665565009.00,United States,,1045253,Industrials,Military/Government/Technical
LNC,Lincoln National Corporation Common Stock,$42.77,0.18,0.423%,8188202561.00,United States,,2138719,Finance,Life Insurance
LNC^D,Lincoln National Corporation Depositary Shares Each Representing a 1/1000th Interest in a Share of 9.000% Non-Cumulative Preferred Stock Series D,$26.34,0.04,0.152%,,United States,,49924,,
LND,Brasilagro Brazilian Agric Real Estate Co Sponsored ADR (Brazil),$3.77,-0.03,-0.789%,387116584.00,Brazil,,31892,Consumer Staples,Farming/Seeds/Milling
LNG,Cheniere Energy Inc. Common Stock,$294.13,2.44,0.837%,60747891893.00,United States,2001,2144637,Utilities,Oil/Gas Transmission
LNN,Lindsay Corporation Common Stock,$114.82,-0.09,-0.078%,1167591376.00,United States,,101063,Industrials,Industrial Machinery/Components
LOAR,Loar Holdings Inc. Common Stock,$68.91,-1.28,-1.824%,6456072537.00,United States,2024,878871,Industrials,Military/Government/Technical
LOB,Live Oak Bancshares Inc. Common Stock,$38.65,-0.74,-1.879%,1788861913.00,United States,2022,211504,Finance,Major Banks
LOB^A,Live Oak Bancshares Inc. Depositary Shares Each Representing a 1/40th Interest in a Share of 8.375% Fixed Rate Series A Non-Cumulative Perpetual Preferred Stock,$24.756,-0.564,-2.227%,,United States,,25294,,
LOCL,Local Bounti Corporation Common Stock,$1.04,0.01,0.971%,24315324.00,United States,2021,26156,Consumer Staples,Farming/Seeds/Milling
LOMA,Loma Negra Compania Industrial Argentina Sociedad Anonima ADS,$10.07,0.02,0.199%,1175135064.00,Argentina,2017,407736,Industrials,Building Materials
LOW,Lowe's Companies Inc. Common Stock,$200.05,-4.65,-2.272%,112238856501.00,United States,,3506695,Consumer Discretionary,RETAIL: Building Materials
LPG,Dorian LPG Ltd. Common Stock,$50.86,0.82,1.639%,2175927156.00,United States,2014,839761,Consumer Discretionary,Marine Transportation
LPL,LG Display Co Ltd AMERICAN DEPOSITORY SHARES,$3.27,-0.12,-3.54%,3270000000.00,South Korea,2004,2659853,Technology,Industrial Machinery/Components
LPX,Louisiana-Pacific Corporation Common Stock,$68.81,-1.70,-2.411%,4811429842.00,United States,,1315871,Basic Materials,Forest Products
LRN,Stride Inc. Common Stock,$87.28,0.59,0.681%,3627343272.00,United States,,824864,Real Estate,Other Consumer Services
LSPD,Lightspeed Commerce Inc. Subordinate Voting Shares,$10.15,-0.39,-3.70%,1353141840.00,Canada,,694999,Technology,Computer Software: Prepackaged Software
LTC,LTC Properties Inc. Common Stock,$41.40,1.08,2.679%,2231690308.00,United States,,488022,Real Estate,Real Estate Investment Trusts
LTH,Life Time Group Holdings Inc. Common Stock,$41.83,-0.19,-0.452%,9347413285.00,United States,2021,2671963,Consumer Discretionary,Hotels/Resorts
LTM,LATAM Airlines Group S.A. American Depositary Shares (each representing two thousand (2000) shares of Common Stock),$49.29,-0.48,-0.964%,14151552926.00,Chile,2024,1159399,Consumer Discretionary,Air Freight/Delivery Services
LU,Lufax Holding Ltd American Depositary Shares each representing two (2) Ordinary Shares,$1.21,-0.05,-3.968%,1048693559.00,China,,949597,Finance,Finance: Consumer Services
LUCK,Lucky Strike Entertainment Corporation Class A Common Stock,$6.10,-0.20,-3.175%,831600922.00,United States,2021,80711,Consumer Discretionary,Services-Misc. Amusement & Recreation
LUMN,Lumen Technologies Inc. Common Stock,$6.38,0.13,2.08%,6580621678.00,United States,,14499414,Telecommunications,Telecommunications Equipment
LUV,Southwest Airlines Company Common Stock,$37.68,-0.85,-2.206%,18433365014.00,United States,,4340343,Consumer Discretionary,Air Freight/Delivery Services
LUXE,LuxExperience B.V. American Depositary Shares each representing one Ordinary Share,$7.42,-0.22,-2.88%,1011896980.00,,2021,94266,Consumer Discretionary,Catalog/Specialty Distribution
LVS,Las Vegas Sands Corp. Common Stock,$43.84,0.03,0.068%,28395219907.00,United States,2004,4771174,Consumer Discretionary,Hotels/Resorts
LVWR,LiveWire Group Inc. Common Stock,$1.14,-0.08,-6.557%,234170201.00,United States,2022,231655,Consumer Discretionary,Motor Vehicles
LW,Lamb Weston Holdings Inc. Common Stock ,$52.60,-1.93,-3.539%,7231501179.00,United States,2016,1640947,Consumer Staples,Packaged Foods
LXP,LXP Industrial Trust Common Stock (Maryland REIT),$60.81,0.10,0.165%,3585191224.00,United States,,1014338,Real Estate,Real Estate Investment Trusts
LXP^C,LXP Industrial Trust 6.5% Series C Cumulative Convertible Preferred Stock,$49.17,-0.02,-0.041%,,United States,,7082,,
LXU,LSB Industries Inc. Common Stock,$11.18,0.51,4.78%,804932095.00,United States,2003,783219,Basic Materials,Major Chemicals
LYB,LyondellBasell Industries NV Ordinary Shares Class A (Netherlands),$65.17,0.09,0.138%,21052383332.00,Netherlands,,3052336,Industrials,Major Chemicals
LYG,Lloyds Banking Group Plc American Depositary Shares,$5.91,0.04,0.681%,87592192232.00,United Kingdom,,9904749,Finance,Commercial Banks
LYNX,Lyntris Inc. Common Stock,$13.72,0.14,1.031%,1590825548.00,,2026,306713,Industrials,Industrial Machinery/Components
LYV,Live Nation Entertainment Inc. Common Stock,$177.20,-2.69,-1.495%,41754319992.00,United States,,1623918,Consumer Discretionary,Services-Misc. Amusement & Recreation
LZB,La-Z-Boy Incorporated Common Stock,$31.29,-0.35,-1.106%,1253251205.00,United States,,868318,Consumer Discretionary,Home Furnishings
LZM,Lifezone Metals Limited Ordinary Shares,$4.28,-0.35,-7.559%,384834304.00,Isle of Man,,346088,Basic Materials,Metal Mining
M,Macy's Inc Common Stock,$21.93,-0.03,-0.137%,5768422331.00,United States,,7236996,Consumer Discretionary,Department/Specialty Retail Stores
MA,Mastercard Incorporated Common Stock,$581.10,-8.21,-1.393%,509049376134.00,United States,2006,3310267,Consumer Discretionary,Business Services
MAA,Mid-America Apartment Communities Inc. Common Stock,$129.36,0.51,0.396%,15008600358.00,United States,1994,895282,Real Estate,Real Estate Investment Trusts
MAA^I,Mid-America Apartment Communities Inc. 8.50% Series I Cumulative Redeemable Preferred Stock,$50.97,0.01,0.02%,,United States,,712,,
MAC,Macerich Company (The) Common Stock,$23.52,-0.10,-0.423%,6669316500.00,United States,1994,2211903,Real Estate,Real Estate Investment Trusts
MAGN,Magnera Corporation Common Stock,$12.31,-0.25,-1.99%,440698000.00,United States,2000,325793,Basic Materials,Paper
MAIN,Main Street Capital Corporation Common Stock,$57.97,-0.95,-1.612%,5420685484.00,United States,2007,455083,Finance,Finance/Investors Services
MAIR,Madison Air Solutions Corporation Class A Common Stock,$25.75,-0.65,-2.462%,12919357259.00,,2026,2190071,Industrials,Pollution Control Equipment
MAN,ManpowerGroup Common Stock,$61.19,-1.76,-2.796%,2845675828.00,United States,,962618,Consumer Discretionary,Professional Services
MANE,Veradermics Incorporated Common Stock,$97.51,-0.90,-0.915%,4073981061.00,,2026,548433,Health Care,Biotechnology: Pharmaceutical Preparations
MANU,Manchester United Ltd. Class A Ordinary Shares,$21.22,-0.54,-2.482%,3658940388.00,United Kingdom,2012,531387,Consumer Discretionary,Services-Misc. Amusement & Recreation
MAS,Masco Corporation Common Stock,$70.25,-1.91,-2.647%,13852416958.00,United States,,2432572,Industrials,Industrial Specialties
MATV,Mativ Holdings Inc. Common Stock,$12.05,0.16,1.346%,665040681.00,United States,,388272,Basic Materials,Paper
MATX,Matson Inc. Common Stock,$219.26,-5.55,-2.469%,6556632201.00,United States,,250155,Consumer Discretionary,Marine Transportation
MAX,MediaAlpha Inc. Class A Common Stock,$12.30,-0.32,-2.536%,753546929.00,United States,2020,357535,Consumer Discretionary,Business Services
MBC,MasterBrand Inc. Common Stock,$7.96,-0.29,-3.515%,1619784300.00,United States,2022,2676566,Consumer Discretionary,Home Furnishings
MBGL,Mobility Global Inc. Common Stock,$19.83,-0.47,-2.315%,5846306776.00,United States,2026,3485487,Consumer Discretionary,Business Services
MBI,MBIA Inc. Common Stock,$4.67,-0.16,-3.313%,238246793.00,United States,1987,425282,Finance,Property-Casualty Insurers
MC,Moelis & Company Class A Common Stock,$66.76,-1.31,-1.924%,5225242980.00,United States,2014,738581,Finance,Investment Managers
MCB,Metropolitan Bank Holding Corp. Common Stock,$89.49,-1.29,-1.421%,1109477153.00,United States,2017,75497,Finance,Major Banks
MCD,McDonald's Corporation Common Stock,$261.11,-2.43,-0.922%,184772280159.00,United States,,3700765,Consumer Discretionary,Restaurants
MCI,Barings Corporate Investors Common Stock,$19.46,-0.34,-1.717%,394293052.00,United States,,53641,Finance,Trusts Except Educational Religious and Charitable
MCK,McKesson Corporation Common Stock,$906.77,21.45,2.423%,105720643458.00,United States,,787955,Health Care,Other Pharmaceuticals
MCN,XAI Madison Equity Premium Income Fund Common Shares,$5.73,-0.01,-0.174%,0.00,United States,2004,63437,,
MCO,Moody's Corporation Common Stock,$494.71,-9.93,-1.968%,85683772000.00,United States,,971545,Finance,Finance: Consumer Services
MCS,Marcus Corporation (The) Common Stock,$27.77,-0.66,-2.321%,856209055.00,United States,,209213,Consumer Discretionary,Movies/Entertainment
MCY,Mercury General Corporation Common Stock,$101.08,-0.88,-0.863%,5598682417.00,United States,,266810,Finance,Property-Casualty Insurers
MD,Pediatrix Medical Group Inc. Common Stock,$26.47,0.24,0.915%,2150774083.00,United States,,715442,Health Care,Hospital/Nursing Management
MDA,MDA Space Ltd. Common Shares,$28.37,-0.52,-1.80%,3939122555.00,,2026,1461066,Consumer Discretionary,Electronic Components
MDT,Medtronic plc. Ordinary Shares,$92.04,1.39,1.533%,117809438446.00,United States,,18838597,Health Care,Biotechnology: Electromedical & Electrotherapeutic Apparatus
MDU,MDU Resources Group Inc. Common Stock (Holding Company),$19.95,0.03,0.151%,4196471647.00,United States,,1356682,Industrials,Mining & Quarrying of Nonmetallic Minerals (No Fuels)
MEC,Mayville Engineering Company Inc. Common Stock,$19.20,-0.16,-0.826%,489606355.00,United States,2019,528372,Industrials,Industrial Specialties
MED,MEDIFAST INC Common Stock,$12.09,-0.05,-0.412%,135174699.00,United States,,111037,Consumer Staples,Packaged Foods
MEGI,NYLIM CBRE Global Infrastructure Megatrends Term Fund Common Shares,$14.64,0.00,0.00%,0.00,United States,2021,179655,Finance,Investment Managers
MEI,Methode Electronics Inc. Common Stock,$18.32,0.09,0.494%,649843486.00,United States,,487269,Technology,Electrical Products
MER^K,Bank of America Corporation Income Capital Obligation Notes initially due December 15 2066,$24.71,-0.34,-1.357%,,United States,,291927,,
MET,MetLife Inc. Common Stock,$94.42,-0.75,-0.788%,60001731447.00,United States,2000,2727207,Finance,Life Insurance
MET^A,MetLife Inc. Preferred Series A Floating Rate,$20.885,-0.095,-0.453%,,United States,,48582,,
MET^E,MetLife Inc. Depositary Shares ,$20.99,-0.02,-0.095%,,United States,,124581,,
MET^F,MetLife Inc. Depositary Shares each representing a 1/1000th interest in a share of 4.75% Non-Cumulative Preferred Stock Series F,$17.53,-0.11,-0.624%,,United States,,122564,,
MFA,MFA Financial Inc.,$8.68,-0.14,-1.587%,877443302.00,United States,,1905033,Real Estate,Real Estate Investment Trusts
MFA^B,MFA Financial Inc. Preferred Series B,$20.40,0.05,0.246%,,United States,,19818,,
MFA^C,MFA Financial Inc. 6.50% Series C Fixed-to-Floating Rate Cumulative Redeemable Preferred Stock,$23.45,-0.13,-0.551%,,United States,,52951,,
MFAN,MFA Financial Inc. 8.875% Senior Notes due 2029,$25.30,0.00,0.00%,2597518161.00,United States,2024,16338,Real Estate,Real Estate Investment Trusts
MFAO,MFA Financial Inc. 9.000% Senior Notes due 2029,$25.29,0.03,0.119%,2596491474.00,United States,2024,17029,Real Estate,Real Estate Investment Trusts
MFC,Manulife Financial Corporation Common Stock,$42.14,-0.27,-0.637%,70327046260.00,Canada,,2424184,Finance,Life Insurance
MFG,Mizuho Financial Group Inc. Sponosred ADR (Japan),$10.74,0.10,0.94%,133704869498.00,Japan,,2862078,Finance,Major Banks
MFM,Aberdeen Municipal Income Fund Common Shares of Beneficial Interest,$5.34,-0.05,-0.928%,219941950.00,United States,1986,430391,Finance,Finance Companies
MG,Mistras Group Inc Common Stock,$18.56,-0.20,-1.066%,591134014.00,United States,2009,140668,Consumer Discretionary,Military/Government/Technical
MGA,Magna International Inc. Common Stock,$63.63,-1.94,-2.959%,16890860036.00,Canada,,1401788,Consumer Discretionary,Auto Parts:O.E.M.
MGF,Aberdeen Government Markets Income Fund Common Shares of Beneficial Interest,$2.87,0.00,0.00%,93554518.00,United States,1987,95260,Finance,Trusts Except Educational Religious and Charitable
MGM,MGM Resorts International Common Stock,$40.77,-0.59,-1.426%,10531834540.00,United States,,2000927,Consumer Discretionary,Hotels/Resorts
MGR,Affiliated Managers Group Inc. 5.875% Junior Subordinated Notes due 2059,$19.30,-0.10,-0.515%,548352816.00,United States,2019,41060,Finance,Investment Managers
MGRB,Affiliated Managers Group Inc. 4.750% Junior Subordinated Notes due 2060,$15.91,-0.09,-0.563%,452035922.00,United States,2020,17679,Finance,Investment Managers
MGRD,Affiliated Managers Group Inc. 4.200% Junior Subordinated Notes due 2061,$14.49,-0.10,-0.685%,411690793.00,United States,2021,13303,Finance,Investment Managers
MGRE,Affiliated Managers Group Inc. 6.750% Junior Subordinated Notes due 2064,$22.06,-0.18,-0.809%,626770110.00,United States,2024,35942,Finance,Investment Managers
MGY,Magnolia Oil & Gas Corporation Class A Common Stock,$27.67,0.82,3.054%,6556920941.00,United States,2017,3404182,Energy,Oil & Gas Production
MH,McGraw Hill Inc. Common Stock,$12.92,-0.21,-1.599%,2471709877.00,,2025,401420,Consumer Discretionary,Publishing
MHD,Blackrock MuniHoldings Fund Inc. Common Stock,$11.39,-0.11,-0.957%,1694404545.00,United States,1997,375430,Finance,Investment Bankers/Brokers/Service
MHF,Western Asset Municipal High Income Fund Inc. Common Stock,$6.725,-0.075,-1.103%,0.00,United States,1988,97260,Finance,Finance/Investors Services
MHK,Mohawk Industries Inc. Common Stock,$125.04,-3.21,-2.503%,8469977651.00,United States,,907346,Consumer Discretionary,Home Furnishings
MHLA,Maiden Holdings Ltd. 6.625% Notes due 2046,$10.24,0.11,1.086%,79277496.00,Bermuda,2016,3134,Finance,Property-Casualty Insurers
MHNC,Maiden Holdings North America Ltd. 7.75% Notes due 2043,$11.305,-0.055,-0.484%,87522666.00,Bermuda,2013,2481,Finance,Property-Casualty Insurers
MHO,M/I Homes Inc. Common Stock,$146.03,-2.78,-1.868%,3692081017.00,United States,1993,266593,Consumer Discretionary,Homebuilding
MIAX,Miami International Holdings Inc. Common Stock,$42.11,-0.76,-1.773%,4178613115.00,United States,2025,1359628,Finance,Investment Bankers/Brokers/Service
MICC,The Magnum Ice Cream Company N.V. Ordinary Shares,$19.73,-0.69,-3.379%,12079884650.00,,2025,749692,Consumer Staples,Specialty Foods
MIN,Aberdeen Intermediate Income Fund Common Shares of Beneficial Interest,$2.43,0.00,0.00%,279201584.00,United States,1988,94528,Finance,Trusts Except Educational Religious and Charitable
MIR,Mirion Technologies Inc. Class A Common Stock,$15.51,0.44,2.92%,3862573905.00,United States,2020,5413956,Industrials,Industrial Machinery/Components
MITN,TPG Mortgage Investment Trust Inc. 9.500% Senior Notes due 2029,$25.37,0.00,0.00%,748237004.00,United States,2024,215,Real Estate,Real Estate Investment Trusts
MITP,TPG Mortgage Investment Trust Inc. 9.500% Senior Notes due 2029,$25.28,-0.01,-0.04%,745582636.00,United States,2024,17528,Real Estate,Real Estate Investment Trusts
MITT,TPG Mortgage Investment Trust Inc. Common Stock,$6.64,-0.09,-1.337%,211175074.00,United States,2011,301669,Real Estate,Real Estate Investment Trusts
MITT^A,TPG Mortgage Investment Trust Inc. 8.25% Series A Cumulative Redeemable Preferred Stock,$22.39,0.06,0.269%,,United States,,6054,,
MITT^B,TPG Mortgage Investment Trust Inc. 8.00% Series B Cumulative Redeemable Preferred Stock,$21.06,0.01,0.048%,,United States,,16899,,
MITT^C,TPG Mortgage Investment Trust Inc. 8.00% Series C Fixed-to-Floating Rate Cumulative Redeemable Preferred Stock $0.01 par value per share,$24.921,-0.059,-0.236%,,United States,,12349,,
MIY,Blackrock MuniYield Michigan Quality Fund Inc. Common Stock,$12.56,-0.16,-1.258%,1868456636.00,United States,1992,79368,Finance,Investment Bankers/Brokers/Service
MKC,McCormick & Company Incorporated Common Stock,$54.26,0.04,0.074%,14587885212.00,United States,,2373371,Consumer Staples,Packaged Foods
MKL,Markel Group Inc. Common Stock,$1797.28,-5.63,-0.312%,22268223714.00,United States,1986,73377,Finance,Property-Casualty Insurers
MLI,Mueller Industries Inc. Common Stock,$61.04,-1.37,-2.195%,13500911924.00,United States,,1150389,Industrials,Metal Fabrications
MLM,Martin Marietta Materials Inc. Common Stock,$504.92,-13.78,-2.657%,30328443428.00,United States,1994,902441,Industrials,Mining & Quarrying of Nonmetallic Minerals (No Fuels)
MLP,Maui Land & Pineapple Company Inc. Common Stock,$16.11,0.27,1.705%,319930987.00,United States,1998,15434,Finance,Real Estate
MLR,Miller Industries Inc. Common Stock,$54.50,-1.52,-2.713%,618694028.00,United States,,124890,Consumer Discretionary,Construction/Ag Equipment/Trucks
MMD,NYLIM MacKay DefinedTerm Muni Opportunities Fund Common Shares,$14.94,-0.06,-0.40%,0.00,United States,2012,46698,Finance,Investment Managers
MMI,Marcus & Millichap Inc. Common Stock,$31.27,-0.39,-1.232%,1184226264.00,United States,2013,119186,Finance,Real Estate
MMM,3M Company Common Stock,$170.24,-1.59,-0.925%,87796584270.00,United States,,3340176,Health Care,Medical/Dental Instruments
MMS,Maximus Inc. Common Stock,$57.64,-0.13,-0.225%,3017901459.00,United States,1997,524263,Consumer Discretionary,Business Services
MMT,Aberdeen Multi-Market Income Fund Common Shares of Beneficial Interest,$4.49,0.00,0.00%,267371889.00,United States,1987,304815,Finance,Trusts Except Educational Religious and Charitable
MMU,Western Asset Managed Municipals Fund Inc. Common Stock,$9.98,-0.12,-1.188%,0.00,United States,1992,189695,Finance,Investment Managers
MNR,Mach Natural Resources LP Common Units representing Limited Partner Interests,$12.61,0.11,0.88%,2105215465.00,United States,2023,475071,Energy,Oil & Gas Production
MNSO,MINISO Group Holding Limited American Depositary Shares each representing four Ordinary Shares,$9.56,0.26,2.796%,2957778381.00,China,2020,1484628,Consumer Discretionary,Department/Specialty Retail Stores
MNTN,MNTN Inc. Class A Common Stock,$12.39,-0.76,-5.779%,926811190.00,United States,2025,531153,Consumer Discretionary,Advertising
MO,Altria Group Inc.,$69.57,1.09,1.592%,116164084932.00,United States,,9823290,Health Care, Medicinal Chemicals and Botanical Products 
MOD,Modine Manufacturing Company Common Stock,$180.91,2.48,1.39%,9608620004.00,United States,,1208479,Consumer Discretionary,Auto Parts:O.E.M.
MOGU,MOGU Inc. American Depositary Shares (each  representing 25 Class A Ordinary Shares),$1.926,0.046,2.447%,15761022.00,,2018,616,Consumer Discretionary,Business Services
MOH,Molina Healthcare Inc Common Stock,$203.06,4.29,2.158%,10599732000.00,United States,2003,618445,Health Care,Medical Specialities
MOS,Mosaic Company (The) Common Stock,$24.78,0.66,2.736%,7877454108.00,United States,,9024802,Industrials,Agricultural Chemicals
MOV,Movado Group Inc. Common Stock,$33.96,0.23,0.682%,757723840.00,United States,,210409,Consumer Discretionary,Consumer Specialties
MP,MP Materials Corp. Common Stock,$53.74,-1.01,-1.845%,9571179339.00,United States,2020,3767898,Basic Materials,Metal Mining
MPA,Blackrock MuniYield Pennsylvania Quality Fund Common Stock,$10.88,-0.10,-0.911%,0.00,United States,1992,11712,Finance,Finance Companies
MPC,Marathon Petroleum Corporation Common Stock,$383.00,9.68,2.593%,107555884229.00,United States,,2376481,Energy,Integrated oil Companies
MPLX,MPLX LP Common Units Representing Limited Partner Interests,$59.09,-0.08,-0.135%,59908884052.00,United States,2012,1269098,Energy,Natural Gas Distribution
MPT,Medical Properties Trust Inc. common stock,$4.03,0.06,1.511%,2406716000.00,United States,,10752005,Real Estate,Real Estate Investment Trusts
MPV,Barings Participation Investors Common Stock,$16.96,-0.05,-0.294%,179804832.00,United States,1988,18960,Finance,Finance Companies
MQY,Blackrock MuniYield Quality Fund Inc. Common Stock,$10.96,-0.10,-0.904%,1630436682.00,United States,1992,607710,Finance,Investment Bankers/Brokers/Service
MRK,Merck & Company Inc. Common Stock (new),$149.86,2.10,1.421%,369730341671.00,United States,,9863483,Health Care,Biotechnology: Pharmaceutical Preparations
MRP,Millrose Properties Inc. Class A Common Stock,$30.58,0.16,0.526%,5077745608.00,United States,2025,1137101,Finance,Real Estate
MRSH,Marsh Common Stock,$187.58,-2.22,-1.17%,89515289651.00,United States,,2064657,Finance,Specialty Insurers
MS,Morgan Stanley Common Stock,$211.04,-2.28,-1.069%,331452310264.00,United States,,3521535,Finance,Investment Bankers/Brokers/Service
MS^A,Morgan Stanley Dep Shs repstg 1/1000 Pfd Ser A,$18.89,0.01,0.053%,,United States,,184243,,
MS^E,Morgan Stanley DEPOSITARY SHARES REP 1/1000TH SHARES FIXED/FLTG PREFERRED STOCK SERIES E,$25.41,-0.05,-0.196%,,United States,,83021,,
MS^F,Morgan Stanley Dep Shs Rpstg 1/1000th Int Prd Ser F Fxd to Flag,$25.31,0.02,0.079%,,United States,,60882,,
MS^I,Morgan Stanley Depository Shares Representing 1/1000th Preferred Series 1 Fixed to Floating Non (Cum),$24.32,-0.11,-0.45%,,United States,,62015,,
MS^K,Morgan Stanley Depositary Shares each representing 1/1000th of a share of Fixed-to-Floating Rate Non-Cumulative Preferred Stock  Series K,$22.24,-0.23,-1.024%,,United States,,76434,,
MS^L,Morgan Stanley Depositary Shares each representing 1/1000th of a share of 4.875% Non-Cumulative Preferred Stock Series L,$18.65,-0.14,-0.745%,,United States,,55954,,
MS^O,Morgan Stanley Depositary Shares each representing 1/1000th of a share of 4.250% Non-Cumulative Preferred Stock Series O,$16.15,-0.27,-1.644%,,United States,,154449,,
MS^P,Morgan Stanley Depositary Shares each representing 1/1000th of a share of 6.500% Non-Cumulative Preferred Stock Series P,$24.99,-0.15,-0.597%,,United States,,101516,,
MS^Q,Morgan Stanley Depositary Shares each representing 1/1000th of a share of 6.625% Non-Cumulative Preferred Stock Series Q,$25.24,-0.09,-0.355%,,United States,,42218,,
MSA,MSA Safety Incorporated Common Stock,$187.39,0.62,0.332%,7229185576.00,United States,2000,193506,Health Care,Industrial Specialties
MSB,Mesabi Trust Common Stock,$24.69,0.23,0.94%,323933047.00,United States,,34371,Industrials,Precious Metals
MSC,Studio City International Holdings Limited American depositary shares each representing four  Class A ordinary shares,$1.75,0.01,0.575%,368753201.00,,2018,7475,Consumer Discretionary,Hotels/Resorts
MSCI,MSCI Inc. Common Stock,$563.09,-7.55,-1.323%,40936643000.00,United States,,355573,Consumer Discretionary,Business Services
MSD,Morgan Stanley Emerging Markets Debt Fund Inc. Common Stock,$7.26,-0.03,-0.412%,0.00,United States,1993,43050,Finance,Trusts Except Educational Religious and Charitable
MSDL,Morgan Stanley Direct Lending Fund Common Stock,$15.25,-0.10,-0.651%,0.00,United States,2024,339782,,
MSGE,Madison Square Garden Entertainment Corp. Class A Common Stock,$77.04,-0.65,-0.837%,3644395227.00,United States,2023,322218,Consumer Discretionary,Services-Misc. Amusement & Recreation
MSGS,Madison Square Garden Sports Corp. Class A Common Stock (New),$381.69,-3.04,-0.79%,9191072680.00,United States,2015,294923,Consumer Discretionary,Services-Misc. Amusement & Recreation
MSI,Motorola Solutions Inc. Common Stock,$491.24,5.94,1.224%,81297168417.00,United States,,1004323,Technology,Radio And Television Broadcasting And Communications Equipment
MSIF,MSC Income Fund Inc. Common Stock,$12.61,-0.28,-2.172%,571803338.00,,2025,298914,Finance,Finance/Investors Services
MSM,MSC Industrial Direct Company Inc. Common Stock,$117.74,-1.14,-0.959%,6575343127.00,United States,1995,567935,Industrials,Industrial Machinery/Components
MT,Arcelor Mittal NY Registry Shares NEW,$73.31,-1.29,-1.729%,55798133791.00,Luxembourg,,1109476,Industrials,Steel/Iron Ore
MTAL,Metals Acquisition Corp. II Class A Ordinary Shares,$10.22,0.02,0.196%,842761987.00,,2026,286,Basic Materials,Metal Mining
MTB,M&T Bank Corporation Common Stock,$232.02,-1.92,-0.821%,33507461109.00,United States,,832994,Finance,Major Banks
MTB^H,M&T Bank Corporation Perpetual Fixed-to-Floating Rate Non-Cumulative Preferred Stock Series H,$24.92,-0.36,-1.424%,,United States,,51528,,
MTB^J,M&T Bank Corporation Depositary Shares each representing a 1/400th ownership interest in a share of Perpetual 7.500% Non-Cumulative Preferred Stock Series J,$26.25,-0.55,-2.052%,,United States,,156505,,
MTB^K,M&T Bank Corporation Depositary Shares each representing a 1/400th interest in a share of Perpetual 6.350% Non-Cumulative Preferred Stock Series K,$23.69,-0.55,-2.269%,,United States,,15400,,
MTB^L,M&T Bank Corporation Depositary Shares each representing a 1/400th ownership interest in a share of Perpetual 6.625% Non-Cumulative Preferred Stock Series L,$24.72,-0.50,-1.983%,,United States,,38581,,
MTD,Mettler-Toledo International Inc. Common Stock,$1375.96,-29.18,-2.077%,27569503722.00,Switzerland,1997,168869,Industrials,Biotechnology: Laboratory Analytical Instruments
MTDR,Matador Resources Company Common Stock,$59.21,1.20,2.069%,7327487129.00,United States,2012,1669989,Energy,Oil & Gas Production
MTG,MGIC Investment Corporation Common Stock,$30.69,0.04,0.131%,6295281340.00,United States,1991,1606007,Finance,Property-Casualty Insurers
MTH,Meritage Homes Corporation Common Stock,$67.48,-1.95,-2.809%,4397947796.00,United States,,516642,Consumer Discretionary,Homebuilding
MTN,Vail Resorts Inc. Common Stock,$132.39,-4.52,-3.301%,4717522507.00,United States,1997,724641,Consumer Discretionary,Services-Misc. Amusement & Recreation
MTNE,CH4 Natural Solutions Corporation Class A Ordinary Shares,$9.90,0.00,0.00%,0.00,,2026,6,,
MTR,Mesa Royalty Trust Common Stock,$2.17,-0.08,-3.556%,4043990.00,United States,,12114,Energy,Oil & Gas Production
MTRN,Materion Corporation,$234.19,-1.89,-0.801%,4879050058.00,United States,,275594,Industrials,Industrial Specialties
MTUS,Metallus Inc. Common Shares,$18.88,-0.64,-3.279%,782562482.00,United States,2014,462104,Industrials,Steel/Iron Ore
MTW,Manitowoc Company Inc. (The) Common Stock,$18.96,-0.46,-2.369%,683734932.00,United States,,378357,Industrials,Construction/Ag Equipment/Trucks
MTX,Minerals Technologies Inc. Common Stock,$70.76,-0.16,-0.226%,2202671199.00,United States,1992,231385,Basic Materials,Major Chemicals
MTZ,MasTec Inc. Common Stock,$237.74,-2.04,-0.851%,19091698338.00,United States,,1521673,Industrials,Water Sewer Pipeline Comm & Power Line Construction
MUA,Blackrock MuniAssets Fund Inc Common Stock,$9.85,-0.08,-0.806%,1465310339.00,United States,1993,429195,Finance,Investment Bankers/Brokers/Service
MUC,Blackrock MuniHoldings California Quality Fund Inc.  Common Stock,$10.50,-0.06,-0.568%,1562005946.00,United States,1998,412156,Finance,Investment Bankers/Brokers/Service
MUFG,Mitsubishi UFJ Financial Group Inc. Common Stock,$22.83,0.08,0.352%,270939840304.00,Japan,,2223171,Finance,Commercial Banks
MUJ,Blackrock MuniHoldings New Jersey Quality Fund Inc. Common Stock,$12.02,-0.07,-0.579%,1788124901.00,United States,1998,109508,Finance,Investment Bankers/Brokers/Service
MUR,Murphy Oil Corporation Common Stock,$37.60,1.18,3.24%,5391130300.00,United States,,1241744,Energy,Oil & Gas Production
MUSA,Murphy USA Inc. Common Stock,$536.45,21.06,4.086%,9860137148.00,United States,2013,415866,Consumer Discretionary,Retail-Auto Dealers and Gas Stations
MUX,McEwen Inc. Common Stock,$19.15,-1.01,-5.01%,1175016539.00,Canada,,998230,Basic Materials,Precious Metals
MWA,MUELLER WATER PRODUCTS Common Stock,$23.57,-0.57,-2.361%,3679882254.00,United States,2006,896585,Industrials,Metal Fabrications
MX,Magnachip Semiconductor Corporation Common Stock,$3.05,-0.08,-2.556%,111355839.00,Luxembourg,2011,530336,Technology,Semiconductors
MXE,Mexico Equity and Income Fund Inc. (The) Common Stock,$13.60,0.14,1.04%,0.00,United States,,8374,Finance,Finance Companies
MXF,Mexico Fund Inc. (The) Common Stock,$21.42,-0.31,-1.427%,0.00,United States,,28809,Finance,Trusts Except Educational Religious and Charitable
MYE,Myers Industries Inc. Common Stock,$31.20,-0.89,-2.773%,1173683784.00,United States,1983,386150,Industrials,Plastic Products
MYI,Blackrock MuniYield Quality Fund III Inc Common Stock,$10.61,-0.10,-0.934%,1578369817.00,United States,,379562,Finance,Investment Bankers/Brokers/Service
MYN,Blackrock MuniYield New York Quality Fund Inc.Common Stock,$9.57,-0.10,-1.034%,0.00,United States,1992,180275,Finance,Finance Companies
MZYX,MOZAYYX Acquisition Corp. Class A Ordinary Shares,$9.98,0.01,0.10%,0.00,,2026,30306,,
NABL,N-able Inc. Common Stock,$3.82,-0.16,-4.02%,721621111.00,United States,2021,2371464,Technology,Computer Software: Prepackaged Software
NAC,Nuveen California Quality Municipal Income Fund,$11.49,-0.16,-1.373%,0.00,United States,1999,1133547,Finance,Investment Managers
NAD,Nuveen Quality Municipal Income Fund Common Stock,$11.56,-0.18,-1.533%,0.00,United States,1999,1062288,Finance,Investment Managers
NAN,Nuveen New York Quality Municipal Income Fund Common Stock,$10.84,-0.05,-0.459%,3277103272.00,United States,1999,119760,Finance,Investment Managers
NAT,Nordic American Tankers Limited Common Stock,$6.91,0.08,1.171%,1463197081.00,Bermuda,1995,4879074,Consumer Discretionary,Marine Transportation
NATL,NCR Atleos Corporation Common Stock,$46.28,0.36,0.784%,3419950106.00,United States,2023,611522,Miscellaneous,Office Equipment/Supplies/Services
NAZ,Nuveen Arizona Quality Municipal Income Fund Common Stock,$12.22,-0.09,-0.731%,0.00,United States,1992,31849,Finance,Finance/Investors Services
NBB,Nuveen Taxable Municipal Income Fund Common Shares of Beneficial Interest,$15.27,-0.12,-0.78%,0.00,United States,2010,73835,Finance,Finance Companies
NBHC,National Bank Holdings Corporation Common Stock,$40.86,-0.43,-1.041%,1819885890.00,United States,2012,372567,Finance,Major Banks
NBR,Nabors Industries Ltd.,$93.25,-0.39,-0.416%,1561414181.00,Bermuda,1951,226456,Energy,Oil & Gas Production
NBXG,Neuberger Next Generation Connectivity Fund Inc. Common Stock,$15.19,-0.09,-0.589%,0.00,United States,2021,146108,Finance,Trusts Except Educational Religious and Charitable
NC,NACCO Industries Inc. Common Stock,$42.00,-0.79,-1.846%,316961190.00,United States,,7873,Energy,Coal Mining
NCA,Nuveen California Municipal Value Fund,$9.05,0.00,0.00%,0.00,United States,,60627,Finance,Investment Managers
NCDL,Nuveen Churchill Direct Lending Corp. Common Stock,$12.54,0.03,0.24%,619313795.00,United States,2024,220317,,
NCLH,Norwegian Cruise Line Holdings Ltd. Ordinary Shares,$15.43,-0.71,-4.399%,7085268464.00,United States,,22552352,Consumer Discretionary,Marine Transportation
NCV,Virtus Convertible & Income Fund Common Shares of Beneficial Interest,$16.54,-0.17,-1.017%,1494778831.00,United States,2003,51362,Finance,Finance Companies
NCV^A,Virtus Convertible & Income Fund 5.625% Series A Cumulative Preferred Shares,$20.13,0.13,0.65%,,United States,,3030,,
NCZ,Virtus Convertible & Income Fund II Common Shares of Beneficial Interest,$15.26,-0.15,-0.973%,1161526330.00,United States,2003,46156,Finance,Finance Companies
NCZ^A,Virtus Convertible & Income Fund II 5.50% Series A Cumulative Preferred Shares,$19.675,0.055,0.28%,,United States,,1513,,
NDMO,Nuveen Dynamic Municipal Opportunities Fund Common Shares of Beneficial Interest,$9.81,-0.13,-1.308%,583353946.00,,2020,245321,Finance,Trusts Except Educational Religious and Charitable
NE,Noble Corporation plc A Ordinary Shares,$46.60,0.77,1.68%,7439327359.00,United States,2022,1122323,Energy,Oil & Gas Production
NEA,Nuveen AMT-Free Quality Municipal Income Fund Common Shares of Beneficial Interest Par Value $.01,$11.08,-0.17,-1.511%,0.00,United States,2002,1528388,Finance,Finance/Investors Services
NEE,NextEra Energy Inc. Common Stock,$82.93,0.59,0.717%,172990172872.00,United States,,11158223,Utilities,Electric Utilities: Central
NEE^N,NextEra Energy Capital Holdings Inc. Series N Junior Subordinated Debentures due March 1 2079,$20.72,-0.15,-0.719%,,United States,,61879,,
NEE^S,NextEra Energy Inc. 7.299% Corporate Units,$51.27,0.22,0.431%,,United States,,13423,,
NEE^T,NextEra Energy Inc. 7.234% Corporate Units,$47.9044,0.0144,0.03%,,United States,,107837,,
NEE^U,NextEra Energy Inc. Series U Junior Subordinated Debentures due June 1 2085,$23.14,-0.12,-0.516%,,United States,,104351,,
NEE^V,NextEra Energy Inc. 7.375% Corporate Units,$45.15,-0.26,-0.573%,,United States,,347422,,
NEE^W,NextEra Energy Capital Holdings Inc. Series Z Junior Subordinated Debentures due April 15 2086,$23.06,-0.34,-1.453%,,United States,,30426,,
NEM,Newmont Corporation,$122.63,-3.43,-2.721%,129214283193.00,United States,,8016685,Basic Materials,Precious Metals
NET,Cloudflare Inc. Class A Common Stock,$285.51,-19.60,-6.424%,101664319430.00,United States,2019,2492782,Technology,Computer Software: Prepackaged Software
NEU,NewMarket Corp Common Stock,$903.12,5.42,0.604%,8305458187.00,United States,,122768,Industrials,Major Chemicals
NEXA,Nexa Resources S.A. Common Shares,$13.12,-0.49,-3.60%,1737599680.00,Luxembourg,2017,872027,Basic Materials,Metal Mining
NFG,National Fuel Gas Company Common Stock,$83.83,0.77,0.927%,7967630649.00,United States,,379596,Utilities,Oil/Gas Transmission
NFJ,Virtus Dividend Interest & Premium Strategy Fund Common Shares of Beneficial Interest,$15.41,-0.16,-1.028%,0.00,United States,2005,317256,Finance,Finance: Consumer Services
NGG,National Grid Transco PLC National Grid PLC (NEW) American Depositary Shares,$79.15,-0.01,-0.013%,83104834070.00,United Kingdom,,847113,Utilities,Natural Gas Distribution
NGL,NGL ENERGY PARTNERS LP Common Units representing Limited Partner Interests,$18.33,-0.64,-3.374%,2287845917.00,United States,2011,254304,Utilities,Natural Gas Distribution
NGL^B,NGL ENERGY PARTNERS LP 9.00% Class B Fixed-to-Floating Rate Cumulative Redeemable Perpetual Preferred Units representing limited partnership interests,$25.80,-0.26,-0.998%,,United States,,6284,,
NGL^C,NGL ENERGY PARTNERS LP 9.625% Class C Fixed-to-Floating Rate Cumulative  Redeemable Perpetual Preferred Units representing  limited partner interests,$25.99,0.16,0.619%,,United States,,1487,,
NGS,Natural Gas Services Group Inc. Common Stock,$35.27,0.07,0.199%,454922512.00,United States,2002,88619,Energy,Oilfield Services/Equipment
NGVC,Natural Grocers by Vitamin Cottage Inc. Common Stock,$27.55,0.18,0.658%,634913195.00,United States,2012,105636,Consumer Staples,Food Chains
NGVT,Ingevity Corporation Common Stock ,$68.51,-0.78,-1.126%,2355231436.00,United States,2016,217934,Industrials,Major Chemicals
NHI,National Health Investors Inc. Common Stock,$72.27,1.16,1.631%,3549211065.00,United States,,336325,Real Estate,Real Estate Investment Trusts
NI,NiSource Inc Common Stock,$40.96,0.04,0.098%,19642781696.00,United States,,6939467,Utilities,Power Generation
NIC,Nicolet Bankshares Inc. Common Stock,$166.10,-3.24,-1.913%,3481042909.00,United States,2022,141511,Finance,Major Banks
NIE,Virtus Equity & Convertible Income Fund Common Shares of Beneficial Interest,$25.80,-0.15,-0.578%,714891297.00,United States,2007,77452,Finance,Investment Managers
NIM,Nuveen Select Maturities Municipal Fund Common Stock,$9.2999,-0.0501,-0.536%,0.00,United States,1992,15619,Finance,Trusts Except Educational Religious and Charitable
NIO,NIO Inc. American depositary shares each  representing one Class A ordinary share,$4.06,-0.17,-4.019%,10173008109.00,United States,2018,81189381,Industrials,Auto Manufacturing
NIQ,NIQ Global Intelligence plc Ordinary Shares,$18.72,-0.34,-1.784%,5521573774.00,United States,2025,1335395,Technology,Computer Software: Programming Data Processing
NJR,NewJersey Resources Corporation Common Stock,$54.10,0.76,1.425%,5489415879.00,United States,,535193,Utilities,Oil/Gas Transmission
NKE,Nike Inc. Common Stock,$38.12,-0.94,-2.407%,56550970558.00,United States,,22174635,Consumer Discretionary,Shoe Manufacturing
NKX,Nuveen California AMT-Free Quality Municipal Income Fund,$11.95,-0.10,-0.83%,0.00,United States,2002,135303,Finance,Finance/Investors Services
NL,NLI Holdings Inc. Common Stock,$6.72,0.05,0.75%,328599492.00,United States,,45512,Basic Materials,Major Chemicals
NLOP,Net Lease Office Properties Common Shares of Beneficial Interest,$11.18,-0.24,-2.102%,165621359.00,United States,2023,125289,Real Estate,Real Estate Investment Trusts
NLY,Annaly Capital Management Inc. Common Stock,$22.62,-0.30,-1.309%,17049020678.00,United States,,5606432,Real Estate,Real Estate Investment Trusts
NLY^F,Annaly Capital Management Inc 6.95% Series F,$25.35,-0.59,-2.274%,,United States,,52508,,
NLY^G,Annaly Capital Management Inc 6.50% Series G Fixed-to-Floating Rate Cumulative Redeemable Preferred Stock,$25.172,-0.438,-1.71%,,United States,,79759,,
NLY^I,Annaly Capital Management Inc 6.750% Series I Fixed-to-Floating Rate Cumulative Redeemable Preferred Stock,$24.90,-0.58,-2.276%,,United States,,166416,,
NLY^J,Annaly Capital Management Inc. 8.875% Series J Fixed-Rate Cumulative Redeemable Preferred Stock,$25.82,-0.58,-2.197%,,United States,,71461,,
NMAI,Nuveen Multi-Asset Income Fund Common Shares of Beneficial Interest,$14.58,-0.12,-0.816%,0.00,United States,2021,131975,Finance,Investment Managers
NMAX,Newsmax Inc. Class B Common Stock,$10.39,-0.37,-3.439%,1341979102.00,United States,2025,845110,Industrials,Broadcasting
NMCO,Nuveen Municipal Credit Opportunities Fund Common Shares,$9.75,-0.02,-0.205%,534021872.00,,2019,459744,Finance,Finance/Investors Services
NMG,Nouveau Monde Graphite Inc. Common Shares,$1.41,-0.06,-4.082%,464111130.00,Canada,,352520,Basic Materials,Other Metals and Minerals
NMI,Nuveen Municipal Income Fund Inc. Common Stock,$10.45,0.00,0.00%,0.00,United States,1988,38324,Finance,Trusts Except Educational Religious and Charitable
NMM,Navios Maritime Partners LP Common Units Representing Limited Partner Interests,$88.91,0.58,0.657%,2593354175.00,Greece,2007,115789,Consumer Discretionary,Marine Transportation
NMR,Nomura Holdings Inc ADR American Depositary Shares,$10.17,-0.01,-0.098%,29506599568.00,Japan,,991346,Finance,Investment Bankers/Brokers/Service
NMS,Nuveen Minnesota Quality Municipal Income Fund ,$10.59,-0.29,-2.665%,0.00,United States,2014,114357,Finance,Finance Companies
NMT,Nuveen Massachusetts Quality Municipal Income Fund Common Stock,$12.30,-0.29,-2.303%,0.00,United States,,40563,Finance,Finance/Investors Services
NMZ,Nuveen Municipal High Income Opportunity Fund Common Stock $0.01 par value per share,$9.89,-0.11,-1.10%,0.00,United States,2003,1405372,Finance,Finance/Investors Services
NNI,Nelnet Inc. Common Stock,$125.20,-0.07,-0.056%,4479585638.00,United States,2003,157228,Finance,Finance: Consumer Services
NNN,NNN REIT Inc. Common Stock,$45.24,0.04,0.088%,8682976536.00,United States,,1180614,Real Estate,Real Estate Investment Trusts
NNY,Nuveen New York Municipal Value Fund Common Stock,$8.16,0.00,0.00%,0.00,United States,1988,65215,Finance,Investment Managers
NOA,North American Construction Group Ltd. Common Shares (no par),$13.23,-0.16,-1.195%,366609412.00,Canada,2006,75743,Energy,Oilfield Services/Equipment
NOAH,Noah Holdings Limited American Depositary Shares,$8.30,-0.27,-3.151%,556528753.00,China,2010,115497,Finance,Investment Managers
NOC,Northrop Grumman Corporation Common Stock,$532.91,-6.79,-1.258%,75706807186.00,United States,,499254,Industrials,Industrial Machinery/Components
NOG,Northern Oil and Gas Inc. Common Stock,$26.36,0.35,1.346%,2808635014.00,United States,2022,2108076,Energy,Oil & Gas Production
NOK,Nokia Corporation Sponsored American Depositary Shares,$9.93,-0.21,-2.071%,57020440181.00,Finland,1994,61471260,Technology,Radio And Television Broadcasting And Communications Equipment
NOMD,Nomad Foods Limited Ordinary Shares,$11.67,0.03,0.258%,1658144694.00,United Kingdom,2016,1293268,Consumer Staples,Packaged Foods
NOV,NOV Inc. Common Stock,$21.36,0.07,0.329%,7614372750.00,United States,,2504785,Consumer Discretionary,Oil and Gas Field Machinery
NOW,ServiceNow Inc. Common Stock,$142.90,-5.09,-3.439%,147758600000.00,United States,2012,16893729,Technology,Computer Software: Prepackaged Software
NP,Neptune Insurance Holdings Inc. Class A Common Stock,$32.70,-0.61,-1.831%,4487522043.00,,2025,337619,Finance,Specialty Insurers
NPB,Northpointe Bancshares Inc. Common Stock,$16.59,-0.40,-2.354%,573712759.00,United States,2025,387872,Finance,Major Banks
NPCT,Nuveen Core Plus Impact Fund Common Shares of Beneficial Interest,$9.66,-0.02,-0.207%,0.00,United States,2021,214852,Finance,Investment Managers
NPFD,Nuveen Variable Rate Preferred & Income Fund Common Shares,$18.58,-0.23,-1.223%,0.00,United States,2021,94721,Finance,Trusts Except Educational Religious and Charitable
NPK,National Presto Industries Inc. Common Stock,$146.94,-4.77,-3.144%,1048573685.00,United States,,90740,Industrials,Ordnance And Accessories
NPKI,NPK International Inc. Common Stock,$13.24,-0.04,-0.301%,1124206997.00,United States,,1275832,Industrials,Misc Corporate Leasing Services
NPO,Enpro Inc. Common Stock,$287.96,-8.26,-2.788%,6095445421.00,United States,,113396,Industrials,Metal Fabrications
NPV,Nuveen Virginia Quality Municipal Income Fund Common Stock,$10.35,-0.12,-1.146%,0.00,United States,1993,112452,Finance,Investment Managers
NPWR,NET Power Inc. Class A Common Stock,$1.75,-0.03,-1.685%,393502482.00,United States,2021,580679,Energy,Industrial Machinery/Components
NRDY,Nerdy Inc. Class A Common Stock,$9.78,-0.23,-2.298%,124929652.00,United States,2020,40903,Real Estate,Other Consumer Services
NREF,NexPoint Real Estate Finance Inc. Common Stock,$17.29,0.06,0.348%,325882421.00,United States,2020,28375,Real Estate,Real Estate Investment Trusts
NREF^A,NexPoint Real Estate Finance Inc. 8.50% Series A Cumulative Redeemable Preferred Stock,$25.0173,0.2673,1.08%,,United States,,3601,,
NRG,NRG Energy Inc. Common Stock,$109.51,-0.61,-0.554%,23020149993.00,United States,,2180107,Utilities,Electric Utilities: Central
NRGV,Energy Vault Holdings Inc. Common Stock,$3.27,-0.13,-3.824%,594615394.00,United States,2021,3878393,Miscellaneous,Industrial Machinery/Components
NRK,Nuveen New York AMT-Free Quality Municipal Income Fund ,$10.10,-0.18,-1.751%,0.00,United States,2002,449077,Finance,Trusts Except Educational Religious and Charitable
NRP,Natural Resource Partners LP Limited Partnership,$112.16,-0.41,-0.364%,1486166210.00,United States,2002,25574,Energy,Coal Mining
NRT,North European Oil Royality Trust Common Stock,$9.04,-0.07,-0.768%,83082934.00,United States,,32075,Energy,Oil & Gas Production
NRUC,National Rural Utilities Cooperative Finance Corporation 5.500% Subordinated Notes due 2064 (Subordinated Deferrable Interest Notes),$20.86,-0.24,-1.137%,0.00,United States,2019,28056,Finance,Diversified Financial Services
NSC,Norfolk Southern Corporation Common Stock,$332.96,-9.83,-2.868%,74785603874.00,United States,,1565285,Industrials,Railroads
NSP,Insperity Inc. Common Stock,$51.40,-1.95,-3.655%,1963236878.00,United States,,494290,Consumer Discretionary,Professional Services
NTB,Bank of N.T. Butterfield & Son Limited (The) Voting Ordinary Shares,$58.91,0.03,0.051%,2356400000.00,Bermuda,2016,106200,Finance,Commercial Banks
NTR,Nutrien Ltd. Common Shares,$77.69,2.16,2.86%,37443645882.00,Canada,2004,3721770,Industrials,Agricultural Chemicals
NTST,NetSTREIT Corp. Common Stock,$20.44,0.08,0.393%,2075232279.00,United States,2020,1009105,Real Estate,Real Estate Investment Trusts
NU,Nu Holdings Ltd. Class A Ordinary Shares,$14.46,-0.09,-0.619%,70213040719.00,Cayman Islands,2021,67501566,Finance,Finance: Consumer Services
NUE,Nucor Corporation Common Stock,$251.92,2.28,0.913%,57154520298.00,United States,,1311426,Industrials,Steel/Iron Ore
NUS,Nu Skin Enterprises Inc. Common Stock,$4.57,-0.12,-2.559%,222452217.00,United States,1996,685889,Health Care,Other Pharmaceuticals
NUV,Nuveen Municipal Value Fund Inc. Common Stock,$8.95,-0.05,-0.556%,0.00,United States,1987,560724,Finance,Trusts Except Educational Religious and Charitable
NUVB,Nuvation Bio Inc. Class A Common Stock,$6.64,-0.02,-0.30%,2331458267.00,United States,2020,4843622,Health Care,Biotechnology: Pharmaceutical Preparations
NUW,Nuveen AMT-Free Municipal Value Fund,$13.915,-0.055,-0.394%,0.00,United States,2009,45446,Finance,Investment Managers
NVG,Nuveen AMT-Free Municipal Credit Income Fund ,$12.02,-0.13,-1.07%,0.00,United States,2002,927588,Finance,Investment Managers
NVGS,Navigator Holdings Ltd. Ordinary Shares (Marshall Islands),$22.22,0.11,0.498%,1370973356.00,Marshall Islands,2013,409509,Consumer Discretionary,Marine Transportation
NVO,Novo Nordisk A/S Common Stock,$45.12,-0.21,-0.463%,199788225062.00,Denmark,,9322680,Health Care,Biotechnology: Pharmaceutical Preparations
NVR,NVR Inc. Common Stock,$6275.82,-39.41,-0.624%,16724181685.00,United States,1998,46405,Consumer Discretionary,Homebuilding
NVRI,Enviri Corporation Common Stock,$22.01,-0.27,-1.212%,620464519.00,,2026,314700,Miscellaneous,Diversified Commercial Services
NVS,Novartis AG Common Stock,$161.25,9.19,6.044%,307689458239.00,Switzerland,,4333762,Health Care,Biotechnology: Pharmaceutical Preparations
NVST,Envista Holdings Corporation Common Stock,$26.64,-0.50,-1.842%,4278855768.00,United States,2019,2171518,Health Care,Medical/Dental Instruments
NVT,nVent Electric plc Ordinary Shares ,$147.30,-3.45,-2.289%,23841674415.00,United Kingdom,2018,2343549,Industrials,Industrial Machinery/Components
NWAX,New America Acquisition I Corp. Class A Common Stock,$10.175,0.00,0.00%,0.00,,2026,162641,Finance,Blank Checks
NWG,NatWest Group plc American Depositary Shares (each representing two (2) Ordinary Shares),$18.33,0.13,0.714%,75400837712.00,United Kingdom,2022,2556548,Finance,Commercial Banks
NWN,Northwest Natural Holding Company Common Stock,$49.41,0.34,0.693%,2079841713.00,United States,,230004,Utilities,Oil/Gas Transmission
NX,Quanex Building Products Corporation Common Stock,$18.49,-0.73,-3.798%,849208073.00,United States,,252843,Industrials,Metal Fabrications
NXDR,Nextdoor Holdings Inc. Class A Common Stock,$2.20,-0.05,-2.222%,851066484.00,United States,,2164959,Technology,Computer Software: Programming Data Processing
NXDT,NexPoint Diversified Real Estate Trust Common Stock,$5.38,0.07,1.318%,285710425.00,United States,,97208,Real Estate,Real Estate Investment Trusts
NXDT^A,NexPoint Diversified Real Estate Trust 5.50% Series A Cumulative Preferred Shares ($25.00 liquidation preference per share),$13.18,-0.115,-0.865%,,United States,,2141,,
NXE,Nexgen Energy Ltd. Common Shares,$9.93,-0.54,-5.158%,6658125583.00,Canada,2017,5534818,Basic Materials,Other Metals and Minerals
NXG,NXG NextGen Infrastructure Income Fund Common Shares of Beneficial Interest,$55.53,-0.45,-0.804%,144473178.00,United States,2012,56767,,
NXP,Nuveen Select Tax Free Income Portfolio Common Stock,$14.18,-0.04,-0.281%,663611422.00,United States,1992,152817,Finance,Trusts Except Educational Religious and Charitable
NXRT,NexPoint Residential Trust Inc. Common Stock,$23.39,-0.32,-1.35%,597610126.00,United States,2015,430966,Real Estate,Real Estate Investment Trusts
NYC,American Strategic Investment Co. Class A Common Stock,$6.24,-0.14,-2.194%,19741064.00,,2020,15978,Real Estate,Real Estate Investment Trusts
NYT,New York Times Company (The) Common Stock,$67.73,0.46,0.684%,10870858843.00,United States,,1578752,Consumer Discretionary,Newspapers/Magazines
NZF,Nuveen Municipal Credit Income Fund ,$12.02,-0.16,-1.314%,0.00,United States,2007,749567,Finance,Finance Companies
O,Realty Income Corporation Common Stock,$61.36,0.08,0.131%,58059938505.00,United States,,5447128,Real Estate,Real Estate Investment Trusts
OAK^A,Brookfield Oaktree Holdings LLC 6.625% Series A Preferred Units,$20.22,-0.35,-1.702%,,United States,,9254,,
OAK^B,Brookfield Oaktree Holdings LLC 6.550% Series B Preferred Units,$20.02,-0.42,-2.055%,,United States,,4519,,
OBDC,Blue Owl Capital Corporation Common Stock,$11.37,-0.16,-1.388%,5607031010.00,United States,2019,3106665,Finance,Diversified Financial Services
OBK,Origin Bancorp Inc. Common Stock,$52.71,-0.42,-0.791%,1626086527.00,United States,,113895,Finance,Major Banks
OC,Owens Corning Inc Common Stock New,$133.68,-4.47,-3.236%,10567227943.00,United States,,1287062,Industrials,Industrial Machinery/Components
OCAC,Ocean Capital Acquisition Corporation Ordinary Shares,$9.96,-0.01,-0.10%,0.00,,2026,2870,Finance,Blank Checks
ODC,Oil-Dri Corporation Of America Common Stock,$90.77,0.79,0.878%,1315106168.00,United States,,129725,Consumer Discretionary,Miscellaneous manufacturing industries
OEC,Orion S.A. Common Shares,$5.87,-0.37,-5.929%,331788243.00,Luxembourg,2014,431050,Industrials,Major Chemicals
OFG,OFG Bancorp Common Stock,$52.12,0.07,0.134%,2202877547.00,Puerto Rico,,366659,Finance,Major Banks
OFRM,Once Upon a Farm PBC Common Stock,$17.37,0.05,0.289%,729377643.00,,2026,246057,Consumer Staples,Packaged Foods
OGC,OceanaGold Corporation Common Shares,$28.09,-1.31,-4.456%,6298284266.00,,2026,444682,,
OGE,OGE Energy Corp Common Stock,$45.99,0.36,0.789%,9500673389.00,United States,,1230686,Utilities,Electric Utilities: Central
OGG,Osisko Gold Group Inc. Common Shares,$2.85,-0.14,-4.682%,871637835.00,Canada,2022,867954,Basic Materials,Precious Metals
OGN,Organon & Co. Common Stock ,$13.76,0.00,0.00%,3613505798.00,United States,2021,3437014,Health Care,Biotechnology: Pharmaceutical Preparations
OGS,ONE Gas Inc. Common Stock,$80.36,1.09,1.375%,5051129857.00,United States,2014,362723,Utilities,Oil/Gas Transmission
OHI,Omega Healthcare Investors Inc. Common Stock,$46.79,1.07,2.34%,14177978270.00,United States,1992,1792353,Real Estate,Real Estate Investment Trusts
OI,O-I Glass Inc. Common Stock,$7.02,-0.25,-3.439%,1078691424.00,United States,,2776644,Consumer Discretionary,Containers/Packaging
OIA,Invesco Municipal Income Opportunities Trust Common Stock,$5.99,-0.08,-1.318%,285157478.00,United States,,74859,Finance,Finance Companies
OII,Oceaneering International Inc. Common Stock,$51.32,-0.44,-0.85%,5107861381.00,United States,,613216,Energy,Oilfield Services/Equipment
OIS,Oil States International Inc. Common Stock,$8.82,0.00,0.00%,532045500.00,United States,2001,450935,Consumer Discretionary,Oil and Gas Field Machinery
OKE,ONEOK Inc. Common Stock,$95.69,-0.32,-0.333%,60320073435.00,United States,,4360829,Utilities,Oil & Gas Production
OKLO,Oklo Inc. Class A common stock,$38.53,-2.04,-5.028%,7167260055.00,United States,2021,7789840,Utilities,Electric Utilities: Central
OLN,Olin Corporation Common Stock,$17.13,-0.27,-1.552%,1952520054.00,United States,,2174707,Industrials,Major Chemicals
OLP,One Liberty Properties Inc. Common Stock,$23.86,-0.07,-0.293%,520745073.00,United States,1986,64664,Real Estate,Real Estate Investment Trusts
OMC,Omnicom Group Inc. Common Stock,$86.09,-1.44,-1.645%,23618444299.00,United States,,1553515,Consumer Discretionary,Advertising
OMF,OneMain Holdings Inc. Common Stock,$61.11,-1.35,-2.161%,7030184171.00,United States,2013,946147,Finance,Finance: Consumer Services
ONIT,Onity Group Inc. Common Stock,$33.66,-0.58,-1.694%,281213143.00,United States,,74539,Finance,Finance: Consumer Services
ONL,Orion Properties Inc. Common Stock,$2.79,-0.06,-2.105%,159154752.00,United States,2021,193925,Real Estate,Real Estate Investment Trusts
ONON,On Holding AG Class A Ordinary Shares,$27.73,-0.77,-2.702%,16733143571.00,,2021,5754429,Consumer Discretionary,Shoe Manufacturing
ONT,Onterris Inc. Common Stock,$16.54,-0.18,-1.077%,580842193.00,United States,2020,356209,Consumer Discretionary,Professional Services
ONTO,Onto Innovation Inc. Common Stock,$256.37,-10.84,-4.057%,12581164703.00,United States,,749360,Industrials,Industrial Machinery/Components
OOMA,Ooma Inc. Common Stock,$21.88,-0.76,-3.357%,601700000.00,United States,2015,438021,Technology,EDP Services
OPFI,OppFi Inc. Class A Common Stock,$6.86,-0.07,-1.01%,584528574.00,United States,2020,500484,Finance,Finance: Consumer Services
OPLN,OPENLANE Inc. Common Stock,$35.05,-0.55,-1.545%,4278548768.00,United States,,873426,Consumer Discretionary,Retail-Auto Dealers and Gas Stations
OPP,RiverNorth/DoubleLine Strategic Opportunity Fund Inc. Common Stock,$7.43,-0.04,-0.535%,0.00,United States,2016,88062,Finance,Finance/Investors Services
OPP^A,RiverNorth/DoubleLine Strategic Opportunity Fund Inc. 4.375% Series A Cumulative Preferred Stock,$15.365,0.0045,0.029%,,United States,,5522,,
OPP^B,RiverNorth/DoubleLine Strategic Opportunity Fund Inc. 4.75% Series B Cumulative Preferred Stock,$16.64,-0.0101,-0.061%,,United States,,4178,,
OPTU,Optimum Communications Inc. Class A common stock,$0.9411,-0.0315,-3.239%,428750907.00,United States,2017,1652577,Telecommunications,Cable & Other Pay Television Services
OPY,Oppenheimer Holdings Inc. Class A Common Stock (DE),$119.61,0.82,0.69%,1280784478.00,United States,,150681,Finance,Investment Bankers/Brokers/Service
OR,OR Royalties Inc. Common Shares,$35.59,-1.37,-3.707%,6672977800.00,Canada,2016,868613,Basic Materials,Precious Metals
ORA,Ormat Technologies Inc. Common Stock,$107.29,5.29,5.186%,6598006800.00,United States,2004,1022803,Utilities,Electric Utilities: Central
ORC,Orchid Island Capital Inc. Common Stock,$6.54,-0.05,-0.759%,1305406485.00,United States,2013,5226983,Real Estate,Real Estate Investment Trusts
ORCL,Oracle Corporation Common Stock,$141.32,-7.80,-5.231%,407068161720.00,United States,1986,25380280,Technology,Computer Software: Prepackaged Software
ORCL^D,Oracle Corporation Depositary Shares each representing a 1/2000th interest in a sh of 6.50% Series D Mandatory Convertible Preferred Stock,$44.41,-2.27,-4.863%,,United States,,457336,,
ORI,Old Republic International Corporation Common Stock,$41.72,-0.01,-0.024%,10072581506.00,United States,,935074,Finance,Property-Casualty Insurers
ORN,Orion Group Holdings Inc. Common,$9.05,-0.35,-3.723%,366482375.00,United States,,330824,Industrials,Military/Government/Technical
OSCR,Oscar Health Inc. Class A Common Stock,$29.83,-0.13,-0.434%,9206880350.00,United States,2021,5007621,Health Care,Medical Specialities
OSG,Octave Specialty Group Inc. Common Stock,$4.54,0.18,4.128%,204533746.00,United States,,1019599,Finance,Property-Casualty Insurers
OSK,Oshkosh Corporation (Holding Company)Common Stock,$147.68,-6.43,-4.172%,9117726132.00,United States,,429404,Industrials,Auto Manufacturing
OTAI,Starlink AI Acquisition Corporation Ordinary Shares,$10.00,0.005,0.05%,0.00,,2026,7076,,
OTF,Blue Owl Technology Finance Corp. Common Stock,$11.62,-0.06,-0.514%,5324114220.00,United States,2025,2732468,,
OTIS,Otis Worldwide Corporation Common Stock ,$70.60,-0.53,-0.745%,26875255333.00,United States,2020,4585714,Technology,Consumer Electronics/Appliances
OUT,OUTFRONT Media Inc. Common Stock,$29.81,0.43,1.464%,5250591832.00,United States,2014,1224206,Real Estate,Real Estate Investment Trusts
OVV,Ovintiv Inc. (DE),$66.58,0.93,1.417%,18822166000.00,Canada,,2285881,Energy,Oil & Gas Production
OWL,Blue Owl Capital Inc. Class A Common Stock,$11.68,-0.56,-4.575%,18210197165.00,United States,2020,36637222,Finance,Investment Managers
OWLT,Owlet Inc. Class A Common Stock,$4.88,-0.10,-2.008%,142601784.00,United States,2020,352445,Industrials,Industrial Machinery/Components
OXM,Oxford Industries Inc. Common Stock,$37.74,-0.55,-1.436%,563493374.00,United States,,236279,Industrials,Garments and Clothing
OXY,Occidental Petroleum Corporation Common Stock,$60.95,0.77,1.279%,60927897762.00,United States,,7241005,Energy,Oil & Gas Production
P,Everpure Inc. Class A common stock,$93.78,0.83,0.893%,31172934523.00,United States,2015,2692386,Technology,Electronic Components
PAAS,Pan American Silver Corp. Common Stock,$50.00,-1.92,-3.698%,20730900000.00,Canada,,4428881,Basic Materials,Precious Metals
PAC,Grupo Aeroportuario Del Pacifico S.A. B. de C.V. Grupo Aeroportuario Del Pacifico S.A. de C.V. (each representing 10 Series B shares),$202.50,-3.54,-1.718%,12049118550.00,Mexico,2006,83284,Consumer Discretionary,Aerospace
PACK,Ranpak Holdings Corp Class A Common Stock,$4.47,-0.28,-5.895%,383339552.00,United States,2018,478091,Consumer Discretionary,Containers/Packaging
PACS,PACS Group Inc. Common Stock,$42.14,-0.17,-0.402%,6672262690.00,United States,2024,637436,Health Care,Hospital/Nursing Management
PAG,Penske Automotive Group Inc. Common Stock,$216.92,0.33,0.152%,14243590411.00,United States,,271887,Consumer Discretionary,Retail-Auto Dealers and Gas Stations
PAGS,PagSeguro Digital Ltd. Class A Common Shares,$9.14,0.12,1.33%,2656794260.00,Cayman Islands,2018,3861849,Technology,EDP Services
PAI,Western Asset Investment Grade Income Fund Inc.,$11.83,-0.05,-0.421%,0.00,United States,,34348,Finance,Trusts Except Educational Religious and Charitable
PAII,Pyrophyte Acquisition Corp. II Class A Ordinary Shares,$10.29,0.00,0.00%,0.00,,2025,8,,
PAM,Pampa Energia S.A.,$84.08,1.76,2.138%,4585791725.00,Argentina,,158608,Utilities,Electric Utilities: Central
PAR,PAR Technology Corporation Common Stock,$18.58,-0.22,-1.17%,768519115.00,United States,,695421,Miscellaneous,Office Equipment/Supplies/Services
PARR,Par Pacific Holdings Inc.  Common Stock,$80.03,0.11,0.138%,4009473149.00,United States,,1095063,Energy,Oil & Gas Production
PATH,UiPath Inc. Class A Common Stock,$18.14,-0.53,-2.839%,9398701625.00,United States,2021,63795129,Technology,Computer Software: Prepackaged Software
PAXS,PIMCO Access Income Fund Common Shares of Beneficial Interest,$14.06,0.04,0.285%,0.00,United States,2022,214177,Finance,Investment Managers
PAY,Paymentus Holdings Inc. Class A Common Stock,$35.13,-0.47,-1.32%,4424259799.00,United States,2021,1136265,Consumer Discretionary,Business Services
PAYC,Paycom Software Inc. Common Stock,$237.95,-1.15,-0.481%,10724791741.00,United States,2014,721608,Technology,Computer Software: Prepackaged Software
PB,Prosperity Bancshares Inc. Common Stock,$70.70,-0.86,-1.202%,8496497710.00,United States,,978589,Finance,Major Banks
PBA,Pembina Pipeline Corp. Ordinary Shares (Canada),$49.03,0.33,0.678%,28513641650.00,Canada,,933146,Energy,Oil & Gas Production
PBF,PBF Energy Inc. Class A Common Stock,$74.99,2.00,2.74%,8889077482.00,United States,2012,5009573,Energy,Integrated oil Companies
PBH,Prestige Consumer Healthcare Inc. Common Stock,$52.64,0.86,1.661%,2493794838.00,United States,2005,592702,Health Care,Biotechnology: Pharmaceutical Preparations
PBI,Pitney Bowes Inc. Common Stock,$17.11,-0.02,-0.117%,2345613527.00,United States,,2611229,Miscellaneous,Office Equipment/Supplies/Services
PBI^B,Pitney Bowes Inc 6.70% Notes Due 2043,$21.81,-0.04,-0.183%,,United States,,31349,,
PBR,Petroleo Brasileiro S.A. Petrobras ADS,$20.33,0.98,5.065%,131013968526.00,Brazil,,31086399,Energy,Oil & Gas Production
PBT,Permian Basin Royalty Trust Common Stock,$34.05,0.28,0.829%,1587029504.00,United States,,81226,Energy,Oil & Gas Production
PCF,High Income Securities Fund Common Stock,$5.44,-0.07,-1.27%,0.00,United States,,98782,Finance,Trusts Except Educational Religious and Charitable
PCG,Pacific Gas & Electric Co. Common Stock,$14.06,0.79,5.953%,37682353574.00,United States,,144566662,Utilities,Power Generation
PCG^X,PG&E Corp 6.000% Series A Mandatory Convertible Preferred Stock,$35.25,1.37,4.044%,,United States,,3591355,,
PCM,PCM Fund Inc. Common Stock,$5.32,-0.03,-0.561%,0.00,United States,1993,149886,Finance,Trusts Except Educational Religious and Charitable
PCN,Pimco Corporate & Income Strategy Fund Common Stock,$11.71,-0.03,-0.256%,0.00,United States,2001,422494,Finance,Investment Managers
PCOR,Procore Technologies Inc. Common Stock,$60.36,-2.36,-3.763%,9172024202.00,United States,2021,1527324,Technology,Computer Software: Prepackaged Software
PCQ,PIMCO California Municipal Income Fund Common Stock,$8.60,-0.05,-0.578%,0.00,United States,2001,94036,Finance,Investment Managers
PD,PagerDuty Inc. Common Stock,$14.04,-0.10,-0.707%,1104244217.00,United States,2019,1899049,Technology,Computer Software: Prepackaged Software
PDCC,Pearl Diver Credit Company Inc. Common Stock,$8.85,0.06,0.683%,0.00,,2024,2855,,
PDI,PIMCO Dynamic Income Fund Common Stock,$15.15,-0.04,-0.263%,3682813500.00,United States,2012,3915316,Finance,Trusts Except Educational Religious and Charitable
PDM,Piedmont Realty Trust Inc. Class A Common Stock,$9.54,-0.03,-0.313%,1193767151.00,United States,,1628571,Real Estate,Building operators
PDO,PIMCO Dynamic Income Opportunities Fund Common Shares of Beneficial Interest,$12.38,-0.11,-0.881%,1808214939.00,United States,2021,1077553,Finance,Trusts Except Educational Religious and Charitable
PDPA,Pearl Diver Credit Company Inc. 8.00% Series A Preferred Stock Due 2029,$25.0501,-0.1329,-0.528%,0.00,,,7437,,
PDS,Precision Drilling Corporation Common Stock,$92.32,0.61,0.665%,1176753003.00,Canada,,70246,Energy,Oil & Gas Production
PDT,John Hancock Premium Dividend Fund,$12.60,-0.01,-0.079%,0.00,United States,,117912,Finance,Finance Companies
PDX,PIMCO Dynamic Income Strategy Fund Common Shares of Beneficial Interest,$21.84,0.02,0.092%,976400880.00,,2019,85959,Finance,Finance/Investors Services
PEB,Pebblebrook Hotel Trust Common Shares of Beneficial Interest,$17.74,-0.38,-2.097%,2001829782.00,United States,2009,3320539,Real Estate,Real Estate Investment Trusts
PEB^E,Pebblebrook Hotel Trust 6.375% Series E Cumulative Redeemable Preferred Shares of Beneficial Interest,$19.88,-0.04,-0.201%,,United States,,6504,,
PEB^F,Pebblebrook Hotel Trust 6.3% Series F Cumulative Redeemable Preferred Shares of Beneficial Interest,$19.80,-0.05,-0.252%,,United States,,12667,,
PEB^G,Pebblebrook Hotel Trust 6.375% Series G Cumulative Redeemable Preferred Shares of Beneficial Interest,$19.80,-0.37,-1.834%,,United States,,15802,,
PEB^H,Pebblebrook Hotel Trust 5.700% Series H Cumulative Redeemable Preferred Shares of Beneficial Interest,$18.45,-0.20,-1.072%,,United States,,12334,,
PEG,Public Service Enterprise Group Incorporated Common Stock,$73.48,0.15,0.205%,36623903804.00,United States,,3581771,Utilities,Power Generation
PEN,Penumbra Inc. Common Stock,$322.58,-0.52,-0.161%,12706239749.00,United States,2015,150785,Health Care,Medical/Dental Instruments
PEO,Adams Natural Resources Fund Inc. Common Stock,$29.09,0.31,1.077%,0.00,United States,,77934,Finance,Finance/Investors Services
PERF,Perfect Corp. Class A Ordinary Share,$1.90,0.00,0.00%,193512475.00,Taiwan,2022,24943,Technology,Computer Software: Prepackaged Software
PEW,GrabAGun Digital Holdings Inc. Common Stock,$2.27,-0.07,-2.991%,66995504.00,,2025,298646,Consumer Discretionary,Other Specialty Stores
PFD,Flaherty & Crumrine Preferred and Income Fund Incorporated,$11.37,-0.06,-0.525%,0.00,United States,1991,38919,Finance,Investment Managers
PFE,Pfizer Inc. Common Stock,$28.55,0.09,0.316%,162725680966.00,United States,,42480151,Health Care,Biotechnology: Pharmaceutical Preparations
PFGC,Performance Food Group Company Common Stock,$99.20,0.03,0.03%,15627276774.00,United States,2015,1306805,Consumer Discretionary,Food Distributors
PFH,Prudential Financial Inc. 4.125% Junior Subordinated Notes due 2060,$15.19,-0.11,-0.719%,5422830000.00,United States,2020,53002,Finance,Life Insurance
PFL,PIMCO Income Strategy Fund Shares of Beneficial Interest,$7.54,-0.07,-0.92%,0.00,United States,2003,256362,Finance,Finance Companies
PFLA,PennantPark Floating Rate Capital Ltd. 7.375% Notes Due 2031,$24.99,-0.45,-1.769%,0.00,United States,2026,28907,Finance,Finance: Consumer Services
PFLT,PennantPark Floating Rate Capital Ltd. Common Stock,$7.39,-0.10,-1.335%,733220251.00,United States,2022,869060,Finance,Finance: Consumer Services
PFN,PIMCO Income Strategy Fund II,$6.89,-0.07,-1.006%,0.00,United States,2004,832669,Finance,Finance/Investors Services
PFO,Flaherty & Crumrine Preferred and Income Opportunity Fund Incorporated,$9.04,-0.02,-0.221%,0.00,United States,1992,17236,Finance,Finance Companies
PFS,Provident Financial Services Inc Common Stock,$23.00,-0.40,-1.709%,2999720214.00,United States,2003,814803,Finance,Savings Institutions
PFSI,PennyMac Financial Services Inc. Common Stock,$70.78,-2.33,-3.187%,3677132266.00,United States,2013,613563,Finance,Finance: Consumer Services
PG,Procter & Gamble Company (The) Common Stock,$146.21,1.09,0.751%,339855357703.00,United States,,8501620,Consumer Discretionary,Package Goods/Cosmetics
PGP,Pimco Global StocksPlus & Income Fund Common Shares of Beneficial Interest,$8.75,-0.06,-0.681%,0.00,United States,2005,31054,Finance,Finance Companies
PGR,Progressive Corporation (The) Common Stock,$220.54,2.46,1.128%,128215730156.00,United States,,2364177,Finance,Property-Casualty Insurers
PGZ,Principal Real Estate Income Fund Common Shares of Beneficial Interest,$9.81,-0.05,-0.507%,0.00,,2013,26618,Finance,Investment Managers
PH,Parker-Hannifin Corporation Common Stock,$952.09,-27.35,-2.792%,120008534760.00,United States,,645062,Industrials,Metal Fabrications
PHG,Koninklijke Philips N.V. NY Registry Shares,$26.59,0.02,0.075%,26134906486.00,Netherlands,,732637,Health Care,Medical Electronics
PHI,PLDT Inc. Sponsored ADR,$18.13,0.27,1.512%,3917091201.00,Philippines,,214874,Telecommunications,Telecommunications Equipment
PHIN,PHINIA Inc. Common Stock,$66.82,-1.62,-2.367%,2448157040.00,United States,2023,331285,Consumer Discretionary,Auto Parts:O.E.M.
PHK,Pimco High Income Fund,$4.52,0.01,0.222%,0.00,United States,2003,774065,Finance,Finance/Investors Services
PHM,PulteGroup Inc. Common Stock,$123.13,-3.19,-2.525%,23081031250.00,United States,,1503088,Consumer Discretionary,Homebuilding
PHR,Phreesia Inc. Common Stock,$11.84,-0.37,-3.03%,731852766.00,United States,2019,506187,Consumer Discretionary,Business Services
PII,Polaris Inc. Common Stock,$61.38,-3.16,-4.896%,3492738303.00,United States,,711514,Consumer Discretionary,Industrial Specialties
PIM,Franklin Master Intermediate Income Trust Shares of Beneficial Interest,$3.17,-0.02,-0.627%,159303259.00,United States,1988,47576,Finance,Finance Companies
PINE,Alpine Income Property Trust Inc. Common Stock,$19.54,0.08,0.411%,344308712.00,United States,2019,97240,Real Estate,Real Estate Investment Trusts
PINE^A,Alpine Income Property Trust Inc. 8.00% Series A Cumulative Redeemable Preferred Stock,$25.2828,-0.0072,-0.028%,,United States,,5408,,
PINS,Pinterest Inc. Class A Common Stock,$21.25,-0.46,-2.119%,12034151824.00,United States,2019,9830717,Technology,Computer Software: Programming Data Processing
PIPR,Piper Sandler Companies Common Stock,$74.49,-0.57,-0.759%,5264229977.00,United States,2026,666069,Finance,Investment Bankers/Brokers/Service
PJT,PJT Partners Inc. Class A Common Stock,$179.85,-0.54,-0.299%,7375937879.00,United States,2015,416110,Finance,Investment Managers
PK,Park Hotels & Resorts Inc. Common Stock ,$15.22,-0.08,-0.523%,3064369383.00,United States,2016,6140066,Consumer Discretionary,Hotels/Resorts
PKE,Park Aerospace Corp. Common Stock,$31.69,-0.85,-2.612%,689295877.00,United States,,194005,Industrials,Military/Government/Technical
PKG,Packaging Corporation of America Common Stock,$229.12,-4.82,-2.06%,20414202267.00,United States,2000,695760,Consumer Discretionary,Containers/Packaging
PKX,POSCO HOLDINGS INC. American Depositary Shares (Each representing 1/4th of a share of Common Stock),$61.11,-0.24,-0.391%,19783250787.00,South Korea,1994,206795,Industrials,Steel/Iron Ore
PL,Planet Labs PBC Class A Common Stock,$19.26,-0.59,-2.972%,6864312651.00,United States,2021,7782351,Technology,Radio And Television Broadcasting And Communications Equipment
PLD,Prologis Inc. Common Stock,$139.68,-0.24,-0.172%,132427255680.00,United States,,3096503,Real Estate,Real Estate Investment Trusts
PLGO,Pelagos Insurance Capital Limited Common Shares,$24.74,0.33,1.352%,2139518787.00,Bermuda,2023,342573,Finance,Property-Casualty Insurers
PLNT,Planet Fitness Inc. Common Stock,$50.47,-1.13,-2.19%,3796200224.00,United States,2015,1535171,Consumer Discretionary,Hotels/Resorts
PLOW,Douglas Dynamics Inc. Common Stock,$40.70,-0.37,-0.901%,939235772.00,United States,2010,204745,Industrials,Construction/Ag Equipment/Trucks
PLUN,Plutonian Acquisition Corp II Class A Ordinary Shares,$10.05,0.00,0.00%,0.00,,2026,137,,
PM,Philip Morris International Inc Common Stock,$187.15,-0.15,-0.08%,291694505109.00,United States,,4132296,Health Care, Medicinal Chemicals and Botanical Products 
PML,Pimco Municipal Income Fund II Common Shares of Beneficial Interest,$7.24,-0.09,-1.228%,0.00,United States,2002,396426,Finance,Investment Managers
PMM,Franklin Managed Municipal Income Trust Shares of Beneficial Interest,$6.18,-0.04,-0.643%,301205840.00,United States,1989,52747,Finance,Investment Managers
PMO,Franklin Municipal Opportunities Trust Shares of Beneficial Interest,$10.175,-0.075,-0.732%,345762444.00,United States,1993,53507,Finance,Finance Companies
PMT,PennyMac Mortgage Investment Trust Common Shares of Beneficial Interest,$9.24,-0.08,-0.858%,805749825.00,United States,2009,1370506,Real Estate,Real Estate Investment Trusts
PMT^A,PennyMac Mortgage Investment Trust 8.125% Series A Fixed-to-Floating Rate Cumulative Redeemable Preferred Shares of Beneficial Interest,$22.66,-0.49,-2.117%,,United States,,6746,,
PMT^B,PennyMac Mortgage Investment Trust 8.00% Series B Fixed-to-Floating Rate Cumulative Redeemable Preferred Shares of Beneficial Interest,$22.421,-0.529,-2.305%,,United States,,9313,,
PMT^C,PennyMac Mortgage Investment Trust 6.75% Series C Cumulative Redeemable Preferred Shares of Beneficial Interest,$17.87,-0.51,-2.775%,,United States,,24568,,
PMTU,PennyMac Mortgage Investment Trust 8.50% Senior Notes due 2028,$25.94,0.09,0.348%,2262029270.00,United States,2023,637,Real Estate,Real Estate Investment Trusts
PMTV,PennyMac Mortgage Investment Trust 9.00% Senior Notes due 2030,$25.38,0.11,0.435%,0.00,United States,2025,6020,Real Estate,Real Estate Investment Trusts
PMTW,PennyMac Mortgage Investment Trust 9.00% Senior Notes due 2030,$25.16,-0.51,-1.987%,0.00,United States,2025,23570,Real Estate,Real Estate Investment Trusts
PNC,PNC Financial Services Group Inc. (The) Common Stock,$237.49,-2.14,-0.893%,94745131476.00,United States,,1348601,Finance,Major Banks
PNFP,Pinnacle Financial Partners Inc. Common stock,$97.03,-2.94,-2.941%,14662459459.00,United States,,1335212,Finance,Major Banks
PNFP^A,Pinnacle Financial Partners Inc. Fixed-to-Floating Rate Non-Cumulative Perpetual Preferred Stock Series A,$25.24,-0.14,-0.552%,,United States,,9857,,
PNFP^B,Pinnacle Financial Partners Inc. Fixed-to-Floating Rate Non-Cumulative Perpetual Preferred Stock Series B,$26.14,-0.08,-0.305%,,United States,,9711,,
PNFP^C,Pinnacle Financial Partners Inc. Fixed-to-Floating Rate Non-Cumulative Perpetual Preferred Stock Series C,$24.20,0.14,0.582%,,United States,,15131,,
PNI,Pimco New York Municipal Income Fund II Common Shares of Beneficial Interest,$6.755,-0.055,-0.808%,0.00,United States,2002,32015,Finance,Trusts Except Educational Religious and Charitable
PNNT,PennantPark Investment Corporation Common Stock,$3.73,-0.02,-0.533%,243554431.00,United States,2022,1186795,Finance,Finance: Consumer Services
PNR,Pentair plc. Ordinary Share,$60.45,-0.01,-0.017%,9650114078.00,Switzerland,,6153188,Industrials,Industrial Machinery/Components
PNW,Pinnacle West Capital Corporation Common Stock,$97.66,0.02,0.02%,11836121872.00,United States,,1012850,Utilities,Electric Utilities: Central
POR,Portland General Electric Co Common Stock,$49.06,0.20,0.409%,5769835724.00,United States,,908578,Utilities,Electric Utilities: Central
POST,Post Holdings Inc. Common Stock,$83.59,0.23,0.276%,3674349330.00,United States,2012,850575,Consumer Staples,Packaged Foods
PPG,PPG Industries Inc. Common Stock,$109.70,-2.47,-2.202%,24386310000.00,United States,,1441285,Consumer Discretionary,Paints/Coatings
PPL,PPL Corporation Common Stock,$34.47,0.34,0.996%,25940220669.00,United States,,9995160,Utilities,Electric Utilities: Central
PPLC,PPL Corporation Corporate Units,$45.93,-0.23,-0.498%,34564384547.00,United States,,27574,Utilities,Electric Utilities: Central
PPT,Franklin Premier Income Trust Shares of Beneficial Interest,$3.42,-0.02,-0.581%,340386659.00,United States,1988,98396,Finance,Finance Companies
PR,Permian Resources Corporation Class A Common Stock,$23.79,0.50,2.147%,19925481720.00,United States,2022,11476536,Energy,Oil & Gas Production
PRG,PROG Holdings Inc. Common Stock,$37.60,-0.53,-1.39%,1497669401.00,United States,,538444,Consumer Discretionary,Diversified Commercial Services
PRGO,Perrigo Company plc Ordinary Shares,$14.43,-0.21,-1.434%,2002440205.00,United States,,3689290,Health Care,Biotechnology: Pharmaceutical Preparations
PRH,Prudential Financial Inc. 5.950% Junior Subordinated Notes due 2062,$21.14,-0.49,-2.265%,7441280000.00,United States,2022,71172,Finance,Life Insurance
PRI,Primerica Inc. Common Stock,$290.35,2.70,0.939%,8936203573.00,United States,2010,208017,Finance,Life Insurance
PRIF^D,Priority Income Fund Inc. 7.00% Series D Term Preferred Stock due 2029,$24.6506,0.0506,0.206%,,,,1484,,
PRIF^K,Priority Income Fund Inc. 7.000% Series K Cumulative Preferred Stock,$21.79,-0.06,-0.275%,,,,2669,,
PRIF^L,Priority Income Fund Inc. 6.375% Series L Term Preferred Stock Due 2029,$24.34,-0.31,-1.258%,,,,1180,,
PRIM,Primoris Services Corporation Common Stock,$72.25,0.14,0.194%,3889385626.00,United States,,1194872,Industrials,Water Sewer Pipeline Comm & Power Line Construction
PRKS,United Parks & Resorts Inc. Common Stock,$38.72,-1.29,-3.224%,1755615484.00,United States,2013,674143,Consumer Discretionary,Services-Misc. Amusement & Recreation
PRLB,Proto Labs Inc. Common stock,$78.49,-1.57,-1.961%,1877629696.00,United States,2012,140252,Industrials,Metal Fabrications
PRM,Perimeter Solutions SA Common Stock,$30.34,-0.16,-0.525%,4966261244.00,Luxembourg,,831191,Industrials,Major Chemicals
PRMB,Primo Brands Corporation Class A Common Stock,$22.92,0.10,0.438%,8305154711.00,United States,2024,5962588,Consumer Staples,Beverages (Production/Distribution)
PRS,Prudential Financial Inc. 5.625% Junior Subordinated Notes due 2058,$20.14,-0.27,-1.323%,7089280000.00,United States,2018,56926,Finance,Life Insurance
PRSU,Pursuit Attractions and Hospitality Inc. Common Stock,$47.21,-0.79,-1.646%,1287140758.00,United States,,427254,Consumer Discretionary,Services-Misc. Amusement & Recreation
PRT,PermRock Royalty Trust Units of Beneficial Interest,$2.19,-0.02,-0.905%,26642953.00,United States,2018,15203,Energy,Oil & Gas Production
PRU,Prudential Financial Inc. Common Stock,$117.14,-0.46,-0.391%,40413300000.00,United States,2001,1451851,Finance,Life Insurance
PS,Pershing Square Inc. Common Stock,$38.52,-4.40,-10.252%,15408000000.00,,2026,195791,Finance,Investment Managers
PSA,Public Storage Common Stock,$302.86,-4.13,-1.345%,53188616643.00,United States,,1348441,Real Estate,Real Estate Investment Trusts
PSA^F,Public Storage Depositary Shares Each Representing 1/1000 of a 5.15% Cumulative Preferred Share of Beneficial Interest Series F par value $0.01 per share,$19.294,0.004,0.021%,,United States,,27135,,
PSA^G,Public Storage Depositary Shares Each Representing 1/1000 of a 5.05% Cumulative Preferred Share of Beneficial Interest Series G,$18.64,-0.10,-0.534%,,United States,,33689,,
PSA^H,Public Storage Depositary Shares Each Representing 1/1000 of a  5.60% Cumulative Preferred  Share of Beneficial Interest Series H,$20.72,-0.11,-0.528%,,United States,,13285,,
PSA^I,Public Storage Depositary Shares Each Representing 1/1000 of a 4.875% Cumulative Preferred Share of Beneficial Interest Series I par value $0.01 per share,$17.925,-0.275,-1.511%,,United States,,27343,,
PSA^J,Public Storage Depositary Shares Each Representing 1/1000 of a 4.700% Cumulative Preferred Share of Beneficial Interest Series J par value $0.01 per share,$17.335,-0.255,-1.45%,,United States,,11523,,
PSA^K,Public Storage Depositary Shares Each Representing 1/1000 of a 4.75% Cumulative Preferred Share of Beneficial Interest Series K,$17.70,0.03,0.17%,,United States,,8222,,
PSA^L,Public Storage Depositary Shares Each Representing 1/1000 of a 4.625% Cumulative Preferred Share of Beneficial Interest Series L par value $0.01 per share,$17.04,-0.09,-0.525%,,United States,,42372,,
PSA^M,Public Storage Depositary Shares Each Representing 1/1000 of a 4.125% Cumulative Preferred Share of Beneficial Interest Series M,$15.21,-0.06,-0.393%,,United States,,15341,,
PSA^N,Public Storage Depositary Shares Each Representing 1/1000 of a 3.875% Cumulative Preferred Share of Beneficial Interest Series N,$14.35,-0.26,-1.78%,,United States,,14083,,
PSA^O,Public Storage Depositary Shares Each Representing 1/1000 of a 3.900% Cumulative Preferred Share of Beneficial Interest Series O,$14.38,-0.12,-0.828%,,United States,,43196,,
PSA^P,Public Storage Depositary Shares Each Representing 1/1000 of a 4.000% Cumulative Preferred Share of Bene cial Interest Series P,$14.69,-0.10,-0.676%,,United States,,62253,,
PSA^Q,Public Storage Depositary Shares Each Representing 1/1000 of a 3.950% Cumulative Preferred Share of Beneficial Interest Series Q par value $0.01 per share,$14.55,-0.02,-0.137%,,United States,,28749,,
PSA^R,Public Storage Depositary Shares Each Representing 1/1000 of a 4.00% Cumulative Preferred Share of Bene cial Interest Series R,$14.70,-0.17,-1.143%,,United States,,38176,,
PSA^S,Public Storage Depositary Shares Each Representing 1/1000 of a 4.100% Cumulative Preferred Share of Beneficial Interest Series S,$15.2082,-0.2218,-1.437%,,United States,,6901,,
PSA^T,Public Storage 6.000% Cumulative Preferred Shares of beneficial interest Series T,$22.44,-0.10,-0.444%,,United States,,16359,,
PSA^U,Public Storage 6.000% Cumulative Preferred Shares of Beneficial Interest Series U,$23.35,-0.33,-1.394%,,United States,,5482,,
PSBD,Palmer Square Capital BDC Inc. Common Stock,$10.32,-0.13,-1.244%,0.00,,2024,53650,,
PSEC^A,Prospect Capital Corporation 5.35% Series A Fixed Rate Cumulative Perpetual Preferred Stock,$16.32,-0.10,-0.609%,,United States,,2473,,
PSF,Cohen & Steers Select Preferred and Income Fund Inc. Common Stock,$19.36,-0.13,-0.667%,951323838.00,,2010,25528,Finance,Investment Managers
PSFE,Paysafe Limited Common Shares,$6.22,-0.22,-3.416%,324780236.00,United Kingdom,2021,424315,Consumer Discretionary,Business Services
PSN,Parsons Corporation Common Stock,$46.37,-2.27,-4.667%,4952566120.00,United States,2019,1201772,Technology,EDP Services
PSO,Pearson Plc Common Stock,$16.50,-0.07,-0.422%,10490253477.00,United Kingdom,,426005,Consumer Discretionary,Books
PSQH,PSQ Holdings Inc. Class A Common Stock,$5.00,-0.46,-8.425%,18635840.00,,2021,25947,Consumer Discretionary,Advertising
PSTL,Postal Realty Trust Inc. Class A Common Stock,$23.74,0.29,1.237%,718108245.00,United States,2019,255347,Real Estate,Real Estate Investment Trusts
PSUS,Pershing Square USA Ltd. Common Shares,$39.03,-0.37,-0.939%,1020634500.00,,2026,181829,,
PSX,Phillips 66 Common Stock,$252.02,5.44,2.206%,100561251250.00,United States,,3097390,Energy,Integrated oil Companies
PTA,Cohen & Steers Tax-Advantaged Preferred Securities and Income Fund Common Shares of Beneficial Interest,$18.41,-0.06,-0.325%,1017584343.00,United States,2020,162324,Finance,Trusts Except Educational Religious and Charitable
PTY,Pimco Corporate & Income Opportunity Fund,$11.79,0.02,0.17%,0.00,United States,2002,1249723,Finance,Investment Managers
PUK,Prudential Public Limited Company Common Stock,$27.08,-0.19,-0.697%,34597935545.00,United Kingdom,,1129997,Finance,Life Insurance
PUMP,ProPetro Holding Corp. Common Stock,$11.35,-0.01,-0.088%,1394051458.00,United States,2017,2557901,Energy,Oilfield Services/Equipment
PVH,PVH Corp. Common Stock,$72.87,-1.29,-1.739%,3359896664.00,United States,,1172067,Industrials,Garments and Clothing
PVL,Permianville Royalty Trust Units of Beneficial Interest,$1.81,-0.07,-3.723%,59730000.00,United States,2011,71010,Energy,Oil & Gas Production
PWR,Quanta Services Inc. Common Stock,$611.39,4.30,0.708%,90075953583.00,United States,,988914,Industrials,Engineering & Construction
PXED,Phoenix Education Partners Inc. Common Stock,$29.12,0.01,0.034%,1049699589.00,,2025,72405,Real Estate,Other Consumer Services
PYT,PPlus Tr GSC-2 Tr Ctf Fltg Rate,$23.75,0.28,1.193%,0.00,United States,,10380,Finance,Finance: Consumer Services
Q,Qnity Electronics Inc. Common Stock,$115.49,-3.94,-3.299%,24161494631.00,United States,2025,2794023,Technology,Semiconductors
QGEN,Qiagen N.V. Common Shares,$43.39,0.10,0.231%,8941583533.00,Netherlands,2026,2554778,Health Care,Biotechnology: Biological Products (No Diagnostic Substances)
QLEP,Quantum Leap Acquisition Corp Class A Ordinary Shares,$10.03,0.02,0.20%,0.00,,2026,3517,,
QRED,QuasarEdge Acquisition Corporation Ordinary Shares,$10.05,0.00,0.00%,0.00,,2026,1479,Finance,Blank Checks
QSR,Restaurant Brands International Inc. Common Shares,$78.22,0.34,0.437%,35551685610.00,Canada,2014,3844659,Consumer Discretionary,Restaurants
QTWO,Q2 Holdings Inc. Common Stock,$63.91,-1.13,-1.737%,3985088557.00,United States,2014,415052,Technology,Computer Software: Prepackaged Software
QUAD,Quad Graphics Inc Class A Common Stock,$10.08,0.02,0.199%,518729924.00,United States,,400887,Consumer Discretionary,Publishing
QXO,QXO Inc. Common Stock,$12.88,-0.40,-3.012%,13362880332.00,United States,,13739740,Consumer Discretionary,RETAIL: Building Materials
QXO^B,QXO Inc.  Depositary Shares each representing a 1/20th interest in a share of 5.50% Series B Mandatory Convertible Preferred Stock,$39.94,-0.73,-1.795%,,United States,,54600,,
R,Ryder System Inc. Common Stock,$243.48,-0.98,-0.401%,9336695421.00,United States,,272422,Consumer Discretionary,Rental/Leasing Companies
RA,Brookfield Real Assets Income Fund Inc. Common Stock,$12.51,-0.04,-0.319%,0.00,United States,2016,154275,Finance,Investment Managers
RAC,Rithm Acquisition Corp. Class A Ordinary Shares,$10.55,0.01,0.095%,0.00,,2025,108646,,
RAC/WS,Rithm Acquisition Corp.,$0.5001,0.0001,0.02%,,,,3801,,
RACE,Ferrari N.V. Common Shares,$410.21,-12.39,-2.932%,95966387292.00,Italy,2015,438042,Industrials,Auto Manufacturing
RAL,Ralliant Corporation Common Stock,$61.03,-0.70,-1.134%,6752359688.00,United States,2025,1424616,Industrials,Industrial Machinery/Components
RAMP,LiveRamp Holdings Inc. Common Stock,$37.82,0.10,0.265%,2299266219.00,United States,2018,1152094,Technology,EDP Services
RBA,RB Global Inc. Common Stock,$82.75,-1.83,-2.164%,15465975000.00,Canada,,2033264,Consumer Discretionary,Business Services
RBC,RBC Bearings Incorporated Common Stock,$488.69,-5.57,-1.127%,15471556439.00,United States,2022,237405,Industrials,Metal Fabrications
RBLX,Roblox Corporation Class A Common Stock,$40.67,-0.62,-1.502%,29053669520.00,United States,2021,9235126,Technology,Computer Software: Prepackaged Software
RBRK,Rubrik Inc. Class A Common Stock,$88.40,-4.64,-4.987%,18195245234.00,United States,2024,3242609,Technology,Computer Software: Prepackaged Software
RC,Ready Capital Corporation Common Stock,$1.69,-0.08,-4.52%,279172776.00,United States,2013,878409,Real Estate,Real Estate Investment Trusts
RC^C,Ready Capital Corporation 6.25% Series C Cumulative Convertible Preferred Stock,$12.50,0.01,0.08%,,United States,,1597,,
RC^E,Ready Capital Corporation 6.50% Series E Cumulative Redeemable Preferred Stock,$13.19,-0.0102,-0.077%,,United States,,8753,,
RCD,Ready Capital Corporation 9.00% Senior Notes due 2029,$22.7901,-0.9999,-4.203%,0.00,United States,2024,6326,Real Estate,Real Estate Investment Trusts
RCI,Rogers Communication Inc. Common Stock,$36.41,-0.48,-1.301%,19669565962.00,Canada,,1116987,Telecommunications,Cable & Other Pay Television Services
RCL,Royal Caribbean Cruises Ltd. Common Stock,$265.70,-3.04,-1.131%,71062018719.00,United States,1993,2010916,Consumer Discretionary,Marine Transportation
RCS,PIMCO Strategic Income Fund Inc.,$5.25,-0.03,-0.568%,0.00,United States,1994,171107,Finance,Investment Managers
RCUS,Arcus Biosciences Inc. Common Stock,$29.71,0.43,1.469%,3783074601.00,United States,2018,1528526,Health Care,Biotechnology: Pharmaceutical Preparations
RDDT,Reddit Inc. Class A Common Stock,$144.64,-3.17,-2.145%,27828231206.00,United States,2024,3790509,Technology,EDP Services
RDN,Radian Group Inc. Common Stock,$35.80,-0.06,-0.167%,4736387184.00,United States,,704662,Finance,Property-Casualty Insurers
RDW,Redwire Corporation Common Stock,$10.26,-0.44,-4.112%,2564924168.00,United States,2021,8120199,Industrials,Military/Government/Technical
RDY,Dr. Reddy's Laboratories Ltd Common Stock,$12.17,0.04,0.33%,10157775325.00,India,,1932241,Health Care,Biotechnology: Pharmaceutical Preparations
REF,Reformation Inc. Common Stock,$14.18,-0.13,-0.908%,902697198.00,,2026,212652,Consumer Discretionary,Apparel
RELX,RELX PLC PLC American Depositary Shares (Each representing One Ordinary Share),$35.70,-0.73,-2.004%,65115996572.00,United Kingdom,2015,1337788,Consumer Discretionary,Business Services
RERE,ATRenew Inc. American Depositary Shares (every three of which representing two Class A ordinary shares),$4.14,0.02,0.485%,907757083.00,Cayman Islands,2021,634799,Consumer Discretionary,Other Specialty Stores
RES,RPC Inc. Common Stock,$6.55,0.02,0.306%,1451853429.00,United States,,1761334,Energy,Oilfield Services/Equipment
REX,REX American Resources Corporation,$41.99,0.91,2.215%,1383054779.00,United States,,226533,Industrials,Major Chemicals
REXR,Rexford Industrial Realty Inc. Common Stock,$37.06,0.02,0.054%,8263939875.00,United States,2013,2379503,Real Estate,Real Estate Investment Trusts
REXR^B,Rexford Industrial Realty Inc. 5.875% Series B Cumulative Redeemable Preferred Stock,$22.42,0.02,0.089%,,United States,,11535,,
REXR^C,Rexford Industrial Realty Inc. 5.625% Series C Cumulative Redeemable Preferred Stock par value $0.01 per share,$21.17,-0.23,-1.075%,,United States,,2745,,
REZI,Resideo Technologies Inc. Common Stock ,$19.24,-0.12,-0.62%,2921543553.00,United States,2018,2405789,Industrials,Wholesale Distributors
RF,Regions Financial Corporation Common Stock,$29.29,-0.59,-1.975%,24953015231.00,United States,,6252665,Finance,Major Banks
RF^C,Regions Financial Corporation Depositary Shares each Representing a 1/40th Interest in a  Share of 5.700% Fixed-to-Floating Rate Non-Cumulative  Perpetual Preferred Stock Series C,$24.48,-0.02,-0.082%,,United States,,34644,,
RF^E,Regions Financial Corporation Depositary Shares Each Representing a 1/40th Interest in a Share of 4.45% Non-Cumulative Perpetual Preferred Stock Series E,$15.98,-0.30,-1.843%,,United States,,69803,,
RF^F,Regions Financial Corporation Depositary Shares Each Representing a 1/40th Interest in a Share of Non-Cumulative Perpetual Preferred Stock Series F,$25.20,-0.26,-1.021%,,United States,,50475,,
RFI,Cohen & Steers Total Return Realty Fund Inc. Common Stock,$11.29,-0.04,-0.353%,554775110.00,United States,1993,85705,Finance,Investment Managers
RFL,Rafael Holdings Inc. Class B Common Stock,$2.44,-0.13,-5.058%,126879990.00,United States,2018,90479,Health Care,Biotechnology: Pharmaceutical Preparations
RFM,RiverNorth Flexible Municipal Income Fund Inc. Common Stock,$14.34,-0.085,-0.589%,87684784.00,,2020,24263,Finance,Finance/Investors Services
RFMZ,RiverNorth Flexible Municipal Income Fund II Inc. Common Stock,$12.95,-0.11,-0.842%,315355240.00,,2021,73171,Finance,Finance/Investors Services
RGA,Reinsurance Group of America Incorporated Common Stock,$247.72,1.68,0.683%,16176528454.00,United States,,404877,Finance,Life Insurance
RGR,Sturm Ruger & Company Inc. Common Stock,$37.97,0.00,0.00%,606694380.00,United States,,96758,Industrials,Ordnance And Accessories
RGT,Royce Global Trust Inc. Common Stock,$15.10,-0.22,-1.436%,94630839.00,,2013,21158,Finance,Trusts Except Educational Religious and Charitable
RH,RH Common Stock,$144.48,-4.67,-3.131%,2730812001.00,United States,2012,528580,Consumer Discretionary,Other Specialty Stores
RHI,Robert Half Inc. Common Stock,$43.55,-1.79,-3.948%,4457857609.00,United States,,1576185,Consumer Discretionary,Professional Services
RHLD,Resolute Holdings Management Common Stock ,$130.78,-4.74,-3.498%,1022646634.00,United States,,175047,Finance,Finance: Consumer Services
RHP,Ryman Hospitality Properties Inc. (REIT),$123.46,-3.30,-2.603%,8516685008.00,United States,,822767,Real Estate,Real Estate Investment Trusts
RIG,Transocean Ltd (Switzerland) Common Stock,$5.92,0.11,1.893%,6611930103.00,Switzerland,,37066455,Energy,Oil & Gas Production
RIO,Rio Tinto Plc Common Stock,$101.86,-0.64,-0.624%,127940090166.00,Australia,2002,2325058,Basic Materials,Metal Mining
RITM,Rithm Capital Corp. Common Stock,$9.89,-0.14,-1.396%,5522645537.00,United States,,4501310,Real Estate,Real Estate Investment Trusts
RITM^A,Rithm Capital Corp. 7.50% Series A Fixed-to-Floating Rate Cumulative Redeemable Preferred Stock,$25.38,-0.14,-0.549%,,United States,,7153,,
RITM^B,Rithm Capital Corp. 7.125% Series B Fixed-to-Floating Rate Cumulative Redeemable Preferred Stock,$25.425,0.005,0.02%,,United States,,13375,,
RITM^C,Rithm Capital Corp. 6.375% Series C Fixed-to-Floating Rate Cumulative Redeemable Preferred Stock,$24.875,0.035,0.141%,,United States,,39452,,
RITM^D,Rithm Capital Corp. 7.00% Fixed-Rate Reset Series D Cumulative Redeemable Preferred Stock,$25.06,-0.05,-0.199%,,United States,,51308,,
RITM^E,Rithm Capital Corp. 8.75% Series E Fixed-Rate Cumulative Redeemable Preferred Stock,$24.75,0.11,0.446%,,United States,,47542,,
RITM^F,Rithm Capital Corp. 8.750% Series F Fixed-Rate Reset Cumulative Redeemable Preferred Stock,$24.81,-0.11,-0.441%,,United States,,35796,,
RIV,RiverNorth Opportunities Fund Inc. Common Stock,$10.96,0.02,0.183%,0.00,United States,2015,71951,Finance,Finance Companies
RIV^A,RiverNorth Opportunities Fund Inc. 6.00% Series A Perpetual Preferred Stock,$21.55,0.01,0.046%,,United States,,5692,,
RJF,Raymond James Financial Inc. Common Stock,$173.50,-4.67,-2.621%,33374756859.00,United States,,1450134,Finance,Investment Bankers/Brokers/Service
RKT,Rocket Companies Inc. Class A Common Stock,$13.03,-0.38,-2.834%,36896300746.00,United States,2020,21577658,Finance,Finance: Consumer Services
RL,Ralph Lauren Corporation Common Stock,$340.82,-6.08,-1.753%,20306818696.00,United States,1997,812831,Industrials,Garments and Clothing
RLI,RLI Corp. Common Stock (DE),$63.35,-0.12,-0.189%,5813817650.00,United States,,552750,Finance,Property-Casualty Insurers
RLJ,RLJ Lodging Trust Common Shares of Beneficial Interest $0.01 par value,$11.02,-0.02,-0.181%,1679182109.00,United States,2011,1619947,Real Estate,Real Estate Investment Trusts
RLJ^A,RLJ Lodging Trust $1.95 Series A Cumulative Convertible  Preferred Shares,$25.33,-0.04,-0.158%,,United States,,21701,,
RLTY,Cohen & Steers Real Estate Opportunities and Income Fund Common Shares of Beneficial Interest,$15.40,-0.09,-0.581%,0.00,,2022,51642,Finance,Investment Managers
RLX,RLX Technology Inc. American Depositary Shares each representing the right to receive one (1) Class A ordinary share,$1.79,-0.04,-2.186%,2772603150.00,Cayman Islands,2021,6177034,Health Care, Medicinal Chemicals and Botanical Products 
RM,Regional Management Corp. Common Stock,$31.83,-0.26,-0.81%,293657023.00,United States,2012,62100,Finance,Finance: Consumer Services
RMD,ResMed Inc. Common Stock,$231.36,-8.74,-3.64%,33374213516.00,United States,,987029,Health Care,Medical/Dental Instruments
RMI,RiverNorth Opportunistic Municipal Income Fund Inc. Common Stock,$15.17,-0.02,-0.132%,96682476.00,,2018,9774,Finance,Finance/Investors Services
RMM,RiverNorth Managed Duration Municipal Income Fund Inc. Common Stock,$14.24,-0.08,-0.559%,281092303.00,,2019,54186,Finance,Trusts Except Educational Religious and Charitable
RMMZ,RiverNorth Managed Duration Municipal Income Fund II Inc. Common Stock,$14.75,-0.15,-1.007%,291159513.00,,2022,3630,Finance,Investment Managers
RMT,Royce Micro-Cap Trust Inc. Common Stock,$13.70,-0.30,-2.143%,633886766.00,United States,,123192,Finance,Investment Managers
RNG,RingCentral Inc. Class A Common Stock,$70.77,1.15,1.652%,5909731085.00,United States,2013,2013864,Technology,EDP Services
RNGR,Ranger Energy Services Inc. Class A Common Stock,$16.95,0.25,1.497%,396664290.00,United States,2017,299941,Energy,Oilfield Services/Equipment
RNP,Cohen & Steers REIT and Preferred and Income Fund Inc. Common Shares,$20.15,0.02,0.099%,990143354.00,United States,2003,143699,Finance,Investment Managers
RNR,RenaissanceRe Holdings Ltd. Common Stock,$329.79,2.15,0.656%,13703398792.00,Bermuda,,219718,Finance,Property-Casualty Insurers
RNR^F,RenaissanceRe Holdings Ltd. Depositary Shares each Representing a 1/1000th Interest in a 5.750% Series F Preference Share,$19.97,-0.22,-1.09%,,Bermuda,,25558,,
RNR^G,RenaissanceRe Holdings Ltd. Depositary Shares each representing a 1/1000th interest in a share of 4.20% Series G Preference Shares,$14.55,-0.17,-1.155%,,Bermuda,,44979,,
RNST,Renasant Corporation Common Stock,$39.93,-0.98,-2.396%,3649780287.00,United States,2023,581726,Finance,Major Banks
ROG,Rogers Corporation Common Stock,$122.99,-2.58,-2.055%,2197626522.00,United States,1960,150878,Industrials,Major Chemicals
ROK,Rockwell Automation Inc. Common Stock,$417.53,-6.90,-1.626%,46460213596.00,United States,,874269,Industrials,Industrial Machinery/Components
ROL,Rollins Inc. Common Stock,$36.19,0.12,0.333%,17412652171.00,United States,,3766388,Consumer Discretionary,Diversified Commercial Services
RPC,Ridgepost Capital Inc. Class A Common Stock,$8.43,-0.17,-1.977%,929310049.00,United States,2021,537943,Finance,Investment Managers
RPM,RPM International Inc. Common Stock,$101.85,-2.25,-2.161%,13010462812.00,United States,,1651315,Consumer Discretionary,Paints/Coatings
RPT,Rithm Property Trust Inc. Common stock,$12.59,-0.11,-0.866%,97856581.00,United States,2015,45410,Real Estate,Real Estate Investment Trusts
RPT^C,Rithm Property Trust Inc. 9.875% Series C Fixed-to-Floating Rate Cumulative Redeemable Preferred Stock,$25.00,-0.07,-0.279%,,United States,,1925,,
RQI,Cohen & Steers Quality Income Realty Fund Inc Common Shares,$12.16,0.01,0.082%,1633092961.00,United States,2002,998171,Finance,Trusts Except Educational Religious and Charitable
RRC,Range Resources Corporation Common Stock,$42.40,1.08,2.614%,9908011436.00,United States,,2937569,Energy,Oil & Gas Production
RRX,Regal Rexnord Corporation Common Stock,$157.01,-1.44,-0.909%,10455589038.00,United States,1976,1321622,Industrials,Industrial Machinery/Components
RS,Reliance Inc. Common Stock,$390.11,6.06,1.578%,19916892451.00,United States,1994,356454,Industrials,Metal Fabrications
RSF,RiverNorth Capital and Income Fund Common Stock,$14.511,-0.004,-0.028%,48489624.00,,2019,9919,Finance,Investment Managers
RSG,Republic Services Inc. Common Stock,$223.29,2.37,1.073%,68374295858.00,United States,1998,1878202,Utilities,Environmental Services
RSI,Rush Street Interactive Inc. Class A Common Stock,$25.75,-0.01,-0.039%,5968163969.00,United States,2020,2577597,Consumer Discretionary,Services-Misc. Amusement & Recreation
RSKD,Riskified Ltd. Class A Ordinary Shares,$6.19,-0.10,-1.59%,841630828.00,,2021,1847401,Consumer Discretionary,Business Services
RTO,Rentokil Initial plc American Depositary Shares (each representing five (5) Ordinary Shares),$24.30,0.51,2.144%,12256920000.00,United States,2022,2076423,Consumer Discretionary,Other Consumer Services
RTX,RTX Corporation Common Stock,$205.16,-2.57,-1.237%,276506060823.00,United States,,3085821,Industrials,Aerospace
RVI,Robinhood Ventures Fund I Common Shares of Beneficial Interest,$26.53,-0.12,-0.45%,0.00,,2026,112707,,
RVII,Robinhood Ventures Fund II Common Shares of Beneficial Interest,$22.00,-0.62,-2.741%,176000000.00,,2026,139830,,
RVLV,Revolve Group Inc. Class A Common Stock,$22.21,-0.01,-0.045%,1578807178.00,United States,2019,1050618,Consumer Discretionary,Catalog/Specialty Distribution
RVT,Royce Small-Cap Trust Inc. Common Stock,$18.19,-0.38,-2.046%,1963732646.00,United States,1986,284457,Finance,Trusts Except Educational Religious and Charitable
RVTY,Revvity Inc. Common Stock,$126.59,-2.08,-1.617%,14125722503.00,United States,,3056628,Industrials,Biotechnology: Laboratory Analytical Instruments
RWT,Redwood Trust Inc. Common Stock,$4.42,-0.20,-4.329%,555206949.00,United States,1995,1659919,Real Estate,Real Estate Investment Trusts
RWT^A,Redwood Trust Inc. 10.00% Series A Fixed-Rate Reset Cumulative Redeemable Preferred Stock,$24.33,-0.344,-1.394%,,United States,,4076,,
RWTN,Redwood Trust Inc. 9.125% Senior Notes Due 2029,$24.625,-0.155,-0.626%,3182127801.00,United States,2024,4952,Real Estate,Real Estate Investment Trusts
RWTO,Redwood Trust Inc. 9.00% Senior Notes Due 2029,$24.10,-0.31,-1.27%,3114285482.00,United States,2024,4744,Real Estate,Real Estate Investment Trusts
RWTP,Redwood Trust Inc. 9.125% Senior Notes Due 2030,$23.25,-0.28,-1.19%,0.00,United States,2025,16134,Real Estate,Real Estate Investment Trusts
RWTQ,Redwood Trust Inc. 9.500% Senior Notes Due 2030,$22.83,-0.50,-2.143%,0.00,United States,2025,38349,Real Estate,Real Estate Investment Trusts
RWTS,Redwood Trust Inc. 9.75% Senior Notes Due 2031,$23.14,-0.36,-1.532%,0.00,United States,2026,91751,Real Estate,Real Estate Investment Trusts
RXO,RXO Inc. Common Stock,$20.11,-1.14,-5.365%,3316664434.00,United States,2022,1222987,Consumer Discretionary,Transportation Services
RY,Royal Bank Of Canada Common Stock,$203.48,-0.67,-0.328%,281703775501.00,Canada,,1484202,Finance,Commercial Banks
RYAM,Rayonier Advanced Materials Inc. Common Stock,$8.33,-0.26,-3.027%,563476253.00,United States,2014,796930,Basic Materials,Paper
RYAN,Ryan Specialty Holdings Inc. Class A Common Stock,$42.32,0.14,0.332%,10826081701.00,United States,2021,1526409,Finance,Specialty Insurers
RYN,Rayonier Inc. REIT Common Stock,$20.81,0.31,1.512%,6192375326.00,United States,,5708701,Real Estate,Real Estate Investment Trusts
RYZ,Ryerson Holding Corporation Common Stock,$25.34,0.28,1.117%,1315111867.00,United States,2014,341108,Industrials,Metal Fabrications
RZC,Reinsurance Group of America Incorporated 7.125% Fixed-Rate Reset Subordinated Debentures due 2052,$25.51,-0.15,-0.585%,1665845474.00,United States,2022,26510,Finance,Life Insurance
S,SentinelOne Inc. Class A Common Stock,$20.63,-1.47,-6.652%,7180253284.00,United States,2021,6887763,Technology,Computer Software: Prepackaged Software
SA,Seabridge Gold Inc. Common Shares New,$29.92,-1.86,-5.853%,3227506783.00,Canada,2026,986746,Basic Materials,Precious Metals
SABA,Saba Capital Income & Opportunities Fund II Shares of Beneficial Interest,$8.23,-0.04,-0.484%,0.00,United States,,75201,,
SAC,Safeguard Acquisition Corp. Class A Ordinary Shares,$10.10,0.00,0.00%,0.00,,2026,2628,Finance,Blank Checks
SAFE,Safehold Inc. New Common Stock ,$15.20,0.06,0.396%,1076407456.00,United States,2023,253360,Real Estate,Real Estate Investment Trusts
SAGU,Shreya Acquisition Group Class A Ordinary Shares,$10.01,0.02,0.20%,0.00,,2026,40049,Finance,Blank Checks
SAH,Sonic Automotive Inc. Common Stock,$77.89,-0.76,-0.966%,2462476928.00,United States,1997,279023,Consumer Discretionary,Retail-Auto Dealers and Gas Stations
SAJ,Saratoga Investment Corp 8.00% Notes due 2027,$25.1101,-0.0026,-0.01%,393428336.00,United States,2022,2268,Finance,Investment Managers
SAM,Boston Beer Company Inc. (The) Common Stock,$174.95,-2.86,-1.608%,1800529591.00,United States,,205749,Consumer Staples,Beverages (Production/Distribution)
SAMO,Samos Energy Acquisition Corporation Class A Ordinary Shares,$9.80,-0.02,-0.204%,0.00,,2026,27303,,
SAN,Banco Santander S.A. Sponsored ADR (Spain),$14.38,-0.18,-1.236%,211232414439.00,Spain,,8677616,Finance,Commercial Banks
SAP,SAP  SE ADS,$212.04,-8.85,-4.007%,260492037353.00,Germany,,2552823,Technology,Computer Software: Prepackaged Software
SAR,Saratoga Investment Corp New,$18.34,-0.16,-0.865%,294923999.00,United States,,77197,Finance,Investment Managers
SARO,StandardAero Inc. Common Stock,$24.21,-0.28,-1.143%,8011559425.00,United States,2024,3907206,Industrials,Aerospace
SAT,Saratoga Investment Corp 6.00% Notes due 2027,$25.01,0.01,0.04%,391859956.00,United States,2022,1517,Finance,Investment Managers
SAV,Saratoga Investment Corp 7.50% Notes due 2031,$24.65,0.01,0.041%,0.00,United States,2026,2302,Finance,Investment Managers
SAX,Saratoga Investment Corp 8.00% Notes due 2031,$24.78,-0.01,-0.04%,0.00,United States,2026,61594,,
SAY,Saratoga Investment Corp 8.125% Notes due 2027,$25.09,0.005,0.02%,393113407.00,United States,2022,5440,Finance,Investment Managers
SAZ,Saratoga Investment Corp 8.50% Notes due 2028,$25.22,0.035,0.139%,395150264.00,United States,2023,1161,Finance,Investment Managers
SB,Safe Bulkers Inc Common Stock ($0.001 par value),$8.75,0.12,1.39%,894641843.00,Monaco,2008,1067572,Consumer Discretionary,Marine Transportation
SB^C,Safe Bulkers Inc Cumulative Redeemable Perpetual Preferred Series C (Marshall Islands),$26.3818,-0.1182,-0.446%,,Monaco,,377,,
SB^D,Safe Bulkers Inc Perpetual Preferred Series D (Marshall Islands),$26.18,0.075,0.287%,,Monaco,,4395,,
SBH,Sally Beauty Holdings Inc. (Name to be changed from Sally Holdings Inc.) Common Stock,$16.37,-0.01,-0.061%,1532596920.00,United States,,963831,Consumer Discretionary,Other Specialty Stores
SBI,Western Asset Intermediate Muni Fund Inc Common Stock,$7.56,-0.05,-0.657%,0.00,United States,1992,19351,Finance,Finance/Investors Services
SBR,Sabine Royalty Trust Common Stock,$75.68,0.58,0.772%,1103364830.00,United States,,23498,Energy,Oil & Gas Production
SBS,Companhia de saneamento Basico Do Estado De Sao Paulo - Sabesp American Depositary Shares (Each repstg 250 Common Shares),$4.87,0.01,0.206%,17164480702.00,Brazil,2002,14418703,Utilities,Water Supply
SBSI,Southside Bancshares Inc. Common Stock,$31.42,-0.14,-0.444%,936566732.00,United States,,137956,Finance,Major Banks
SBSW,D/B/A Sibanye-Stillwater Limited ADS,$11.66,-0.19,-1.603%,8251103575.00,South Africa,,5648710,Basic Materials,Precious Metals
SBXD,SilverBox Corp IV Class A Ordinary Shares,$10.84,0.00,0.00%,0.00,,2024,48,,
SBXE,SilverBox Corp V Class A Ordinary Shares,$10.11,-0.02,-0.197%,0.00,,2026,644,,
SCCO,Southern Copper Corporation Common Stock,$201.61,-7.26,-3.476%,168209615247.00,United States,,970072,Basic Materials,Metal Mining
SCD,LMP Capital and Income Fund Inc. Common Stock,$15.55,-0.05,-0.321%,0.00,United States,2004,55021,Finance,Trusts Except Educational Religious and Charitable
SCE^G,SCE Trust II Trust Preferred Securities,$17.00,0.10,0.592%,,United States,,10664,,
SCE^L,SCE TRUST VI,$16.68,0.11,0.664%,,United States,,225406,,
SCE^M,SCE Trust VII 7.50% Trust Preference Securities,$24.01,0.33,1.394%,,United States,,150149,,
SCE^N,SCE Trust VIII 6.95% Trust Preference Securities,$22.56,0.13,0.58%,,United States,,28302,,
SCHW,Charles Schwab Corporation (The) Common Stock,$108.28,-1.54,-1.402%,187252471112.00,United States,,8172128,Finance,Investment Bankers/Brokers/Service
SCHW^D,The Charles Schwab Corporation Depositary Shares each representing 1/40th interest in a share of 5.95% Non-Cumulative Perpetual Preferred Stock Series D,$23.16,-0.07,-0.301%,,United States,,88756,,
SCHW^J,The Charles Schwab Corporation Depositary Shares Each Representing a 1/40th Interest in a Share of 4.450% Non-Cumulative Perpetual Preferred Stock Series J,$16.5616,-0.3184,-1.886%,,United States,,90622,,
SCI,Service Corporation International Common Stock,$81.43,-0.21,-0.257%,11124923768.00,United States,,700516,Consumer Discretionary,Other Consumer Services
SCL,Stepan Company Common Stock,$61.45,-1.16,-1.853%,1396914583.00,United States,,86814,Consumer Discretionary,Package Goods/Cosmetics
SCM,Stellus Capital Investment Corporation Common Stock,$8.72,0.06,0.693%,248345051.00,United States,2012,186013,Finance,Finance/Investors Services
SD,SandRidge Energy Inc. Common Stock,$14.37,0.25,1.771%,532772004.00,United States,2016,273062,Energy,Oil & Gas Production
SDHC,Smith Douglas Homes Corp. Class A Common Stock,$11.41,-0.67,-5.546%,579951827.00,United States,2024,32531,Consumer Discretionary,Homebuilding
SDHY,PGIM Short Duration High Yield Opportunities Fund Common Shares,$15.84,-0.17,-1.062%,390821207.00,,2020,91945,Finance,Finance/Investors Services
SDRL,Seadrill Limited Common Shares,$49.13,0.41,0.842%,3072661095.00,Bermuda,2022,527822,Energy,Oil & Gas Production
SE,Sea Limited American Depositary Shares each representing one Class A Ordinary Share,$112.65,-0.83,-0.731%,68996381403.00,United States,2017,2567977,Consumer Discretionary,Other Consumer Services
SEAL^A,Seapeak LLC 9.00% Series A Cumulative Redeemable Perpetual Preferred Units,$25.605,-0.095,-0.37%,,Bermuda,,7785,,
SEAL^B,Seapeak LLC 8.50% Series B Fixed-to-Floating Rate Cumulative Redeemable Perpetual Preferred Units,$25.84,-0.06,-0.232%,,Bermuda,,6719,,
SECZ,Securitize Corp. Common Stock,$6.25,-0.21,-3.251%,1020410531.00,,2026,633748,Finance,Finance: Consumer Services
SEG,Seaport Entertainment Group Inc. Common Stock,$26.05,-0.24,-0.913%,333688413.00,United States,2024,44262,Consumer Discretionary,Services-Misc. Amusement & Recreation
SEI,Solaris Energy Infrastructure Inc. Class A Common Stock,$49.64,-1.13,-2.226%,3800755699.00,United States,2017,2489805,Consumer Discretionary,Oil and Gas Field Machinery
SES,SES AI Corporation Class A Common Stock,$0.523,0.0033,0.635%,194183310.00,United States,2021,9056167,Miscellaneous,Industrial Machinery/Components
SF,Stifel Financial Corporation Common Stock,$78.84,-1.94,-2.402%,11904976709.00,United States,,686145,Finance,Investment Bankers/Brokers/Service
SF^B,Stifel Financial Corporation Depositary Shares Each Representing 1/1000th  Interest in a Share of 6.25% Non-Cumulative  Preferred Stock Series B,$21.85,-0.44,-1.974%,,United States,,12785,,
SF^C,Stifel Financial Corporation Depositary Shares Each Representing 1/1000th Interest in a Share of 6.125% Non Cumulative Preferred Stock Series C,$21.93,0.27,1.247%,,United States,,25043,,
SF^D,Stifel Financial Corporation Depositary Shares Each Representing 1/1000th Interest in a Share of 4.50% Non-Cumulative Preferred Stock Series D,$15.63,-0.18,-1.139%,,United States,,17007,,
SFB,Stifel Financial Corporation 5.20% Senior Notes due 2047,$19.685,0.025,0.127%,2011283497.00,United States,2017,9315,Finance,Investment Bankers/Brokers/Service
SFBS,ServisFirst Bancshares Inc. Common Stock,$41.53,-1.51,-3.508%,2270549340.00,United States,,559488,Finance,Major Banks
SFL,SFL Corporation Ltd,$12.43,-0.02,-0.161%,1653100305.00,Bermuda,,1350378,Consumer Discretionary,Marine Transportation
SG,Sweetgreen Inc. Class A Common Stock,$6.47,-0.49,-7.04%,770197308.00,United States,2021,7253162,Consumer Discretionary,Restaurants
SGHC,Super Group (SGHC) Limited Ordinary Shares,$13.46,-0.08,-0.591%,6838713566.00,,2022,2680465,Consumer Discretionary,Services-Misc. Amusement & Recreation
SGI,Somnigroup International Inc. Common Stock,$63.65,-1.10,-1.699%,14654724444.00,United States,,4650210,Consumer Discretionary,Home Furnishings
SGU,Star Group L.P. Common Stock,$12.79,0.01,0.078%,419655453.00,United States,,8744,Consumer Discretionary,Other Specialty Stores
SHAK,Shake Shack Inc. Class A Common Stock,$67.62,-1.27,-1.844%,2894064188.00,United States,2015,1015596,Consumer Discretionary,Restaurants
SHEL,Shell PLC American Depositary Shares (each representing two (2) Ordinary Shares) ,$93.51,2.06,2.253%,266030885031.00,Netherlands,2022,11104406,Energy,Oil & Gas Production
SHG,Shinhan Financial Group Co Ltd American Depositary Shares,$79.94,0.77,0.973%,37943869618.00,South Korea,,155426,Finance,Major Banks
SHO,Sunstone Hotel Investors Inc. Sunstone Hotel Investors Inc. Common Shares,$10.96,-0.21,-1.88%,2037945593.00,United States,2004,3004324,Consumer Discretionary,Hotels/Resorts
SHO^H,Sunstone Hotel Investors Inc. 6.125% Series H Cumulative Redeemable Preferred Stock,$22.50,-0.09,-0.398%,,United States,,689,,
SHO^I,Sunstone Hotel Investors Inc. 5.70% Series I Cumulative Redeemable Preferred Stock,$21.70,-0.03,-0.138%,,United States,,28451,,
SHW,Sherwin-Williams Company (The) Common Stock,$329.95,-8.86,-2.615%,80098051922.00,United States,,1472593,Consumer Discretionary,RETAIL: Building Materials
SI,Shoulder Innovations Inc. Common Stock,$20.54,-0.42,-2.004%,427621377.00,United States,2025,91309,Health Care,Medical/Dental Instruments
SID,Companhia Siderurgica Nacional S.A. Common Stock,$1.13,0.09,8.654%,1498486160.00,Brazil,,5352782,Industrials,Steel/Iron Ore
SIG,Signet Jewelers Limited Common Shares,$81.26,-1.02,-1.24%,3195938167.00,Bermuda,,649822,Consumer Discretionary,Consumer Specialties
SII,Sprott Inc. Common Shares,$127.07,-4.78,-3.625%,3278406000.00,,2020,159074,Finance,Finance: Consumer Services
SIND,Sinda Ltd. Common Stock,$15.34,-0.27,-1.73%,2435852176.00,,2026,83558,Basic Materials,Precious Metals
SITC,SITE Centers Corp. Common Stock,$2.90,-0.05,-1.695%,152178483.00,United States,,1191659,Real Estate,Real Estate Investment Trusts
SITE,SiteOne Landscape Supply Inc. Common Stock,$97.47,-1.06,-1.076%,4255090863.00,United States,2016,932405,Consumer Discretionary,Professional and commerical equipment
SJM,The J.M. Smucker Company Common Stock,$131.42,0.26,0.198%,14038702710.00,United States,,1720413,Consumer Staples,Packaged Foods
SJT,San Juan Basin Royalty Trust Common Stock,$2.85,0.09,3.261%,132835069.00,United States,,70186,Energy,Oil & Gas Production
SKE,Skeena Resources Limited Common Shares,$30.32,-2.31,-7.079%,3804029216.00,,2021,629963,Basic Materials,Precious Metals
SKIL,Skillsoft Corp. Class A Common Stock,$6.53,-0.35,-5.087%,58557964.00,United States,2019,32187,Technology,Computer Software: Prepackaged Software
SKM,SK Telecom Co. Ltd. Common Stock,$37.76,-0.63,-1.641%,14483980800.00,South Korea,,2100915,Telecommunications,Telecommunications Equipment
SKT,Tanger Inc. Common Stock,$38.04,0.33,0.875%,4369996742.00,United States,1993,821275,Real Estate,Real Estate Investment Trusts
SKY,Champion Homes Inc. Common Stock,$85.68,-3.59,-4.022%,4650721881.00,United States,,537165,Consumer Discretionary,Homebuilding
SKYH,Sky Harbour Group Corporation Class A Common Stock,$10.32,-0.22,-2.087%,842416523.00,United States,2022,153874,Finance,Real Estate
SLB,SLB Limited Common Shares,$57.15,-2.95,-4.908%,84818785652.00,France,,18458577,Energy,Oilfield Services/Equipment
SLF,Sun Life Financial Inc. Common Stock,$77.99,-0.39,-0.498%,43429886064.00,Canada,,677981,Finance,Life Insurance
SLG,SL Green Realty Corp Common Stock,$54.59,-1.39,-2.483%,3867696423.00,United States,1997,1094741,Real Estate,Real Estate Investment Trusts
SLG^I,SL Green Realty Corporation Preferred Series I,$21.38,-0.17,-0.789%,,United States,,1510,,
SLGN,Silgan Holdings Inc. Common Stock,$41.41,-0.13,-0.313%,4376292448.00,United States,2022,1122310,Industrials,Containers/Packaging
SLQT,SelectQuote Inc. Common Stock,$0.5362,-0.0238,-4.25%,94678513.00,United States,2020,1185877,Finance,Specialty Insurers
SLVM,Sylvamo Corporation Common Stock,$34.52,-1.40,-3.898%,1372523588.00,United States,2021,291495,Basic Materials,Paper
SM,SM Energy Company Common Stock,$38.04,0.86,2.313%,9047968747.00,United States,,2198055,Energy,Oil & Gas Production
SMA,SmartStop Self Storage REIT Inc. Common Stock,$32.50,0.03,0.092%,1799489348.00,United States,2025,690424,Real Estate,Real Estate Investment Trusts
SMBK,SmartFinancial Inc. Common Stock,$50.00,-0.55,-1.088%,854923650.00,United States,,157414,Finance,Major Banks
SMC,Summit Midstream Corporation Common Stock,$34.96,0.13,0.373%,709970652.00,United States,2012,69650,Utilities,Natural Gas Distribution
SMFG,Sumitomo Mitsui Financial Group Inc Unsponsored American Depositary Shares (Japan),$26.03,0.19,0.735%,118731937168.00,Japan,,1270296,Finance,Commercial Banks
SMG,Scotts Miracle-Gro Company (The) Common Stock,$59.10,-0.70,-1.171%,3440818193.00,United States,1992,751268,Industrials,Agricultural Chemicals
SMHI,SEACOR Marine Holdings Inc. Common Stock ,$9.78,0.23,2.408%,265359038.00,United States,2017,123002,Consumer Discretionary,Marine Transportation
SMP,Standard Motor Products Inc. Common Stock,$37.71,-0.01,-0.027%,842452449.00,United States,,266863,Consumer Discretionary,Auto Parts:O.E.M.
SMR,NuScale Power Corporation Class A Common Stock,$9.21,-0.06,-0.647%,3957751335.00,United States,2022,17573198,Industrials,Metal Fabrications
SMRT,SmartRent Inc. Class A Common Stock,$1.32,-0.01,-0.752%,252927575.00,United States,,595090,Technology,EDP Services
SMWB,Similarweb Ltd. Ordinary Shares,$8.78,-0.51,-5.49%,763565449.00,,2021,615723,Technology,Computer Software: Programming Data Processing
SN,SharkNinja Inc. Ordinary Shares,$174.92,-17.57,-9.128%,24641251876.00,United States,2023,2777604,Consumer Discretionary,Consumer Electronics/Appliances
SNA,Snap-On Incorporated Common Stock,$381.20,-5.11,-1.323%,19718379669.00,United States,,246390,Consumer Discretionary,Industrial Machinery/Components
SNAP,Snap Inc. Class A Common Stock,$5.35,-0.20,-3.604%,9047907759.00,United States,2017,30686525,Technology,Computer Software: Programming Data Processing
SNDA,Sonida Senior Living Inc. Common Stock,$37.80,0.30,0.80%,1816214022.00,United States,,670675,Health Care,Hospital/Nursing Management
SNDR,Schneider National Inc. Common Stock,$33.61,-0.90,-2.608%,5891863215.00,United States,2017,1108792,Industrials,Trucking Freight/Courier Services
SNN,Smith & Nephew SNATS Inc. Common Stock,$28.97,0.21,0.73%,12308252430.00,United Kingdom,,2782377,Health Care,Industrial Specialties
SNOW,Snowflake Inc. Common Stock,$319.80,-11.63,-3.509%,110842680000.00,United States,2020,3989448,Technology,Computer Software: Prepackaged Software
SNUS^H,Santander Holdings USA Inc. Depositary Shares Each Representing a 1/1000th Interest in a Share of Fixed-Rate Reset Non-Cumulative Perpetual Preferred Stock Series H,$20.61,-0.34,-1.623%,,,,31247,,
SNUS^I,Santander Holdings USA Inc. Depositary Shares Each Representing a 1/40th Interest in a Share of Fixed-Rate Reset Non-Cumulative Perpetual Preferred Stock Series I,$23.70,-0.28,-1.168%,,,,10916,,
SNX,TD SYNNEX Corporation Common Stock,$251.39,-1.46,-0.577%,20100830665.00,United States,2003,470007,Technology,Retail: Computer Software & Peripheral Equipment
SO,Southern Company (The) Common Stock,$88.09,0.09,0.102%,101335473675.00,United States,,4892638,Utilities,Electric Utilities: Central
SOBO,South Bow Corporation Common Shares,$37.81,0.04,0.106%,7886584747.00,Canada,2024,803812,Energy,Natural Gas Distribution
SOC,Sable Offshore Corp. Common Stock,$4.77,-0.06,-1.242%,915217858.00,United States,2021,5811828,Energy,Oil & Gas Production
SOJC,Southern Company (The) Series 2017B 5.25% Junior Subordinated Notes due December 1 2077,$19.46,-0.18,-0.916%,21406922540.00,United States,2017,42107,Utilities,Electric Utilities: Central
SOJD,Southern Company (The) Series 2020A 4.95% Junior Subordinated Notes due January 30 2080,$18.10,-0.15,-0.822%,19910858067.00,United States,2020,84741,Utilities,Electric Utilities: Central
SOJE,Southern Company (The) Series 2020C 4.20% Junior Subordinated Notes due October 15 2060,$15.61,-0.19,-1.203%,17086171155.00,United States,2020,62663,Utilities,Electric Utilities: Central
SOJF,Southern Company (The) Series 2025A 6.50% Junior Subordinated Notes due March 15 2085,$24.88,-0.16,-0.639%,0.00,United States,2025,36776,Utilities,Electric Utilities: Central
SOLV,Solventum Corporation Common Stock,$90.95,-0.11,-0.121%,15481848153.00,United States,2024,1112746,Health Care,Medical/Dental Instruments
SOMN,Southern Company (The) 2025 Series A Corporate Units,$47.24,-0.61,-1.275%,54343146514.00,United States,,82665,Utilities,Electric Utilities: Central
SON,Sonoco Products Company Common Stock,$54.09,-1.06,-1.922%,5348148912.00,United States,,822582,Consumer Discretionary,Containers/Packaging
SONY,Sony Group Corporation American Depositary Shares ,$24.81,0.25,1.018%,146569187357.00,Japan,,4666016,Consumer Staples,Consumer Electronics/Appliances
SOR,Source Capital Inc. Cmn Shs of BI,$46.60,-0.41,-0.872%,388852908.00,United States,,35307,Finance,Investment Managers
SOS,SOS Limited Class A Ordinary Shares,$0.8021,-0.0458,-5.402%,14574414.00,China,,163767,Finance,Investment Bankers/Brokers/Service
SOUL,Soulpower Acquisition Corporation Class A Ordinary Shares,$10.48,0.00,0.00%,0.00,,2025,103502,Consumer Discretionary,Publishing
SPB,Spectrum Brands Holdings Inc. Common Stock,$86.06,-0.25,-0.29%,1979000992.00,United States,,287700,Miscellaneous,Industrial Machinery/Components
SPCE,Virgin Galactic Holdings Inc. Common Stock,$2.91,-0.01,-0.342%,441144078.00,United States,2017,5345753,Consumer Discretionary,Transportation Services
SPE,Special Opportunities Fund Inc Common Stock,$13.51,-0.08,-0.589%,0.00,United States,,30002,Finance,Finance/Investors Services
SPE^C,Special Opportunities Fund Inc. 2.75% Convertible Preferred Stock Series C,$24.85,0.00,0.00%,,United States,,44,,
SPG,Simon Property Group Inc. Common Stock,$211.87,-0.45,-0.212%,68550859483.00,United States,,1335712,Real Estate,Real Estate Investment Trusts
SPG^J,Simon Property Group Inc. Simon Property Group 8 3/8% Series J Cumulative Redeemable Preferred Stock,$55.75,-0.03,-0.054%,,United States,,665,,
SPGI,S&P Global Inc. Common Stock,$440.21,4.37,1.003%,129773908000.00,United States,,3291096,Finance,Finance: Consumer Services
SPH,Suburban Propane Partners L.P. Common Stock,$17.58,-0.03,-0.17%,1172803763.00,United States,1996,227518,Consumer Discretionary,Other Specialty Stores
SPHR,Sphere Entertainment Co. Class A Common Stock,$133.30,-3.00,-2.201%,4787283813.00,United States,2020,863325,Consumer Discretionary,Services-Misc. Amusement & Recreation
SPIR,Spire Global Inc. Class A Common Stock,$12.02,-1.25,-9.42%,488280899.00,United States,2020,926166,Consumer Discretionary,Telecommunications Equipment
SPMA,Sound Point Meridian Capital Inc. 8.00% Series A Preferred Shares Due 2029,$25.06,-0.01,-0.04%,0.00,,,7028,,
SPMC,Sound Point Meridian Capital Inc. Common Stock,$9.71,-0.18,-1.82%,0.00,,2024,10344,,
SPME,Sound Point Meridian Capital Inc. 7.875% Series B Preferred Shares due 2030,$24.95,0.06,0.241%,0.00,,,4528,,
SPNT,SiriusPoint Ltd. Common Shares,$24.41,0.22,0.909%,2835588041.00,Bermuda,2013,427631,Finance,Property-Casualty Insurers
SPOT,Spotify Technology S.A. Ordinary Shares,$544.15,0.53,0.097%,112003769567.00,Luxembourg,2018,1260310,Consumer Discretionary,Broadcasting
SPRU,Spruce Power Holding Corporation Class A Common Stock,$1.78,-0.08,-4.301%,34268891.00,United States,2019,43393,Utilities,Electric Utilities: Central
SPXC,SPX Technologies Inc. Common Stock,$192.13,-4.62,-2.348%,9622996282.00,United States,,294824,Industrials,Industrial Machinery/Components
SPXX,Nuveen S&P 500 Dynamic Overwrite Fund,$19.06,-0.19,-0.987%,0.00,United States,,192754,Finance,Trusts Except Educational Religious and Charitable
SQM,Sociedad Quimica y Minera S.A. Common Stock,$80.51,1.50,1.898%,22996699922.00,Chile,1993,993659,Industrials,Mining & Quarrying of Nonmetallic Minerals (No Fuels)
SQNS,Sequans Communications S.A. American Depositary Shares (each representing one hundred (100) Ordinary Shares),$2.76,-0.14,-4.828%,41338355.00,France,,56415,Technology,Semiconductors
SR,Spire Inc. Common Stock,$82.78,0.94,1.149%,4893358163.00,United States,,369353,Utilities,Oil/Gas Transmission
SRE,DBA Sempra Common Stock,$84.26,2.56,3.133%,55097643322.00,United States,,6416315,Utilities,Natural Gas Distribution
SREA,DBA Sempra 5.750% Junior Subordinated Notes due 2079,$19.96,-0.25,-1.237%,12637591665.00,United States,2019,59879,Utilities,Natural Gas Distribution
SRFM,Surf Air Mobility Inc. Common Stock,$0.6684,-0.0341,-4.854%,82643812.00,United States,2023,1116672,Consumer Discretionary,Transportation Services
SRG,Seritage Growth Properties Class A Common Stock,$2.02,-0.06,-2.885%,113775706.00,United States,2015,147173,Finance,Real Estate
SRG^A,Seritage Growth Properties 7.00% Series A Cumulative Redeemable Preferred Shares of Beneficial Interest,$21.80,-0.2473,-1.122%,,United States,,7164,,
SRI,Stoneridge Inc. Common Stock,$7.10,0.18,2.601%,202512405.00,United States,1997,150032,Consumer Discretionary,Auto Parts:O.E.M.
SRJN,Spire Inc. 6.375% Junior Subordinated Notes due 2086,$21.92,-0.03,-0.137%,0.00,United States,,72013,Utilities,Oil/Gas Transmission
SRL,Scully Royalty Ltd.,$5.75,-0.09,-1.541%,87551518.00,Canada,,39746,Industrials,Precious Metals
SRV,NXG Cushing Midstream Energy Fund Common Shares of Beneficial Interest,$45.10,0.25,0.557%,0.00,United States,,51984,Finance,Finance Companies
SSB,SouthState Bank Corporation Common Stock,$103.99,-0.90,-0.858%,10084381791.00,United States,,1107803,Finance,Major Banks
SSD,Simpson Manufacturing Company Inc. Common Stock,$176.85,-5.76,-3.154%,7248141012.00,United States,,301359,Consumer Discretionary,Industrial Machinery/Components
SSL,Sasol Ltd. American Depositary Shares,$12.45,0.43,3.577%,8084720045.00,South Africa,,1994970,Energy,Oil & Gas Production
SSMR,Sunshine Silver Mining & Refining Company Common Stock,$16.79,-0.74,-4.221%,2413169664.00,,2026,208673,Basic Materials,Precious Metals
SST,System1 Inc. Class A Common Stock,$2.84,0.60,26.786%,29787763.00,United States,2020,2140033,Technology,Computer Software: Programming Data Processing
SSTK,Shutterstock Inc. Common Stock,$5.75,0.21,3.791%,212449183.00,United States,2012,1224412,Technology,EDP Services
ST,Sensata Technologies Holding plc Ordinary Shares,$40.98,-0.05,-0.122%,5964059625.00,Netherlands,2010,1187135,Industrials,Industrial Machinery/Components
STAG,Stag Industrial Inc. Common Stock,$37.66,0.41,1.101%,7261161670.00,United States,2011,2335732,Real Estate,Real Estate Investment Trusts
STC,Stewart Information Services Corporation Common Stock,$68.61,-0.04,-0.058%,2094128073.00,United States,,263564,Finance,Specialty Insurers
STDN,Standard Nuclear Inc. Class A Common Stock,$16.56,0.45,2.793%,2592480503.00,,2026,2708069,Basic Materials,Major Chemicals
STE,STERIS plc (Ireland) Ordinary Shares,$229.65,-2.99,-1.285%,22390900262.00,United States,,558647,Health Care,Industrial Specialties
STEM,Stem Inc. Class A Common Stock,$5.49,-0.23,-4.021%,52850825.00,United States,2020,76388,Technology,EDP Services
STEW,SRH Total Return Fund Inc. Common Stock,$18.45,-0.01,-0.054%,0.00,United States,,48579,Finance,Investment Managers
STG,Sunlands Technology Group American Depositary Shares representing Class A ordinary shares,$2.90,-0.036,-1.226%,38839688.00,,2018,7173,Real Estate,Other Consumer Services
STK,Columbia Seligman Premium Technology Growth Fund Inc,$51.85,-0.44,-0.841%,0.00,United States,2009,33222,Finance,Investment Managers
STLA,Stellantis N.V. Common Shares,$5.35,-0.14,-2.55%,15501535099.00,United Kingdom,2014,19553005,Industrials,Auto Manufacturing
STM,STMicroelectronics N.V. Common Stock,$49.40,-0.74,-1.476%,44091733226.00,Switzerland,,8495942,Technology,Semiconductors
STN,Stantec Inc Common Stock,$71.80,-1.20,-1.644%,8070298675.00,Canada,,275669,Consumer Discretionary,Military/Government/Technical
STNG,Scorpio Tankers Inc. Common Shares,$79.61,0.75,0.951%,4120835712.00,Monaco,2010,557430,Consumer Discretionary,Marine Transportation
STT,State Street Corporation Common Stock,$187.79,-3.59,-1.876%,51586244449.00,United States,,1179064,Finance,Major Banks
STT^G,State Street Corporation Depositary shares each representing a 1/4000th ownership interest in a share of Fixed-to-Floating Rate Non-Cumulative,$20.29,-0.34,-1.648%,,United States,,55322,,
STUB,StubHub Holdings Inc. Class A Common Stock,$6.16,-0.22,-3.448%,2353674191.00,United States,2025,5729992,Consumer Discretionary,Services-Misc. Amusement & Recreation
STVN,Stevanato Group S.p.A. Ordinary Shares,$20.71,-0.72,-3.36%,5653906503.00,Italy,2021,253868,Health Care,Medical/Dental Instruments
STWD,STARWOOD PROPERTY TRUST INC. Starwood Property Trust Inc.,$15.53,-0.17,-1.083%,5748723794.00,United States,2009,5287544,Real Estate,Real Estate Investment Trusts
STZ,Constellation Brands Inc. Common Stock,$130.63,0.01,0.008%,22308786833.00,United States,,2160205,Consumer Staples,Beverages (Production/Distribution)
SU,Suncor Energy  Inc. Common Stock,$68.99,2.17,3.248%,80692746932.00,Canada,,3204877,Energy,Integrated oil Companies
SUI,Sun Communities Inc. Common Stock,$121.44,0.02,0.016%,14791508218.00,United States,1993,1572006,Real Estate,Real Estate Investment Trusts
SUN,Sunoco LP Common Units representing limited partner interests,$76.99,0.95,1.249%,15769448187.00,United States,2012,337555,Energy,Integrated oil Companies
SUNB,Sunbelt Rentals Holdings Inc. Common Stock,$67.07,-5.21,-7.208%,27482642369.00,,2026,16178170,Consumer Discretionary,Diversified Commercial Services
SUNC,SunocoCorp LLC Common Units representing limited liability company interests,$78.63,0.93,1.197%,4050797279.00,,2025,423462,Energy,Integrated oil Companies
SUPV,Grupo Supervielle S.A. American Depositary Shares each Representing five Class B shares,$8.80,0.06,0.686%,803831283.00,,2016,569083,Finance,Commercial Banks
SUZ,Suzano S.A. American Depositary Shares (each representing One Ordinary Share),$8.86,0.14,1.606%,11200082069.00,Brazil,2018,2113672,Basic Materials,Paper
SVV,Savers Value Village Inc. Common Stock,$10.15,-0.18,-1.742%,1565699770.00,United States,2023,1328411,Consumer Discretionary,Other Specialty Stores
SW,Smurfit WestRock plc Ordinary Shares,$45.43,-1.47,-3.134%,23829075710.00,Ireland,2024,8187824,Consumer Discretionary,Containers/Packaging
SWK,Stanley Black & Decker Inc. Common Stock,$94.51,-1.86,-1.93%,14272582741.00,United States,,1893457,Consumer Discretionary,Industrial Machinery/Components
SWX,Southwest Gas Holdings Inc. Common Stock (DE),$89.35,1.02,1.155%,6473036966.00,United States,,445080,Utilities,Oil & Gas Production
SWZ,Total Return Securities Fund Common Stock,$5.9701,-0.0199,-0.332%,0.00,United States,,19924,Finance,Finance Companies
SXC,SunCoke Energy Inc. Common Stock,$10.21,-0.12,-1.162%,866572219.00,United States,2011,1062044,Industrials,Steel/Iron Ore
SXI,Standex International Corporation Common Stock,$285.12,-4.54,-1.567%,3455501861.00,United States,,139147,Industrials,Industrial Machinery/Components
SXT,Sensient Technologies Corporation Common Stock,$134.83,-0.11,-0.082%,5738743807.00,United States,,421399,Industrials,Major Chemicals
SYF,Synchrony Financial Common Stock,$76.62,-0.46,-0.597%,28507049328.00,United States,2014,3504128,Finance,Finance: Consumer Services
SYF^A,Synchrony Financial Depositary Shares each Representing a 1/40th Interest in a Share of 5.625% Fixed Rate Non-Cumulative Perpetual Preferred Stock Series A,$18.56,0.02,0.108%,,United States,,59300,,
SYF^B,Synchrony Financial Depositary Shares Each Representing a 1/40th Interest in a Share of 8.250% Fixed Rate Reset Non-Cumulative Perpetual Preferred Stock Series B,$26.06,0.16,0.618%,,United States,,68662,,
SYK,Stryker Corporation Common Stock,$317.40,-6.40,-1.977%,121746084800.00,United States,,2138362,Health Care,Medical/Dental Instruments
SYY,Sysco Corporation Common Stock,$82.11,1.03,1.27%,39338573874.00,United States,,2200119,Consumer Discretionary,Food Distributors
T,AT&T Inc.,$26.00,0.11,0.425%,178162026900.00,United States,,32807862,Telecommunications,Telecommunications Equipment
T^A,AT&T Inc. Depositary Shares each representing a 1/1000th interest in a share of 5.000% Perpetual Preferred Stock Series A,$17.61,-0.01,-0.057%,,United States,,177634,,
T^C,AT&T Inc. Depositary Shares each representing a 1/1000th interest in a share of 4.750% Perpetual Preferred Stock Series C,$16.75,-0.08,-0.475%,,United States,,119039,,
TAC,TransAlta Corporation Ordinary Shares,$11.77,-0.32,-2.647%,3719320000.00,Canada,,6123091,Utilities,Electric Utilities: Central
TAK,Takeda Pharmaceutical Company Limited American Depositary Shares (each representing 1/2 of a share of Common Stock),$18.23,0.25,1.39%,57603967204.00,Japan,2018,1899459,Health Care,Biotechnology: Pharmaceutical Preparations
TAL,TAL Education Group American Depositary Shares,$12.23,0.49,4.174%,6783996336.00,China,,6351998,Real Estate,Other Consumer Services
TALO,Talos Energy Inc. Common Stock,$17.27,0.01,0.058%,2883493632.00,United States,2018,2892055,Energy,Oil & Gas Production
TAP,Molson Coors Beverage Company Class B Common Stock,$39.76,0.00,0.00%,7413408376.00,Canada,,2388961,Consumer Staples,Beverages (Production/Distribution)
TBB,AT&T Inc. 5.350% Global Notes due 2066,$19.31,-0.08,-0.413%,138073943619.00,United States,2017,79393,Telecommunications,Telecommunications Equipment
TBBB,BBB Foods Inc. Class A Common Shares,$49.90,1.33,2.738%,5881071735.00,Mexico,2024,931784,Consumer Staples,Food Chains
TBI,TrueBlue Inc. Common Stock,$10.06,-0.43,-4.099%,306270101.00,United States,,262427,Consumer Discretionary,Professional Services
TBN,Tamboran Resources Corporation Common stock,$39.83,1.95,5.148%,1388330890.00,,2024,339390,Energy,Oil & Gas Production
TCBX,Third Coast Bancshares Inc. Common Stock,$43.88,-0.72,-1.614%,730820084.00,United States,,99280,Finance,Banks
TCI,Transcontinental Realty Investors Inc. Common Stock,$36.61,0.13,0.356%,321214859.00,United States,,27236,Real Estate,Real Estate Investment Trusts
TCPA,TransCanada PipeLines Limited 6.250% Junior Subordinated Notes due 2085,$21.85,-0.11,-0.501%,0.00,Canada,2025,29383,Utilities,Natural Gas Distribution
TD,Toronto Dominion Bank (The) Common Stock,$119.50,-1.41,-1.166%,195788441500.00,Canada,,2902563,Finance,Commercial Banks
TDAY,USA TODAY Co. Inc. Common Stock,$6.18,-0.11,-1.749%,907334875.00,United States,2014,2054291,Consumer Discretionary,Newspapers/Magazines
TDC,Teradata Corporation Common Stock,$28.65,-0.35,-1.207%,2664450000.00,United States,,1471489,Technology,Computer Software: Prepackaged Software
TDF,Templeton Dragon Fund Inc. Common Stock,$10.70,-0.13,-1.20%,0.00,United States,,27374,Finance,Finance/Investors Services
TDG,Transdigm Group Incorporated Common Stock,$1155.76,-15.98,-1.364%,63886396534.00,United States,2006,270337,Industrials,Military/Government/Technical
TDOC,Teladoc Health Inc. Common Stock,$6.26,-0.08,-1.262%,1137341971.00,United States,2015,3448312,Health Care,Medical/Nursing Services
TDS,Telephone and Data Systems Inc. Common Shares,$33.62,-0.06,-0.178%,3869662000.00,United States,,1065183,Telecommunications,Telecommunications Equipment
TDS^U,Telephone and Data Systems Inc. Depositary Shares Each Representing a 1/1000th Interest in a 6.625% Series UU Cumulative Redeemable Perpetual Preferred Stock,$20.86,-0.14,-0.667%,,United States,,13007,,
TDS^V,Telephone and Data Systems Inc. Depositary Shares Each Representing a 1/1000th Interest in a 6.000% Series VV Cumulative Redeemable Perpetual Preferred Stock,$19.11,-0.08,-0.417%,,United States,,13229,,
TDW,Tidewater Inc. Common Stock,$96.11,2.99,3.211%,4782071361.00,United States,2017,1032717,Consumer Discretionary,Marine Transportation
TDY,Teledyne Technologies Incorporated Common Stock,$610.51,-2.44,-0.398%,28300601923.00,United States,,199951,Industrials,Industrial Machinery/Components
TE,T1 Energy Inc. Common Stock,$4.28,-0.17,-3.82%,1260359527.00,Luxembourg,2021,16166200,Technology,Semiconductors
TECK,Teck Resources Ltd Ordinary Shares,$66.79,-1.33,-1.952%,32696565616.00,Canada,,3744796,Industrials,Mining & Quarrying of Nonmetallic Minerals (No Fuels)
TEI,Templeton Emerging Markets Income Fund Inc. Common Stock,$6.64,-0.12,-1.775%,0.00,United States,1993,197080,Finance,Finance Companies
TEL,TE Connectivity plc Ordinary Shares,$208.00,2.75,1.34%,60218751424.00,Ireland,,3678098,Technology,Electronic Components
TEN,Tsakos Energy Navigation Ltd Common Shares,$42.82,0.42,0.991%,1290063960.00,Greece,,193464,Consumer Discretionary,Marine Transportation
TEN^E,Tsakos Energy Navigation Ltd Series E Fixed-to-Floating Rate Cumulative Redeemable Perpetual Preferred Shares par value $1.00,$25.91,-0.10,-0.384%,,Greece,,1413,,
TEN^F,Tsakos Energy Navigation Ltd Series F Fixed-to-Floating Rate Cumulative Redeemable Perpetual Preferred Shares par value $1.00,$27.00,0.07,0.26%,,Greece,,3548,,
TEO,Telecom Argentina SA,$13.10,-0.18,-1.355%,5642662586.00,Argentina,,105979,Telecommunications,Telecommunications Equipment
TEVA,Teva Pharmaceutical Industries Limited American Depositary Shares,$36.19,0.14,0.388%,42172065280.00,Israel,,3515638,Health Care,Biotechnology: Pharmaceutical Preparations
TEX,Terex Corporation Common Stock,$59.29,-4.22,-6.645%,6776847000.00,United States,,1570229,Industrials,Construction/Ag Equipment/Trucks
TFC,Truist Financial Corporation Common Stock,$49.44,-0.14,-0.282%,60397198735.00,United States,,6697720,Finance,Major Banks
TFC^I,Truist Financial Corporation Depositary Shares,$17.68,-0.01,-0.057%,,United States,,26275,,
TFC^O,Truist Financial Corporation Depositary Shares Each Representing a 1/1000th Interest in a Share of Series O Non-Cumulative Perpetual Preferred Stock,$19.26,-0.07,-0.362%,,United States,,68230,,
TFC^R,Truist Financial Corporation Depositary Shares each representing 1/1000th interest in a share of Series R Non-Cumulative Perpetual Preferred Stock,$17.37,-0.18,-1.026%,,United States,,152529,,
TFII,TFI International Inc. Common Shares,$127.83,-6.36,-4.74%,10506351663.00,Canada,,266719,Industrials,Trucking Freight/Courier Services
TFIN,Triumph Financial Inc. Common Stock,$69.50,-1.75,-2.456%,1660670322.00,United States,,165679,Finance,Major Banks
TFIN^,Triumph Financial Inc. Depositary Shares Each Representing a 1/40th Interest in a Share of 7.125% Series C Fixed-Rate Non-Cumulative Perpetual Preferred Stock,$22.36,-0.10,-0.445%,,United States,,6626,,
TFPM,Triple Flag Precious Metals Corp. Common Shares,$32.65,-1.05,-3.116%,6745617727.00,Canada,2022,547493,Industrials,Precious Metals
TFX,Teleflex Incorporated Common Stock,$140.48,-1.57,-1.105%,5952474331.00,United States,,565042,Health Care,Medical/Dental Instruments
TG,Tredegar Corporation Common Stock,$7.71,0.02,0.26%,269419504.00,United States,,169314,Industrials,Metal Fabrications
TGE,The Generation Essentials Group Class A Ordinary Shares,$0.921,0.0031,0.338%,44632645.00,,2025,12961,Consumer Discretionary,Newspapers/Magazines
TGLS,Tecnoglass Holdings Inc. Common Stock,$37.72,-1.98,-4.987%,1673433316.00,Colombia,2022,364613,Consumer Discretionary,Electronic Components
TGS,Transportadora de Gas del Sur SA TGS Common Stock,$29.23,0.33,1.142%,4400641157.00,Argentina,,198654,Utilities,Natural Gas Distribution
TGT,Target Corporation Common Stock,$163.75,2.87,1.784%,74391090520.00,United States,,3982263,Consumer Discretionary,Department/Specialty Retail Stores
THC,Tenet Healthcare Corporation Common Stock,$265.84,-0.07,-0.026%,21405170960.00,United States,,816114,Health Care,Hospital/Nursing Management
THG,Hanover Insurance Group Inc,$225.92,-0.19,-0.084%,7866584328.00,United States,,193390,Finance,Property-Casualty Insurers
THO,Thor Industries Inc. Common Stock,$74.39,-1.61,-2.118%,3872547977.00,United States,,453936,Industrials,Homebuilding
THQ,abrdn Healthcare Opportunities Fund Shares of Beneficial Interest,$19.62,-0.09,-0.457%,0.00,United States,2014,125161,Finance,Finance Companies
THW,abrdn World Healthcare Fund Shares of Beneficial Interest,$13.96,-0.10,-0.711%,0.00,United States,2015,84778,Finance,Finance Companies
TIC,TIC Solutions Inc. Common Stock,$9.30,-0.19,-2.002%,2029449311.00,United States,2025,1144775,Consumer Discretionary,Business Services
TIMB,TIM S.A. American Depositary Shares (Each representing 5 Common Shares) ,$18.14,0.20,1.115%,8678632729.00,Brazil,2020,587313,Telecommunications,Telecommunications Equipment
TISI,Team Inc. Common Stock,$24.75,0.10,0.406%,113434423.00,United States,,13641,Consumer Discretionary,Other Consumer Services
TJX,TJX Companies Inc. (The) Common Stock,$133.27,-0.64,-0.478%,146593543109.00,United States,,7177689,Consumer Discretionary,Clothing/Shoe/Accessory Stores
TK,Teekay Corporation Ltd. Common Stock,$13.00,-0.16,-1.216%,1128120916.00,Bermuda,,694262,Consumer Discretionary,Marine Transportation
TKC,Turkcell Iletisim Hizmetleri AS Common Stock,$5.02,-0.01,-0.199%,4417600000.00,Turkey,,4543869,Telecommunications,Telecommunications Equipment
TKO,TKO Group Holdings Inc. Class A Common Stock,$182.27,-0.34,-0.186%,34498190589.00,United States,2023,738645,Consumer Discretionary,Services-Misc. Amusement & Recreation
TKR,Timken Company (The) Common Stock,$119.09,-1.36,-1.129%,8252560557.00,United States,,1149393,Industrials,Metal Fabrications
TLK,PT Telekomunikasi Indonesia Tbk,$14.74,0.16,1.097%,14601770727.00,Indonesia,,382948,Telecommunications,Telecommunications Equipment
TLYS,Tilly's Inc. Common Stock,$3.96,0.04,1.02%,120734143.00,United States,2012,309228,Consumer Discretionary,Clothing/Shoe/Accessory Stores
TM,Toyota Motor Corporation Common Stock,$198.05,1.51,0.768%,258137022666.00,Japan,,532451,Industrials,Auto Manufacturing
TME,Tencent Music Entertainment Group American Depositary Shares each representing two Class A Ordinary Shares,$8.29,0.02,0.242%,13047668305.00,United States,2018,8044614,Consumer Discretionary,Broadcasting
TMO,Thermo Fisher Scientific Inc Common Stock,$600.50,-16.60,-2.69%,222033245243.00,United States,,1385000,Industrials,Industrial Machinery/Components
TNC,Tennant Company Common Stock,$69.22,-0.38,-0.546%,1180152754.00,United States,,159339,Industrials,Industrial Machinery/Components
TNET,TriNet Group Inc. Common Stock,$66.94,-3.35,-4.766%,3072863162.00,United States,2014,674274,Consumer Discretionary,Business Services
TNK,Teekay Tankers Ltd.,$88.30,-1.34,-1.495%,3059052661.00,Bermuda,2007,471207,Consumer Discretionary,Marine Transportation
TNL,Travel   Leisure Co. Common  Stock,$66.16,-2.60,-3.781%,4049271989.00,United States,,678942,Consumer Discretionary,Hotels/Resorts
TOL,Toll Brothers Inc. Common Stock,$140.21,-3.24,-2.259%,12919930870.00,United States,,933691,Consumer Discretionary,Homebuilding
TOST,Toast Inc. Class A Common Stock,$33.59,-0.50,-1.467%,19415020000.00,United States,2021,7305618,Technology,EDP Services
TPB,Turning Point Brands Inc. Common Stock,$77.72,-3.25,-4.014%,1558202218.00,United States,2016,269970,Consumer Discretionary,Tobacco
TPC,Tutor Perini Corporation Common Stock,$86.54,-1.98,-2.237%,4549331385.00,United States,1970,373874,Consumer Discretionary,General Bldg Contractors - Nonresidential Bldgs
TPL,Texas Pacific Land Corporation Common Stock,$369.93,-4.41,-1.178%,25515804482.00,United States,,267942,Energy,Oil & Gas Production
TPR,Tapestry Inc. Common Stock,$122.14,-1.25,-1.013%,24353699551.00,United States,,3010155,Consumer Discretionary,Apparel
TPTS,Terra Property Trust Inc. 7.00% Senior Secured Notes due 2029,$15.8955,0.0155,0.098%,0.00,,2026,2043,Real Estate,Real Estate Investment Trusts
TPVG,TriplePoint Venture Growth BDC Corp. Common Stock,$5.30,-0.18,-3.285%,215761532.00,United States,2014,260796,Consumer Discretionary,Other Consumer Services
TR,Tootsie Roll Industries Inc. Common Stock,$40.31,-0.55,-1.346%,3026138131.00,United States,,145816,Consumer Staples,Specialty Foods
TRAD,APEX Tech Acquisition Inc. Ordinary Shares,$10.05,0.00,0.00%,0.00,,2026,95,Finance,Investment Bankers/Brokers/Service
TRAK,ReposiTrak Inc. Common Stock,$7.93,-0.08,-0.999%,144116370.00,United States,,52307,Technology,EDP Services
TRC,Tejon Ranch Co Common Stock,$16.08,0.00,0.00%,434504820.00,United States,2000,151485,Finance,Real Estate
TREX,Trex Company Inc. Common Stock,$43.34,-2.24,-4.914%,4414837335.00,United States,,2310205,Basic Materials,Forest Products
TRGP,Targa Resources Inc. Common Stock,$296.06,2.41,0.821%,63484448077.00,United States,2010,1211499,Utilities,Natural Gas Distribution
TRIN,Trinity Capital Inc. Common Stock,$18.34,-0.28,-1.504%,1736680147.00,United States,,1044161,Finance,Finance: Consumer Services
TRLV,Trulieve Cannabis Corp. Subordinate Voting Shares,$11.74,0.23,1.998%,2260716645.00,,,1374949,Health Care, Medicinal Chemicals and Botanical Products 
TRN,Trinity Industries Inc. Common Stock,$27.86,-0.96,-3.331%,2219591880.00,United States,,554573,Industrials,Railroads
TRNI,Trinity Capital Inc. 7.875% Notes Due 2029,$25.35,0.01,0.039%,1782463956.00,United States,,11602,Finance,Finance: Consumer Services
TRNO,Terreno Realty Corporation Common Stock,$66.45,0.24,0.362%,7241077100.00,United States,2010,752226,Finance,Real Estate
TRNZ,Trinity Capital Inc. 7.875% Notes due 2029,$25.38,0.01,0.039%,1784573381.00,United States,,13113,Finance,Finance: Consumer Services
TROX,Tronox Holdings plc Ordinary Shares (UK),$5.04,-0.25,-4.726%,804888146.00,United States,,2520278,Basic Materials,Major Chemicals
TRP,TC Energy Corporation Common Stock,$63.14,0.61,0.976%,63140000000.00,Canada,,1608307,Utilities,Natural Gas Distribution
TRTN^A,Triton International Limited 8.50% Series A Cumulative Redeemable Perpetual  Preference Shares,$26.29,-0.08,-0.303%,,United States,,6098,,
TRTN^B,Triton International Limited 8.00% Series B Cumulative Redeemable Perpetual Preference Shares,$25.49,0.09,0.354%,,United States,,3188,,
TRTN^C,Triton International Limited 7.375% Series C Cumulative Redeemable Perpetual Preference Shares,$25.04,0.05,0.20%,,United States,,3730,,
TRTN^D,Triton International Limited 6.875% Series D Cumulative Redeemable Perpetual Preference Shares,$22.7794,-0.2006,-0.873%,,United States,,5932,,
TRTN^E,Triton International Limited 5.75% Series E Cumulative Redeemable Perpetual Preference Shares,$18.7614,-0.0086,-0.046%,,United States,,675,,
TRTN^F,Triton International Limited 7.625% Series F Cumulative Redeemable Perpetual Preference Shares,$24.57,0.21,0.862%,,United States,,8864,,
TRTN^G,Triton International Limited 7.500% Series G Cumulative Redeemable Perpetual Preference Shares,$23.58,-0.24,-1.008%,,United States,,10488,,
TRTX,TPG RE Finance Trust Inc. Common Stock,$7.68,-0.05,-0.647%,589585989.00,United States,2017,705809,Real Estate,Real Estate Investment Trusts
TRTX^C,TPG RE Finance Trust Inc. 6.25% Series C Cumulative Redeemable Preferred Stock $0.001 par value per share,$18.505,0.005,0.027%,,United States,,2251,,
TRU,TransUnion Common Stock,$83.67,-1.24,-1.46%,16031172000.00,United States,2015,1946016,Finance,Finance: Consumer Services
TRV,The Travelers Companies Inc. Common Stock,$363.92,-2.01,-0.549%,75904622006.00,United States,,1701832,Finance,Property-Casualty Insurers
TS,Tenaris S.A. American Depositary Shares,$56.60,0.73,1.307%,29966888735.00,Luxembourg,,1151950,Industrials,Steel/Iron Ore
TSI,TCW Strategic Income Fund Inc. Common Stock,$4.36,-0.02,-0.457%,0.00,United States,,112482,Finance,Investment Managers
TSLX,Sixth Street Specialty Lending Inc. Common Stock,$18.45,-0.41,-2.174%,1759080915.00,,2014,503242,Finance,Investment Managers
TSM,Taiwan Semiconductor Manufacturing Company Ltd.,$414.00,-1.32,-0.318%,2147213030256.00,Taiwan,1997,7919838,Technology,Semiconductors
TSN,Tyson Foods Inc. Common Stock,$55.06,-0.08,-0.145%,19370191251.00,United States,,2099090,Consumer Staples,Meat/Poultry/Fish
TSQ,Townsquare Media Inc. Class A Common Stock,$5.66,-0.13,-2.245%,103191077.00,United States,2014,89510,Consumer Discretionary,Broadcasting
TT,Trane Technologies plc,$440.15,-4.25,-0.956%,96843201357.00,Ireland,,822228,Industrials,Auto Parts:O.E.M.
TTAM,Titan America SA Common Shares,$14.65,-0.27,-1.81%,2700910112.00,United States,2025,232295,Industrials,Mining & Quarrying of Nonmetallic Minerals (No Fuels)
TTC,Toro Company (The) Common Stock,$97.96,0.15,0.153%,9328685151.00,United States,,857406,Consumer Discretionary,Tools/Hardware
TTE,TotalEnergies SE Ordinary Shares,$90.35,2.04,2.31%,197131213991.00,France,,1065529,Energy,Oil & Gas Production
TTI,Tetra Technologies Inc. Common Stock,$6.53,-0.37,-5.362%,966915247.00,United States,,2617372,Energy,Oil & Gas Production
TU,Telus Corporation Ordinary Shares,$9.65,-0.03,-0.31%,15333850000.00,Canada,,5321273,Telecommunications,Telecommunications Equipment
TUYA,Tuya Inc. American Depositary Shares each representing one Class A Ordinary Share,$1.83,-0.05,-2.66%,1122313570.00,China,2021,414324,Technology,Computer Software: Prepackaged Software
TV,Grupo Televisa S.A.B. Common Stock,$2.64,-0.11,-4.00%,1629311904.00,Mexico,1993,1898696,Industrials,Broadcasting
TVC,Tennessee Valley Authority Common Stock,$23.92,-0.06,-0.25%,0.00,United States,,10590,Utilities,Electric Utilities: Central
TVE,Tennessee Valley Authority,$23.53,-0.10,-0.423%,0.00,United States,,4900,Utilities,Electric Utilities: Central
TWI,Titan International Inc. (DE) Common Stock,$7.41,0.22,3.06%,478258828.00,United States,,767978,Industrials,Steel/Iron Ore
TWLO,Twilio Inc. Class A Common Stock,$228.65,-6.98,-2.962%,35114974053.00,United States,2016,1674147,Technology,Computer Software: Prepackaged Software
TWN,Taiwan Fund Inc. (The) Common Stock,$103.57,1.51,1.48%,0.00,United States,1986,43902,Finance,Trusts Except Educational Religious and Charitable
TWO^A,Two Harbors Investments Corp 8.125% Series A Fixed-to-Floating Rate Cumulative Redeemable Preferred Stock ($25.00 liquidation preference per share),$25.2301,0.0101,0.04%,,United States,,9434,,
TWO^B,Two Harbors Investments Corp 7.625% Series B Fixed-to-Floating Rate Cumulative Redeemable Preferred Stock,$25.22,0.03,0.119%,,United States,,25026,,
TWO^C,Two Harbors Investments Corp 7.25% Series C Fixed-to-Floating Rate Cumulative Redeemable Preferred Stock,$25.275,0.025,0.099%,,United States,,609666,,
TWOD,Two Harbors Investments Corp 9.375% Senior Notes due 2030,$26.09,0.08,0.308%,0.00,United States,2025,45546,Real Estate,Real Estate Investment Trusts
TX,Ternium S.A. Ternium S.A. American Depositary Shares (each representing ten shares USD1.00 par value),$55.67,0.85,1.551%,10928448434.00,Luxembourg,,1013983,Industrials,Steel/Iron Ore
TXNM,TXNM Energy Inc. Common Stock,$57.85,0.24,0.417%,5961217521.00,United States,,3084481,Utilities,Electric Utilities: Central
TXO,TXO Partners L.P. Common Units Representing Limited Partner Interests,$15.19,0.71,4.903%,842230922.00,United States,2023,292214,Energy,Oil & Gas Production
TXT,Textron Inc. Common Stock,$79.71,-0.85,-1.055%,13709077154.00,United States,,1241916,Industrials,Aerospace
TY,Tri Continental Corporation Common Stock,$35.32,-0.25,-0.703%,1919675024.00,United States,,29342,Finance,Finance Companies
TY^,Tri Continental Corporation Preferred Stock,$41.90,0.035,0.084%,,United States,,24292,,
TYG,Tortoise Energy Infrastructure Corporation Common Stock,$43.70,0.03,0.069%,521249361.00,United States,2004,81066,Finance,Investment Managers
TYL,Tyler Technologies Inc. Common Stock,$376.43,4.21,1.131%,15415664502.00,United States,,950303,Technology,Computer Software: Prepackaged Software
U,Unity Software Inc. Common Stock,$40.92,-1.18,-2.803%,18008439138.00,United States,2020,9019800,Technology,Computer Software: Prepackaged Software
UA,Under Armour Inc. Class C Common Stock,$4.80,-0.13,-2.637%,2061818597.00,United States,2016,3006810,Consumer Discretionary,Apparel
UAA,Under Armour Inc. Class A Common Stock,$4.92,-0.12,-2.381%,2113364062.00,United States,,8241367,Consumer Discretionary,Apparel
UAMY,United States Antimony Corporation Common Stock,$4.68,-0.19,-3.901%,700452717.00,United States,,9013861,Industrials,Metal Fabrications
UAN,CVR Partners LP Common Units representing Limited Partner Interests,$130.25,3.85,3.046%,1376695219.00,United States,2011,53761,Industrials,Agricultural Chemicals
UBER,Uber Technologies Inc. Common Stock,$75.24,-0.41,-0.542%,153682223504.00,United States,2019,11209339,Consumer Discretionary,Business Services
UBS,UBS Group AG Registered Ordinary Shares,$54.14,-1.58,-2.836%,168019984922.00,Switzerland,2014,2313893,Finance,Major Banks
UCB,United Community Banks Inc. Common Stock,$34.11,-0.73,-2.095%,4112830407.00,United States,2024,700308,Finance,Major Banks
UDR,UDR Inc. Common Stock,$36.87,-0.08,-0.217%,11845011865.00,United States,,2279340,Real Estate,Real Estate Investment Trusts
UE,Urban Edge Properties Common Shares of Beneficial Interest,$21.38,0.22,1.04%,2699106683.00,United States,2015,1103092,Finance,Real Estate
UFI,Unifi Inc. New Common Stock,$7.39,0.00,0.00%,137371505.00,United States,,31808,Consumer Discretionary,Textiles
UGI,UGI Corporation Common Stock,$38.44,-0.01,-0.026%,8245186531.00,United States,,1821716,Utilities,Natural Gas Distribution
UGP,Ultrapar Participacoes S.A. (New) American Depositary Shares (Each representing one Common Share),$6.87,0.21,3.153%,7645006019.00,Brazil,,3140098,Utilities,Oil/Gas Transmission
UHAL,U-Haul Holding Company Common Stock,$67.50,0.15,0.223%,13121560913.00,United States,2022,174538,Consumer Discretionary,Rental/Leasing Companies
UHS,Universal Health Services Inc. Common Stock,$170.75,0.42,0.247%,10063409936.00,United States,,523045,Health Care,Hospital/Nursing Management
UHT,Universal Health Realty Income Trust Common Stock,$41.11,0.13,0.317%,571374899.00,United States,,68590,Real Estate,Real Estate Investment Trusts
UI,Ubiquiti Inc. Common Stock,$586.78,-3.24,-0.549%,35516843403.00,United States,,201832,Technology,Radio And Television Broadcasting And Communications Equipment
UIS,Unisys Corporation New Common Stock,$2.59,-0.11,-4.074%,188852323.00,United States,,424495,Technology,EDP Services
UL,Unilever PLC American Depositary Shares (each representing One Ordinary Share),$64.38,-0.47,-0.725%,140683513802.00,United Kingdom,2025,6221286,Consumer Discretionary,Package Goods/Cosmetics
ULS,UL Solutions Inc. Class A Common Stock,$73.46,-1.06,-1.422%,14831439789.00,United States,2024,607430,Health Care,Precision Instruments
UMC,United Microelectronics Corporation (NEW) Common Stock,$20.47,0.59,2.968%,51535912076.00,Taiwan,,17944424,Technology,Semiconductors
UMH,UMH Properties Inc. Common Stock,$16.20,-0.25,-1.52%,1383246720.00,United States,1994,943693,Real Estate,Real Estate Investment Trusts
UMH^D,UMH Properties Inc. 6.375% Series D Cumulative Redeemable Preferred Stock Liquidation Preference $25 per share,$21.40,-0.17,-0.788%,,United States,,16321,,
UNF,Unifirst Corporation Common Stock,$277.48,0.88,0.318%,5017996324.00,United States,,273963,Consumer Discretionary,Other Consumer Services
UNFI,United Natural Foods Inc. Common Stock,$44.64,0.78,1.778%,2701574410.00,United States,2019,576228,Consumer Discretionary,Food Distributors
UNH,UnitedHealth Group Incorporated Common Stock (DE),$396.30,6.89,1.769%,355716837866.00,United States,,3715134,Health Care,Medical Specialities
UNM,Unum Group Common Stock,$91.69,-1.53,-1.641%,14515150309.00,United States,,1445207,Finance,Accident &Health Insurance
UNMA,Unum Group 6.250% Junior Subordinated Notes due 2058,$21.18,-0.23,-1.074%,3607234423.00,United States,2018,55926,Finance,Accident &Health Insurance
UNP,Union Pacific Corporation Common Stock,$290.62,-10.05,-3.343%,172650221229.00,United States,,3042496,Industrials,Railroads
UP,Wheels Up Experience Inc. Class A Common Stock,$4.34,-0.08,-1.81%,157437150.00,Singapore,2020,172045,Consumer Discretionary,Transportation Services
UPS,United Parcel Service Inc. Common Stock,$102.66,-1.57,-1.506%,87341237208.00,United States,1999,3657616,Industrials,Trucking Freight/Courier Services
URI,United Rentals Inc. Common Stock,$990.15,-47.85,-4.61%,61629400483.00,United States,1997,461867,Consumer Discretionary,Diversified Commercial Services
USA,Liberty All-Star Equity Fund Common Stock,$5.92,-0.07,-1.169%,0.00,United States,1986,1248799,Finance,Finance Companies
USAC,USA Compression Partners LP Common Units Representing Limited Partner Interests,$27.20,0.14,0.517%,3942458984.00,United States,2013,475643,Utilities,Natural Gas Distribution
USB,U.S. Bancorp Common Stock,$61.21,-0.37,-0.601%,95368329010.00,United States,,6902594,Finance,Major Banks
USB^A,U.S. Bancorp Depositary Shares Each representing a 1/100th interest in a share of Series A Non-CumulativePerpetual Pfd Stock,$764.00,-3.04,-0.396%,,United States,,721,,
USB^H,U.S. Bancorp Depositary Shares repstg 1/1000th Pfd Ser B,$18.24,0.04,0.22%,,United States,,83976,,
USB^P,U.S. Bancorp Depositary Shares each representing a 1/1000th interest in a share of Series K Non-Cumulative Perpetual Preferred Stock,$20.75,-0.09,-0.432%,,United States,,54068,,
USB^Q,U.S. Bancorp Depositary Shares Each Representing a 1/1000th Interest in a Share of Series L Non-Cumulative Perpetual Preferred Stock,$14.00,-0.06,-0.427%,,United States,,32462,,
USB^R,U.S. Bancorp Depositary Shares Each Representing a 1/1000th Interest in a Share of Series M Non-Cumulative Perpetual Preferred Stock,$15.00,-0.01,-0.067%,,United States,,199385,,
USB^S,U.S. Bancorp Depositary Shares each representing a 1/1000th interest in a share of Series O Non-Cumulative Perpetual Preferred Stock,$16.82,-0.13,-0.767%,,United States,,45474,,
USFD,US Foods Holding Corp. Common Stock,$106.66,1.82,1.736%,23073834915.00,United States,2016,2386544,Consumer Discretionary,Food Distributors
USNA,USANA Health Sciences Inc. Common Stock,$13.96,-0.30,-2.104%,257932415.00,United States,,267575,Health Care, Medicinal Chemicals and Botanical Products 
USPH,U.S. Physical Therapy Inc. Common Stock,$77.75,0.01,0.013%,1160239770.00,United States,1992,131324,Health Care,Medical/Nursing Services
UTF,Cohen & Steers Infrastructure Fund Inc Common Stock,$26.95,-0.17,-0.627%,0.00,United States,2004,271019,Finance,Finance Companies
UTI,Universal Technical Institute Inc Common Stock,$20.85,-0.28,-1.325%,1148735566.00,United States,2003,1196947,Real Estate,Other Consumer Services
UTL,UNITIL Corporation Common Stock,$53.61,0.07,0.131%,977668093.00,United States,1985,90693,Utilities,Power Generation
UTZ,Utz Brands Inc Class A Common Stock ,$14.21,0.01,0.07%,2045703047.00,United States,2018,1026307,Consumer Staples,Packaged Foods
UVE,UNIVERSAL INSURANCE HOLDINGS INC Common Stock,$43.71,0.73,1.698%,1216464817.00,United States,,140324,Finance,Property-Casualty Insurers
UVV,Universal Corporation Common Stock,$46.13,0.63,1.385%,1148602725.00,United States,,257402,Industrials,Farming/Seeds/Milling
UWMC,UWM Holdings Corporation Class A Common Stock,$1.37,-0.08,-5.517%,2197770985.00,United States,,12506271,Finance,Finance: Consumer Services
UZD,Array Digital Infrastructure Inc. 6.250% Senior Notes due 2069,$18.94,-0.06,-0.316%,1628840000.00,United States,2020,6258,Telecommunications,Telecommunications Equipment
UZE,Array Digital Infrastructure Inc. 5.500% Senior Notes due 2070,$16.71,-0.05,-0.298%,1437060000.00,United States,2020,6941,Telecommunications,Telecommunications Equipment
UZF,Array Digital Infrastructure Inc. 5.500% Senior Notes due 2070,$16.8196,0.0296,0.176%,1446485600.00,United States,2021,2960,Telecommunications,Telecommunications Equipment
V,Visa Inc.,$372.67,-6.70,-1.766%,665870069701.00,United States,,5855498,Consumer Discretionary,Business Services
VAC,Marriott Vacations Worldwide Corporation Common Stock,$99.08,-5.18,-4.968%,3407888306.00,United States,,810863,Finance,Real Estate
VACI,Viking Acquisition Corp. I Class A Ordinary Shares,$10.546,0.036,0.343%,0.00,,2025,60910,Telecommunications,Telecommunications Equipment
VAL,Valaris Limited Common Shares,$88.04,1.67,1.934%,6113128448.00,United States,2021,1096769,Energy,Oil & Gas Production
VALE,VALE S.A.  American Depositary Shares Each Representing one common share,$15.12,0.03,0.199%,64555057017.00,Brazil,,27421064,Basic Materials,Metal Mining
VATE,INNOVATE Corp. Common Stock,$7.19,-0.25,-3.36%,98085017.00,United States,,127464,Industrials,Metal Fabrications
VBF,Invesco Bond Fund Common Stock,$14.63,-0.03,-0.205%,0.00,United States,,57630,Finance,Trusts Except Educational Religious and Charitable
VCV,Invesco California Value Municipal Income Trust Common Stock,$10.30,-0.18,-1.718%,493272408.00,United States,,108797,Finance,Trusts Except Educational Religious and Charitable
VCX,Fundrise Innovation Fund LLC Common Shares of Limited Liability Company Interests,$34.24,-0.73,-2.088%,0.00,,2026,475408,,
VECA,Vernal Capital Acquisition Corp. Ordinary Shares,$10.02,0.00,0.00%,0.00,,2026,6,Finance,Blank Checks
VEEV,Veeva Systems Inc. Class A Common Stock,$279.23,-6.46,-2.261%,45209808186.00,United States,2013,1218877,Technology,Computer Software: Prepackaged Software
VEL,Velocity Financial Inc. Common Stock,$17.93,-0.02,-0.111%,707902524.00,United States,2020,114719,Finance,Finance: Consumer Services
VET,Vermilion Energy Inc. Common (Canada),$13.18,0.35,2.728%,2019176000.00,Canada,,2442864,Energy,Oil & Gas Production
VFC,V.F. Corporation Common Stock,$13.09,-0.35,-2.604%,5146131521.00,United States,,7852588,Industrials,Garments and Clothing
VG,Venture Global Inc. Class A common stock,$15.11,0.47,3.21%,37776402979.00,United States,2025,15311598,Utilities,Oil/Gas Transmission
VGI,Virtus Global Multi-Sector Income Fund Common Shares of Beneficial Interest,$7.31,-0.04,-0.544%,0.00,United States,2012,80998,Finance,Investment Managers
VGM,Invesco Trust for Investment Grade Municipals Common Stock (DE),$10.13,-0.24,-2.314%,549369836.00,United States,,152223,Finance,Trusts Except Educational Religious and Charitable
VGNT,Versigent PLC Ordinary Shares,$46.19,-1.21,-2.553%,3271880890.00,United Kingdom,2026,792320,Consumer Discretionary,Auto Parts:O.E.M.
VHI,Valhi Inc. Common Stock,$18.08,-0.61,-3.264%,512047169.00,United States,,9053,Basic Materials,Major Chemicals
VIA,Via Transportation Inc. Class A Common Stock,$27.50,-0.43,-1.54%,2241404358.00,United States,2025,353795,Technology,Computer Software: Prepackaged Software
VICI,VICI Properties Inc. Common Stock,$25.54,-0.11,-0.429%,28121520933.00,United States,2018,12591277,Real Estate,Real Estate Investment Trusts
VII,Viking Acquisition Corp. II Class A Ordinary Shares,$9.84,-0.01,-0.102%,0.00,,2026,65900,,
VIK,Viking Holdings Ltd Ordinary Shares,$85.03,-1.11,-1.289%,37905186896.00,United States,2024,5127209,Consumer Discretionary,Marine Transportation
VIPS,Vipshop Holdings Limited American Depositary Shares each representing two ordinary shares,$13.10,0.00,0.00%,6291544074.00,China,2012,3301103,Consumer Discretionary,Catalog/Specialty Distribution
VIRT,Virtu Financial Inc. Class A Common Stock,$65.32,-0.32,-0.488%,10137678828.00,United States,,758418,Finance,Investment Bankers/Brokers/Service
VIST,Vista Energy S.A.B. de C.V. American Depositary Shares each representing one series A share with no par value,$74.71,3.25,4.548%,8316523103.00,Mexico,2019,1896212,Energy,Oil & Gas Production
VIV,Telefonica Brasil S.A. American Depositary Shares (Each representing One Common Share),$11.59,0.05,0.433%,18518538810.00,Brazil,2020,1534990,Telecommunications,Telecommunications Equipment
VKQ,Invesco Municipal Trust Common Stock,$9.61,-0.10,-1.03%,531774299.00,United States,,201200,Finance,Trusts Except Educational Religious and Charitable
VLN,Valens Semiconductor Ltd. Ordinary Shares,$1.72,-0.06,-3.371%,181103444.00,,,558448,Technology,Semiconductors
VLO,Valero Energy Corporation Common Stock,$361.99,3.07,0.855%,104226861607.00,United States,,2733451,Energy,Integrated oil Companies
VLRS,Controladora Vuela Compania de Aviacion S.A.B. de C.V. American Depositary Shares each representing ten (10) Ordinary Participation Certificates,$6.39,-0.15,-2.294%,742491935.00,,2013,379162,Consumer Discretionary,Air Freight/Delivery Services
VLT,Invesco High Income Trust II,$9.855,-0.025,-0.253%,0.00,United States,1989,21174,Finance,Trusts Except Educational Religious and Charitable
VLTO,Veralto Corp Common Stock ,$97.05,-1.52,-1.542%,23660144035.00,United States,2023,1803162,Industrials,Electrical Products
VMC,Vulcan Materials Company (Holding Company) Common Stock,$259.69,-9.89,-3.669%,33650302731.00,United States,,1672610,Industrials,Mining & Quarrying of Nonmetallic Minerals (No Fuels)
VMI,Valmont Industries Inc. Common Stock,$467.96,-1.70,-0.362%,9033901350.00,United States,,147896,Industrials,Metal Fabrications
VMO,Invesco Municipal Opportunity Trust Common Stock,$9.53,-0.16,-1.651%,642709728.00,United States,,249022,Finance,Trusts Except Educational Religious and Charitable
VMRK,Vivmark Residential Common Shares of Beneficial Interest,$65.28,0.14,0.215%,51408000000.00,United States,,5556492,Real Estate,Real Estate Investment Trusts
VNO,Vornado Realty Trust Common Stock,$36.65,-0.73,-1.953%,6843307461.00,United States,,1227811,Real Estate,Real Estate Investment Trusts
VNO^L,Vornado Realty Trust Pfd Ser L %,$17.37,-0.23,-1.307%,,United States,,23570,,
VNO^M,Vornado Realty Trust 5.25% Series M Cumulative Redeemable Preferred Shares of Beneficial Interest liquidation preference $25.00 per share no par value per share,$17.50,-0.10,-0.568%,,United States,,10434,,
VNO^N,Vornado Realty Trust 5.25% Series N Cumulative Redeemable Preferred Shares of Beneficial Interest liquidation preference $25.00 per share,$17.22,-0.21,-1.205%,,United States,,3081,,
VNO^O,Vornado Realty Trust 4.45% Series O Cumulative Redeemable Preferred Shares Liquidation Preference $25.00 Per Share,$14.33,-0.21,-1.444%,,United States,,19096,,
VNT,Vontier Corporation Common Stock ,$31.84,-0.37,-1.149%,4304768000.00,United States,2020,997007,Industrials,Industrial Machinery/Components
VOC,VOC Energy Trust Units of Beneficial Interest,$3.40,0.02,0.592%,57800000.00,United States,2011,63785,Energy,Oil & Gas Production
VOYA,Voya Financial Inc. Common Stock,$101.05,-0.27,-0.266%,9154761066.00,United States,2013,885667,Finance,Life Insurance
VOYA^B,Voya Financial Inc. Depositary Shares each representing a 1/40th interest in a share of 5.35% Fixed-Rate Reset Non-Cumulative Preferred Stock Series B,$23.44,0.00,0.00%,,United States,,14875,,
VOYG,Voyager Technologies Inc. Class A Common Stock,$32.96,-0.67,-1.992%,2042457304.00,United States,2025,1126722,Industrials,Military/Government/Technical
VPG,Vishay Precision Group Inc. Common Stock,$60.45,-1.36,-2.20%,805219994.00,United States,,337276,Technology,Electrical Products
VPV,Invesco Pennsylvania Value Municipal Income Trust Common Stock (DE),$11.16,-0.08,-0.712%,265937711.00,United States,,46299,Finance,Trusts Except Educational Religious and Charitable
VRT,Vertiv Holdings LLC Class A Common Stock,$255.97,-2.75,-1.063%,98545422643.00,United States,2018,4279313,Technology,Industrial Machinery/Components
VRTS,Virtus Investment Partners Inc. Common Stock,$160.00,-5.50,-3.323%,1059630400.00,United States,,119781,Finance,Investment Managers
VSH,Vishay Intertechnology Inc. Common Stock,$29.63,-0.80,-2.629%,4544624718.00,United States,,6350891,Technology,Electrical Products
VST,Vistra Corp. Common Stock,$138.08,0.71,0.517%,46344507726.00,United States,,4288754,Utilities,Electric Utilities: Central
VSTS,Vestis Corporation Common Stock,$12.13,-0.38,-3.038%,1603102074.00,United States,2023,1245460,Consumer Discretionary,Consumer Specialties
VSXY,Victorias Secret & Co. Common Stock ,$84.17,-1.24,-1.452%,6690818072.00,United States,2021,1526683,Consumer Discretionary,Clothing/Shoe/Accessory Stores
VTEX,VTEX Class A Common Shares,$3.61,0.01,0.278%,624506459.00,United Kingdom,2021,524382,Technology,Computer Software: Prepackaged Software
VTMX,Corporacion Inmobiliaria Vesta S.A.B de C.V. American Depositary Shares each representing ten (10) Common Shares,$34.22,-0.20,-0.581%,3026712598.00,,2023,108812,Finance,Real Estate
VTN,Invesco Trust for Investment Grade New York Municipals Common Stock,$10.5928,-0.1172,-1.094%,206411078.00,United States,,40811,Finance,Finance Companies
VTOL,Bristow Group Inc. Common Stock,$45.35,-0.04,-0.088%,1344264700.00,United States,,357303,Consumer Discretionary,Transportation Services
VTR,Ventas Inc. Common Stock,$92.07,0.90,0.987%,47226971273.00,United States,,3352354,Real Estate,Real Estate Investment Trusts
VTS,Vitesse Energy Inc. Common Stock,$17.64,0.15,0.858%,742720152.00,United States,2023,522262,Energy,Oil & Gas Production
VVR,Invesco Senior Income Trust Common Stock (DE),$2.92,-0.03,-1.017%,0.00,United States,1998,772323,Finance,Trusts Except Educational Religious and Charitable
VVV,Valvoline Inc. Common Stock,$31.84,-0.22,-0.686%,4062351549.00,United States,2016,1857959,Industrials,Major Chemicals
VVX,V2X Inc. Common Stock,$77.45,0.29,0.376%,2427697977.00,United States,2014,643577,Consumer Discretionary,Diversified Commercial Services
VYX,NCR Voyix Corporation Common Stock,$8.74,0.36,4.296%,1206730909.00,United States,,4159527,Miscellaneous,Office Equipment/Supplies/Services
VZ,Verizon Communications Inc. Common Stock,$50.30,0.28,0.56%,208985192661.00,United States,,20187706,Telecommunications,Telecommunications Equipment
W,Wayfair Inc. Class A Common Stock,$93.88,-5.39,-5.43%,12858562412.00,United States,2014,2865680,Consumer Discretionary,Catalog/Specialty Distribution
WAB,Westinghouse Air Brake Technologies Corporation Common Stock,$279.80,-6.13,-2.144%,47261256110.00,United States,,1005034,Industrials,Railroads
WAL,Western Alliance Bancorporation Common Stock (DE),$77.26,-0.87,-1.114%,8429132753.00,United States,2005,1212224,Finance,Major Banks
WAL^A,Western Alliance Bancorporation Depositary Shares Each Representing a 1/400th Interest in a Share of 4.250% Fixed-Rate Non-Cumulative Perpetual Preferred Stock Series A,$24.80,-0.03,-0.121%,,United States,,14191,,
WAT,Waters Corporation Common Stock,$405.84,-8.79,-2.12%,39873013368.00,United States,1995,517425,Industrials,Biotechnology: Laboratory Analytical Instruments
WBI,WaterBridge Infrastructure LLC Class A Shares Representing Limited Liability Company Interests,$32.63,0.83,2.61%,4028376100.00,,2025,722267,Energy,Oilfield Services/Equipment
WBX,Wallbox N.V. Class A Ordinary Shares,$2.94,-0.07,-2.326%,70239831.00,Spain,,5573,Consumer Discretionary,Industrial Specialties
WCC,WESCO International Inc. Common Stock,$332.00,-8.40,-2.468%,16179307528.00,United States,1999,528199,Consumer Discretionary,Telecommunications Equipment
WCN,Waste Connections Inc. Common Shares,$163.89,-1.43,-0.865%,41828829839.00,Canada,,1104377,Utilities,Environmental Services
WD,Walker & Dunlop Inc Common Stock,$40.27,-0.26,-0.642%,1382297751.00,United States,2010,360721,Finance,Finance: Consumer Services
WDH,Waterdrop Inc. American Depositary Shares (each representing the right to receive 10 Class A Ordinary Shares),$0.9759,-0.0091,-0.924%,350642776.00,Cayman Islands,2021,208337,Finance,Specialty Insurers
WDI,Western Asset Diversified Income Fund Common Shares of Beneficial Interest,$12.75,-0.12,-0.932%,0.00,United States,2021,280746,Finance,Trusts Except Educational Religious and Charitable
WDS,Woodside Energy Group Limited American Depositary Shares each representing one Ordinary Share,$23.90,0.62,2.663%,45436293418.00,Australia,2022,698172,Energy,Oil & Gas Production
WEA,Western Asset Bond Fund Share of Beneficial Interest,$10.40,-0.08,-0.763%,0.00,United States,2002,65576,Finance,Trusts Except Educational Religious and Charitable
WEAV,Weave Communications Inc. Common Stock,$7.30,-0.01,-0.137%,583993569.00,United States,2021,4200344,Technology,Computer Software: Prepackaged Software
WEC,WEC Energy Group Inc. Common Stock,$106.20,0.03,0.028%,34605204475.00,United States,,2361073,Utilities,Power Generation
WELL,Welltower Inc. Common Stock,$240.42,4.18,1.769%,173281501119.00,United States,,3416854,Real Estate,Real Estate Investment Trusts
WENC,West Enclave Merger Corp. Ordinary Shares,$10.01,0.01,0.10%,0.00,,2026,18277,Finance,Blank Checks
WES,Western Midstream Partners LP Common Units Representing Limited Partner Interests,$48.99,0.89,1.85%,20241423311.00,United States,2012,891497,Utilities,Natural Gas Distribution
WEX,WEX Inc. common stock,$188.70,-1.88,-0.986%,6431199996.00,United States,,474565,Consumer Discretionary,Business Services
WF,Woori Financial Group Inc. American Depositary Shares (each representing three (3) shares of Common Stock),$74.35,1.21,1.654%,18117579450.00,South Korea,,98904,Finance,Commercial Banks
WFC,Wells Fargo & Company Common Stock,$87.04,0.65,0.752%,263208902205.00,United States,,19319595,Finance,Major Banks
WFC^A,Wells Fargo & Company Depositary Shares each representing a 1/1000th interest in a share of Non-Cumulative Perpetual Class A Preferred Stock Series AA,$17.37,-0.19,-1.082%,,United States,,265072,,
WFC^C,Wells Fargo & Company Depositary Shares each representing a 1/1000th interest in a share of Non-Cumulative Perpetual Class A Preferred Stock Series CC,$16.20,-0.19,-1.159%,,United States,,139712,,
WFC^D,Wells Fargo & Company Depositary Shares each representing a 1/1000th interest in  a share of Non-Cumulative Perpetual Class A Preferred Stock Series DD,$15.88,-0.19,-1.182%,,United States,,125850,,
WFC^L,Wells Fargo & Company 7.50% Non-Cumulative Perpetual Convertible Class A Preferred Stock Series L,$1144.11,0.09,0.008%,,United States,,10126,,
WFC^Y,Wells Fargo & Company Depositary Shares each representing a 1/1000th interest in a share of Non-Cumulative Perpetual Class A Preferred Stock Series Y,$22.03,-0.19,-0.855%,,United States,,94976,,
WFC^Z,Wells Fargo & Company Depositary Shares each representing a 1/1000th interest in a share of Non-Cumulative Perpetual Class A Preferred Stock Series Z,$17.64,-0.18,-1.01%,,United States,,319778,,
WFG,West Fraser Timber Co. Ltd Common stock,$66.34,-1.82,-2.67%,5194675551.00,Canada,2021,382858,Basic Materials,Forest Products
WGO,Winnebago Industries Inc. Common Stock,$29.33,-0.76,-2.526%,829126632.00,United States,,555414,Industrials,Homebuilding
WH,Wyndham Hotels & Resorts Inc. Common Stock ,$71.01,-2.65,-3.598%,5269731773.00,United States,2018,998055,Consumer Discretionary,Hotels/Resorts
WHD,Cactus Inc. Class A Common Stock,$70.69,0.37,0.526%,5667882988.00,United States,2018,1113193,Consumer Discretionary,Oil and Gas Field Machinery
WHG,Westwood Holdings Group Inc Common Stock,$19.26,-0.11,-0.568%,183801108.00,United States,,16858,Finance,Investment Managers
WHK,WhiteHawk Minerals Corp Class A Common Stock,$27.55,0.11,0.401%,758877148.00,,2026,141295,Energy,Oil & Gas Production
WHR,Whirlpool Corporation Common Stock,$37.94,-2.90,-7.101%,2473664401.00,United States,,4595336,Consumer Discretionary,Consumer Electronics/Appliances
WHR^A,Whirlpool Corporation Depositary Shares each representing a 1/20th interest in a share of 8.50% Series A Mandatory Convertible Preferred Stock,$33.10,-1.60,-4.611%,,United States,,325870,,
WIA,Western Asset Inflation-Linked Income Fund,$7.91,0.01,0.127%,0.00,United States,2003,27592,Finance,Trusts Except Educational Religious and Charitable
WIT,Wipro Limited Common Stock,$1.83,-0.02,-1.081%,18123496129.00,India,,8575170,Technology,EDP Services
WIW,Western Asset Inflation-Linked Opportunities & Income Fund,$8.29,-0.01,-0.12%,0.00,United States,2004,177490,Finance,Finance Companies
WK,Workiva Inc. Class A Common Stock,$76.70,-3.30,-4.125%,4173744630.00,United States,2014,842455,Technology,Computer Software: Prepackaged Software
WKC,World Kinect Corporation Common Stock,$35.28,-0.47,-1.315%,1804629154.00,United States,,1522734,Energy,Oil Refining/Marketing
WLK,Westlake Corporation Common Stock,$74.23,-0.84,-1.119%,9486337758.00,United States,2004,577065,Industrials,Major Chemicals
WLKP,Westlake Chemical Partners LP Common Units representing limited partner interests,$21.73,0.09,0.416%,765892951.00,United States,2014,11613,Industrials,Major Chemicals
WLY,John Wiley & Sons Inc. Common Stock,$52.39,0.00,0.00%,2659504480.00,United States,,531538,Consumer Discretionary,Books
WLYB,John Wiley & Sons Inc. Common Stock,$52.94,-1.24,-2.289%,2687424455.00,United States,,633,Consumer Discretionary,Books
WM,Waste Management Inc. Common Stock,$219.77,0.85,0.388%,87845405988.00,United States,,2186776,Utilities,Environmental Services
WMB,Williams Companies Inc. (The) Common Stock,$75.23,0.18,0.24%,92018888919.00,United States,,7316255,Utilities,Natural Gas Distribution
WMK,Weis Markets Inc. Common Stock,$69.98,-1.07,-1.506%,1731626898.00,United States,,129803,Consumer Staples,Food Chains
WMS,Advanced Drainage Systems Inc. Common Stock,$130.75,-4.98,-3.669%,9859248467.00,United States,2014,514965,Consumer Discretionary,Containers/Packaging
WNC,Wabash National Corporation Common Stock,$12.77,-0.72,-5.337%,520213699.00,United States,1991,700086,Industrials,Construction/Ag Equipment/Trucks
WOLF,Wolfspeed Inc. Common Stock New,$26.31,-1.09,-3.978%,1394308869.00,United States,2025,5560174,Technology,Semiconductors
WOR,Worthington Enterprises Inc. Common Shares,$56.74,-0.70,-1.219%,2776105724.00,United States,,268503,Industrials,Steel/Iron Ore
WPAC,White Pearl Acquisition Corp. Class A Ordinary Shares,$10.05,0.01,0.10%,0.00,,2026,5008,Finance,Blank Checks
WPC,W. P. Carey Inc. REIT,$70.16,0.20,0.286%,15983632231.00,United States,,1293830,Real Estate,Real Estate Investment Trusts
WPM,Wheaton Precious Metals Corp Common Shares (Canada),$144.93,-5.90,-3.912%,65821404162.00,Canada,,2650986,Basic Materials,Precious Metals
WPP,WPP plc American Depositary Shares,$24.77,-0.81,-3.167%,5344386891.00,Ireland,,457248,Consumer Discretionary,Advertising
WRB,W.R. Berkley Corporation Common Stock,$67.72,0.16,0.237%,25139528264.00,United States,,1750160,Finance,Property-Casualty Insurers
WRB^E,W.R. Berkley Corporation 5.70% Subordinated Debentures due 2058,$20.69,0.05,0.242%,,United States,,21259,,
WRB^F,W.R. Berkley Corporation 5.10% Subordinated Debentures due 2059,$17.98,-0.02,-0.111%,,United States,,42079,,
WRB^G,W.R. Berkley Corporation 4.25% Subordinated Debentures due 2060,$15.6774,0.1074,0.69%,,United States,,3164,,
WRB^H,W.R. Berkley Corporation 4.125% Subordinated Debentures due 2061,$15.15,0.04,0.265%,,United States,,37298,,
WRBY,Warby Parker Inc. Class A Common Stock,$24.19,-0.41,-1.667%,2990078826.00,United States,2021,2001274,Health Care,Ophthalmic Goods
WS,Worthington Steel Inc. Common Shares,$34.01,-0.44,-1.277%,1732694512.00,United States,2023,268031,Industrials,Steel/Iron Ore
WSM,Williams-Sonoma Inc. Common Stock (DE),$222.12,-6.13,-2.686%,26161109907.00,United States,,1186946,Consumer Discretionary,Home Furnishings
WSO,Watsco Inc. Common Stock,$314.98,5.16,1.665%,12993616066.00,United States,,730857,Consumer Discretionary,Industrial Machinery/Components
WSO/B,Watsco Inc.,$316.05,0.00,0.00%,,United States,,17,,
WST,West Pharmaceutical Services Inc. Common Stock,$338.65,-2.46,-0.721%,23832751801.00,United States,,483049,Health Care,Medical/Dental Instruments
WT,WisdomTree Inc. Common Stock,$24.46,0.40,1.663%,3705986235.00,United States,2022,2825636,Finance,Investment Bankers/Brokers/Service
WTI,W&T Offshore Inc. Common Stock,$3.85,0.14,3.774%,581130365.00,United States,2005,3234677,Energy,Oil & Gas Production
WTM,White Mountains Insurance Group Ltd. Common Stock,$2098.96,-3.05,-0.145%,5009631910.00,United States,,22133,Finance,Property-Casualty Insurers
WTRG,Essential Utilities Inc. Common Stock,$41.11,-0.06,-0.146%,11666138452.00,United States,,2058698,Utilities,Water Supply
WTS,Watts Water Technologies Inc. Class A Common Stock,$355.74,-10.01,-2.737%,11875686207.00,United States,1986,207706,Industrials,Metal Fabrications
WTTR,Select Water Solutions Inc. Class A common stock,$20.07,0.57,2.923%,2779310318.00,United States,2017,1657477,Energy,Oilfield Services/Equipment
WU,Western Union Company (The) Common Stock,$7.06,-0.10,-1.397%,2201865606.00,United States,,10775751,Consumer Discretionary,Business Services
WWW,Wolverine World Wide Inc. Common Stock,$19.33,-0.40,-2.027%,1586342333.00,United States,,751539,Consumer Discretionary,Shoe Manufacturing
WY,Weyerhaeuser Company Common Stock,$23.38,0.01,0.043%,16850807680.00,United States,,5056424,Real Estate,Real Estate Investment Trusts
XFLH,XFLH Capital Corporation Ordinary Shares,$10.05,0.01,0.10%,0.00,,2026,543,Finance,Blank Checks
XFLT,XAI Floating Rate & Alternative Income Trust Common Shares of Beneficial Interest,$18.91,0.05,0.265%,670709940.00,United States,2017,88883,Finance,Investment Managers
XHR,Xenia Hotels & Resorts Inc. Common Stock,$18.29,-0.46,-2.453%,1687176322.00,United States,2015,852298,Consumer Discretionary,Hotels/Resorts
XIFR,XPLR Infrastructure LP Common Units representing limited partner interests,$11.73,-0.27,-2.25%,1105819885.00,United States,2014,929946,Utilities,Electric Utilities: Central
XOM,ExxonMobil Holdings Corporation Common Stock,$164.55,3.60,2.237%,676615113018.00,United States,,11377815,Energy,Integrated oil Companies
XPER,Xperi Inc. Common Stock ,$5.80,-0.14,-2.357%,282876568.00,United States,2022,537991,Technology,Computer Software: Prepackaged Software
XPEV,XPeng Inc. American depositary shares each representing two Class A ordinary shares,$11.17,-0.19,-1.673%,10676613281.00,China,2020,5343297,Industrials,Auto Manufacturing
XPO,XPO Inc. Common Stock,$185.09,-8.90,-4.588%,21671533807.00,United States,,1254016,Consumer Discretionary,Transportation Services
XPOF,Xponential Fitness Inc. Class A Common Stock,$5.03,-0.42,-7.706%,248099720.00,United States,2021,514506,Consumer Discretionary,Services-Misc. Amusement & Recreation
XPRO,Expro Ltd Ordinary Shares,$17.62,-0.50,-2.759%,1998024886.00,Cayman Islands,,699313,Energy,Oilfield Services/Equipment
XRN,Chiron Real Estate Inc. Common Stock,$36.94,0.44,1.205%,489005440.00,United States,2016,136287,Real Estate,Real Estate Investment Trusts
XRN^A,Chiron Real Estate Inc. Series A Cumulative Redeemable Preferred Stock,$24.815,-0.055,-0.221%,,United States,,2189,,
XRN^B,Chiron Real Estate Inc. 8.00% Series B Cumulative Redeemable Preferred Stock $0.001 par value per share,$25.4964,0.00,0.00%,,United States,,253,,
XXI,Twenty One Capital Inc. Class A Common Stock,$5.79,-0.33,-5.392%,3256135165.00,,2025,804677,Finance,Finance: Consumer Services
XYF,X Financial American Depositary Shares each representing six Class A Ordinary Shares,$5.54,-0.16,-2.807%,303496934.00,Cayman Islands,2018,74994,Finance,Finance: Consumer Services
XYL,Xylem Inc. Common Stock New,$106.89,-3.22,-2.924%,24957405335.00,United States,2011,1882805,Industrials,Fluid Controls
XYZ,Block Inc. Class A Common Stock,$77.88,-4.14,-5.048%,46789914600.00,United States,2015,5157050,Technology,Computer Software: Prepackaged Software
XZO,Exzeo Group Inc. Common Stock,$16.55,-0.23,-1.371%,1490921943.00,,2025,157372,Technology,Computer Software: Prepackaged Software
YALA,Yalla Group Limited American Depositary Shares each representing one Class A Ordinary Share,$5.44,-0.05,-0.911%,825949689.00,United Arab Emirates,2020,493784,Technology,Computer Software: Programming Data Processing
YCY,AA Mission Acquisition Corp. II Class A Ordinary Shares,$10.27,0.00,0.00%,0.00,,2025,161987,,
YELP,Yelp Inc. Common Stock,$22.35,0.00,0.00%,1212791929.00,United States,2012,1044869,Consumer Discretionary,Other Consumer Services
YETI,YETI Holdings Inc. Common Stock,$40.16,-0.89,-2.168%,2931230047.00,United States,2018,1507207,Consumer Discretionary,Recreational Games/Products/Toys
YEXT,Yext Inc. Common Stock,$6.53,-0.24,-3.545%,654620197.00,United States,2017,2899199,Technology,EDP Services
YMM,Full Truck Alliance Co. Ltd. American Depositary Shares (each representing 20 Class A Ordinary Shares),$8.51,0.04,0.472%,8829502240.00,China,2021,7913446,Technology,Computer Software: Prepackaged Software
YOU,Clear Secure Inc. Class A Common Stock,$42.97,-1.18,-2.673%,5813328884.00,United States,2021,1804363,Technology,Computer Software: Prepackaged Software
YPF,YPF Sociedad Anonima American Depositary Shares,$52.46,0.88,1.706%,20633189121.00,Argentina,1993,903543,Energy,Integrated oil Companies
YRD,Yiren Digital Ltd. American Depositary Shares each representing two ordinary shares,$0.984,-0.026,-2.574%,86088646.00,China,2015,63120,Finance,Finance: Consumer Services
YSG,Yatsen Holding Limited American Depositary Shares each representing twenty (20) Class A Ordinary Shares,$2.66,-0.09,-3.273%,249681969.00,China,,42205,Consumer Discretionary,Package Goods/Cosmetics
YSS,York Space Systems Inc. Common Stock,$8.82,-0.27,-2.97%,1211494076.00,,2026,2508527,Industrials,Military/Government/Technical
YUM,Yum! Brands Inc.,$152.03,-1.28,-0.835%,41489151953.00,United States,,1599141,Consumer Discretionary,Restaurants
YUMC,Yum China Holdings Inc. Common Stock,$44.88,0.27,0.605%,15369521144.00,United States,2016,1109646,Consumer Discretionary,Restaurants
ZBH,Zimmer Biomet Holdings Inc. Common Stock,$99.40,-0.64,-0.64%,18959326287.00,United States,,1393338,Health Care,Industrial Specialties
ZEPP,Zepp Health Corporation American depositary shares each representing sixteen Class A ordinary shares,$4.50,-0.32,-6.639%,65992415.00,China,,62810,Technology,Computer Manufacturing
ZETA,Zeta Global Holdings Corp. Class A Common Stock,$31.56,0.59,1.905%,7921989374.00,United States,2021,13860991,Technology,Computer Software: Prepackaged Software
ZGN,Ermenegildo Zegna N.V. Ordinary Shares,$13.04,-0.54,-3.976%,3498789132.00,,2021,1040983,Consumer Discretionary,Apparel
ZH,Zhihu Inc. American Depositary Shares each representing three (3) Class A Ordinary Shares,$2.61,-0.15,-5.435%,231728234.00,China,,509646,Consumer Discretionary,Business Services
ZIM,ZIM Integrated Shipping Services Ltd. Ordinary Shares,$27.01,-0.39,-1.423%,3253784175.00,,2021,923122,Consumer Discretionary,Marine Transportation
ZIP,ZipRecruiter Inc. Class A Common Stock,$4.13,-0.13,-3.052%,339594053.00,United States,2021,1086325,Technology,Computer Software: Programming Data Processing
ZKH,ZKH Group Limited American Depositary Shares each representing thirty-five (35) Class A Ordinary Shares,$2.93,0.01,0.342%,465633599.00,Cayman Islands,2023,192010,Consumer Discretionary,RETAIL: Building Materials
ZTO,ZTO Express (Cayman) Inc. American Depositary Shares each representing one Class A ordinary share.,$21.06,-0.11,-0.52%,16214108595.00,China,2016,2233833,Industrials,Trucking Freight/Courier Services
ZTR,Virtus Total Return Fund Inc.,$6.77,0.00,0.00%,0.00,United States,1988,44516,Finance,Investment Managers
ZTS,Zoetis Inc. Class A Common Stock,$77.25,0.15,0.195%,31921523255.00,United States,2013,4000750,Health Care,Biotechnology: Pharmaceutical Preparations
ZVIA,Zevia PBC Class A Common Stock,$1.38,-0.03,-2.128%,106736653.00,United States,2021,132963,Consumer Staples,Beverages (Production/Distribution)
ZWS,Zurn Elkay Water Solutions Corporation Common Stock,$46.64,-1.16,-2.427%,7735901484.00,United States,2012,929185,Industrials,Industrial Machinery/Components
